Topology,DemandFile,TotalTime,pre-opt-uMax,post-opt-uMax
Aarnet,0000,1800.160860635,1.226691525,0.8999912
Aarnet,0001,1800.020891346,0.9335895,0.8999904
Aarnet,0002,1800.07650427,1.25085615,0.9000158
Aarnet,0003,1800.09441957,1.060537775,0.8999904
Aarnet,0004,1800.08760908,1.1249961,0.9000095
Abilene,0000,1800.007458431,1.2770134819878471,0.9000167281539352
Abilene,0001,1800.039969979,1.3379562817483281,0.899999497653035
Abilene,0002,1800.020863351,1.1369629408596964,0.9000582471305941
Abilene,0003,1800.018454306,1.104416333108282,0.9000414436246142
Abilene,0004,1800.021954667,1.2470709655510546,0.9068785365226337
Abvt,0000,1800.294573089,0.9851180833333334,0.8999675
Abvt,0001,1800.026044618,1.0218915833333333,0.8999705
Abvt,0002,1800.052980649,1.25897425,0.899968
Abvt,0003,1800.066380923,1.0832241666666664,0.899971
Abvt,0004,1800.278807093,1.1959341666666665,0.899966
Aconet,0000,1800.330174365,1.092930113207547,0.9000005283018868
Aconet,0001,1800.083216953,0.9427636981132076,0.8999996226415095
Aconet,0002,1800.49786404,1.1188276981132075,0.8999978867924529
Aconet,0003,1800.049388437,1.013566641509434,0.9000027169811321
Aconet,0004,1800.632070598,1.0244360754716981,0.9000257358490567
Agis,0000,1800.022173005,1.3252451612903227,0.9029555555555555
Agis,0001,1800.215992444,1.372232258064516,0.9916222222222222
Agis,0002,1800.356246853,1.2767322580645162,0.9231677419354839
Agis,0003,1800.032447232,1.2994354838709676,0.9007777777777778
Agis,0004,1800.009175796,1.3048483870967742,0.9067806451612903
Ai3,0000,1800.001979133,0.899993,0.899993
Ai3,0001,1800.029583563,0.899994,0.899994
Ai3,0002,1800.030095942,0.899992,0.899992
Ai3,0003,1800.025911369,0.899993,0.899993
Ai3,0004,1800.006300652,0.899991,0.899991
Airtel,0000,1800.335376362,1.6175426666666666,1.07817
Airtel,0001,1800.228212651,1.1332566000000002,0.9602471666666667
Airtel,0002,1800.038363619,1.796209571428571,1.267923
Airtel,0003,1800.247869317,2.277398285714286,1.305861
Airtel,0004,1800.022745124,1.3525703333333334,0.935789
Amres,0000,1800.551766779,0.899929,0.899929
Amres,0001,1800.509674163,0.899926,0.899926
Amres,0002,1800.20755697,0.899926,0.899926
Amres,0003,1800.395334811,0.899926,0.899926
Amres,0004,1800.08960799,0.899943,0.899943
Ans,0000,1800.036731679,1.2010194444444444,0.9012666666666667
Ans,0001,1800.012674664,1.366475,0.9104888888888889
Ans,0002,1800.124241944,1.1603055555555555,0.9001333333333333
Ans,0003,1800.030264043,1.1101583333333334,0.9003111111111111
Ans,0004,1800.007904488,1.4288194444444444,0.9007111111111111
Arn,0000,1800.735277956,0.8964583333333334,0.8964583333333334
Arn,0001,1800.052919523,0.89675,0.89675
Arn,0002,1801.034025222,0.8967916666666667,0.8967916666666667
Arn,0003,1800.310688697,0.8964583333333334,0.8964583333333334
Arn,0004,1800.598107779,0.8967916666666667,0.8967916666666667
Arnes,0000,1800.44404439,1.540467375,0.941709375
Arnes,0001,1802.114574907,1.3326455,0.98626525
Arnes,0002,1800.338396192,1.297558375,0.905296
Arnes,0003,1800.259340454,1.512011875,0.9590365
Arnes,0004,1800.629780114,1.083160375,0.92769525
Arpanet196912,0000,1800.00206365,0.962446,0.962446
Arpanet196912,0001,1800.002434712,1.2433,1.178348
Arpanet196912,0002,1800.003660779,0.956687,0.956687
Arpanet196912,0003,1800.000325508,1.052865,1.052865
Arpanet196912,0004,1800.002254526,1.470942,1.064527
Arpanet19706,0000,1800.014630153,0.899989,0.899989
Arpanet19706,0001,1800.007530129,0.899991,0.899991
Arpanet19706,0002,1800.017254158,0.931959,0.899989
Arpanet19706,0003,1800.008175774,0.899991,0.899991
Arpanet19706,0004,1800.022325601,0.899991,0.899991
Arpanet19719,0000,1800.074340935,0.95448175,0.899983
Arpanet19719,0001,1800.094523386,1.2369775,0.899979
Arpanet19719,0002,1800.194926485,1.0865745,0.8999795
Arpanet19719,0003,1800.238972752,0.937374,0.89998
Arpanet19719,0004,1800.203193793,0.988302,0.89999
Arpanet19723,0000,1800.311217911,0.998438,0.899961
Arpanet19723,0001,1800.264345175,1.05999325,0.899965
Arpanet19723,0002,1800.00771542,0.92398775,0.899965
Arpanet19723,0003,1800.366904856,0.9255245,0.89996
Arpanet19723,0004,1800.053337531,1.0445805,0.8999705
Arpanet19728,0000,1800.463960882,1.160817,0.90072
Arpanet19728,0001,1800.460460614,1.18464275,0.900183
Arpanet19728,0002,1800.722055763,1.1961195,0.900368
Arpanet19728,0003,1800.042841352,1.118897,0.9130815
Arpanet19728,0004,1800.305375143,1.23155525,0.900047
AsnetAm,0000,1807.07436796,1.137118625,0.899725
AsnetAm,0001,1806.740490367,1.21302925,0.899732
AsnetAm,0002,1801.073217643,1.640686375,0.899717
AsnetAm,0003,1806.153352008,1.247585625,0.899718
AsnetAm,0004,1806.534998342,2.3302665,1.1573460000000002
Atmnet,0000,1800.056786563,1.2319,0.8998322580645162
Atmnet,0001,1800.128400313,1.0528870967741935,0.8998354838709678
Atmnet,0002,1800.05252393,1.1880645161290322,0.8998612903225807
Atmnet,0003,1800.017631455,1.1654483870967742,0.8998548387096774
Atmnet,0004,1800.252340829,1.2062612903225807,0.8998322580645162
AttMpls,0000,1800.159050504,1.8143539944444442,1.086843
AttMpls,0001,1800.381282826,2.033677,1.102628
AttMpls,0002,1800.517543547,1.8807044375000002,1.1969315
AttMpls,0003,1800.143286222,1.70808515,1.076751
AttMpls,0004,1800.016538075,1.5650365624999998,0.9904035
Azrena,0000,1800.36606382,0.89996,0.89996
Azrena,0001,1800.249993616,0.899949,0.899949
Azrena,0002,1800.457735298,0.899956,0.899956
Azrena,0003,1800.360007997,0.899946,0.899946
Azrena,0004,1800.077876781,0.899962,0.899962
Bandcon,0000,1800.325413354,1.341786,0.899983
Bandcon,0001,1800.311979051,1.36596225,0.89997525
Bandcon,0002,1800.132951868,1.3554525,0.899977
Bandcon,0003,1800.055664548,1.415791,0.900032
Bandcon,0004,1800.07025568,1.4376165,0.8999905
Basnet,0000,1800.001550784,0.8997419354838709,0.8997419354838709
Basnet,0001,1800.005183169,0.8996129032258064,0.8996129032258064
Basnet,0002,1800.00258484,0.8996129032258064,0.8996129032258064
Basnet,0003,1800.00589425,0.8996129032258064,0.8996129032258064
Basnet,0004,1800.001486802,0.8997419354838709,0.8997419354838709
Bbnplanet,0000,1800.175539955,0.9072666666666667,0.8995555555555556
Bbnplanet,0001,1800.068542096,1.1592555555555555,0.8993722222222222
Bbnplanet,0002,1800.464222783,1.4006333333333334,0.8996777777777778
Bbnplanet,0003,1800.215784242,1.3306,0.8997222222222222
Bbnplanet,0004,1800.19943302,1.3677777777777778,0.8989888888888888
Bellcanada,0000,1800.291797747,1.469394,0.899919
Bellcanada,0001,1803.839374638,1.452509,0.899917
Bellcanada,0002,1800.057285089,1.337146,0.902023
Bellcanada,0003,1801.493584329,1.599112,0.912358
Bellcanada,0004,1801.891847421,1.690513,0.9255595
Bellsouth,0000,1801.680958106,1.347594,0.899881
Bellsouth,0001,1802.226364885,1.26125,0.899906
Bellsouth,0002,1801.235166441,1.3044885,0.899886
Bellsouth,0003,1801.732387804,0.98382675,0.899881
Bellsouth,0004,1800.315798645,1.302733,0.899924
Belnet2003,0000,1800.127306721,2.4653276,1.0167480800000002
Belnet2003,0001,1800.215294005,3.254952,0.89998
Belnet2003,0002,1800.036179907,3.0215004,1.0550282
Belnet2003,0003,1800.109363678,0.916029,0.89999
Belnet2003,0004,1800.386658234,2.902152,1.0325922666666667
Belnet2004,0000,1800.525008026,3.1735944,0.9210016
Belnet2004,0001,1800.546134996,1.3974256,1.1211478
Belnet2004,0002,1800.227069107,2.3108296,1.0782988
Belnet2004,0003,1800.490783732,2.162098,0.90002
Belnet2004,0004,1800.340208924,2.3697644,1.0891904
Belnet2005,0000,1800.452002306,1.4111804,0.9409120833333332
Belnet2005,0001,1800.067366018,1.1906645,0.90383185
Belnet2005,0002,1800.046805995,1.2158712,0.9013983
Belnet2005,0003,1800.372168526,1.2810081599999998,1.0284508
Belnet2005,0004,1800.474736596,2.289784,0.9945856
Belnet2006,0000,1800.346572466,1.2965656,1.1247588
Belnet2006,0001,1800.316666872,4.255964,1.2133916
Belnet2006,0002,1800.033262328,1.2887648,0.9897366
Belnet2006,0003,1800.459491882,1.5105060799999999,0.9723916
Belnet2006,0004,1800.287199605,1.1661184,0.9207359
Belnet2007,0000,1800.121970766,1.1494772333333334,0.8999785
Belnet2007,0001,1800.135756364,0.9385210000000002,0.9000095
Belnet2007,0002,1800.269295778,1.00183,0.8999809999999999
Belnet2007,0003,1800.130732833,1.0348047,0.8999975
Belnet2007,0004,1800.177312579,1.035574,0.899983
Belnet2008,0000,1800.429788757,1.2397826666666665,0.8999828333333334
Belnet2008,0001,1800.036279209,1.0560538333333334,0.8999786666666666
Belnet2008,0002,1800.059672114,1.074541,0.900001
Belnet2008,0003,1800.03060989,1.289673,0.8999845
Belnet2008,0004,1800.034197526,1.089667,0.8999836666666666
Belnet2009,0000,1800.344672759,1.084957,0.8999785
Belnet2009,0001,1800.084842226,0.947063,0.8999758666666668
Belnet2009,0002,1800.081755359,1.215681,0.8999825
Belnet2009,0003,1800.337999296,1.283664,0.8999773333333334
Belnet2009,0004,1800.294845901,1.0201,0.899979
Belnet2010,0000,1800.035498792,1.1540899,0.899979
Belnet2010,0001,1800.05413114,1.0286833333333332,0.8999755
Belnet2010,0002,1800.487113378,1.145085,0.89998
Belnet2010,0003,1800.040981703,1.2413115,0.899981
Belnet2010,0004,1800.158297105,1.0544642666666666,0.899982
BeyondTheNetwork,0000,1806.403839004,1.7501338333333332,0.962374
BeyondTheNetwork,0001,1806.407660828,1.54657225,0.943368
BeyondTheNetwork,0002,1800.224255196,1.7911035,0.9373750000000001
BeyondTheNetwork,0003,1800.624464899,1.621687,0.9329925
BeyondTheNetwork,0004,1804.386025815,1.7834481666666668,0.944615
Bics,0000,1800.342727439,1.2632605,0.8999995
Bics,0001,1800.903569666,1.3158485833333335,0.900375
Bics,0002,1801.902743729,1.38308675,1.004373
Bics,0003,1801.02520551,1.6981397083333332,0.903284
Bics,0004,1800.795808664,1.196041,0.90365
Biznet,0000,1800.218065484,1.4155365,0.9265005
Biznet,0001,1800.14553297,1.4623185,0.900382
Biznet,0002,1800.100040182,1.365356,0.8999495
Biznet,0003,1800.437147633,1.3349685,0.967102
Biznet,0004,1800.274737077,1.182884,0.900005
Bren,0000,1801.517910967,1.2409185393258426,1.088558988764045
Bren,0001,1800.834406425,1.475925561797753,1.0715926966292135
Bren,0002,1801.138702507,1.5919620786516855,0.9743707865168539
Bren,0003,1800.022380333,1.1627415730337078,0.9108426966292135
Bren,0004,1800.450656714,1.112913,0.9319105
BsonetEurope,0000,1800.062576284,1.52069775,0.957503
BsonetEurope,0001,1800.021150389,1.58065575,1.0916028333333334
BsonetEurope,0002,1800.20047075,1.3254543333333333,0.9239485
BsonetEurope,0003,1800.043359791,1.360544875,0.979142
BsonetEurope,0004,1800.046471037,1.5989069583333333,0.953
BtAsiaPac,0000,1800.069591936,1.3668860833333332,1.0204833333333334
BtAsiaPac,0001,1800.060007496,1.3893244166666665,1.000454
BtAsiaPac,0002,1800.235663514,1.6925016666666668,0.945505
BtAsiaPac,0003,1800.38718438,1.2372016666666665,0.968186
BtAsiaPac,0004,1800.213403099,1.3976490833333335,1.123788
BtEurope,0000,1800.309391864,1.77478725,0.943218
BtEurope,0001,1800.153857058,1.8110581666666667,1.1916035
BtEurope,0002,1800.705458747,1.79057175,1.064267
BtEurope,0003,1800.037162062,1.91325225,1.027026
BtEurope,0004,1800.234122294,2.261043083333333,1.0788451666666667
BtLatinAmerica,0000,1800.516086841,0.899748,0.899748
BtLatinAmerica,0001,1801.010701132,0.899738,0.899738
BtLatinAmerica,0002,1800.595151681,0.899758,0.899758
BtLatinAmerica,0003,1803.085890283,0.899746,0.899746
BtLatinAmerica,0004,1800.782235806,0.89975,0.89975
BtNorthAmerica,0000,1801.733838596,1.9001776458333333,1.2049087916666668
BtNorthAmerica,0001,1801.21467379,1.6197473888888891,1.1538485
BtNorthAmerica,0002,1800.164669636,1.8313633194444447,1.2748855
BtNorthAmerica,0003,1803.502052936,1.7371325958333335,1.2177035
BtNorthAmerica,0004,1800.345625543,1.7186296458333334,1.22269175
Canerie,0000,1800.738244868,1.586299,0.900549
Canerie,0001,1800.106487453,1.785087,0.921608
Canerie,0002,1800.343539974,1.4696205,0.9021480000000003
Canerie,0003,1800.21727962,1.477942,0.912496
Canerie,0004,1801.267456031,1.441775,0.901048
Carnet,0000,1801.9414501,0.899842,0.899842
Carnet,0001,1803.436687238,0.899832,0.899832
Carnet,0002,1802.833741847,0.899832,0.899832
Carnet,0003,1801.283545818,0.899839,0.899839
Carnet,0004,1801.982527902,0.899834,0.899834
Cernet,0000,1800.9731799,1.0943850666666666,1.08637311827957
Cernet,0001,1801.209740644,1.1901406809910577,1.01514
Cernet,0002,1801.454362375,1.148285872720749,0.9620548092022796
Cernet,0003,1800.288438299,1.1745741935483873,0.9629792
Cernet,0004,1800.096953499,1.1915709677419357,0.9377322580645161
Cesnet1993,0000,1800.006072259,0.8981666666666667,0.8981666666666667
Cesnet1993,0001,1800.007577336,0.8975,0.8975
Cesnet1993,0002,1800.004728677,0.8975,0.8975
Cesnet1993,0003,1800.031537902,0.8975,0.8975
Cesnet1993,0004,1800.00363256,0.8985,0.8985
Cesnet1997,0000,1800.022106915,0.8994705882352941,0.8994705882352941
Cesnet1997,0001,1800.062485916,0.8995,0.8995
Cesnet1997,0002,1800.053818655,0.8994705882352941,0.8994705882352941
Cesnet1997,0003,1800.041389921,0.8993529411764706,0.8993529411764706
Cesnet1997,0004,1800.006274105,0.8993823529411765,0.8993823529411765
Cesnet1999,0000,1800.050932464,0.8998774193548387,0.8998774193548387
Cesnet1999,0001,1800.050765513,0.8998529411764706,0.8998529411764706
Cesnet1999,0002,1800.005607021,0.89925,0.89925
Cesnet1999,0003,1800.026058025,0.8992258064516129,0.8992258064516129
Cesnet1999,0004,1800.006633317,0.8998529411764706,0.8998529411764706
Cesnet2001,0000,1800.130674959,1.058107012680759,1.0319967741935483
Cesnet2001,0001,1800.270204672,1.058107012680759,1.058107012680759
Cesnet2001,0002,1800.095455024,1.0581092801387684,1.0581092801387684
Cesnet2001,0003,1800.450781451,1.0581002103067303,1.0581002103067303
Cesnet2001,0004,1800.431524837,1.058107012680759,1.0544806451612903
Cesnet200304,0000,1800.273052294,1.2551908,0.9972145
Cesnet200304,0001,1801.149816353,1.2472796,0.940143
Cesnet200304,0002,1800.915864385,1.2539148,1.0020692
Cesnet200304,0003,1800.683527941,1.1600684,0.9016046666666668
Cesnet200304,0004,1801.079107661,1.1423928,0.9337272
Cesnet200511,0000,1800.80021677,1.2846136542231985,0.9369988
Cesnet200511,0001,1801.23995078,1.7667957873254292,0.9791792
Cesnet200511,0002,1800.925542621,1.945118593797022,0.954
Cesnet200511,0003,1801.597595792,1.792963074868874,0.9256424
Cesnet200511,0004,1800.29103898,1.2709561743617392,0.9447928
Cesnet200603,0000,1801.485372072,1.9178591179629694,0.9342398
Cesnet200603,0001,1801.022627509,1.1795198,0.899922
Cesnet200603,0002,1800.237836001,1.7879725402996973,0.9024971167475505
Cesnet200603,0003,1800.051880793,1.551990514667347,0.9515811
Cesnet200603,0004,1800.814063039,2.2697813633235815,0.9049815787458109
Cesnet200706,0000,1800.455532771,2.0310029912565284,0.9727478560044525
Cesnet200706,0001,1800.226270918,2.3009951881682675,1.0155967261632155
Cesnet200706,0002,1803.335707701,2.1404624583784404,0.9643909403920823
Cesnet200706,0003,1802.446676824,2.2026920872585034,0.9565366
Cesnet200706,0004,1801.300962131,2.0275641148663444,0.9753866868584479
Cesnet201006,0000,1804.089865008,2.1718849290034123,0.8999868736825986
Cesnet201006,0001,1802.309689662,2.2618712404929595,0.9013552159559037
Cesnet201006,0002,1800.902266728,2.0829707272946507,0.9099402345540639
Cesnet201006,0003,1806.584026567,2.1447186668952747,0.9648367325238093
Cesnet201006,0004,1803.909488003,2.2037613174209807,0.9024668827590908
Chinanet,0000,1803.811918015,1.67141275,1.190586
Chinanet,0001,1800.192309642,2.072374925,1.31121
Chinanet,0002,1802.137347802,2.58470875,1.287414
Chinanet,0003,1800.735218296,2.10755575,1.09342375
Chinanet,0004,1801.957343881,2.7912255,1.206094
Claranet,0000,1800.001301338,1.211927,1.01187
Claranet,0001,1800.043316257,1.3116705,0.9783625
Claranet,0002,1800.030206919,1.528764,0.962015
Claranet,0003,1800.010802916,1.1580415,0.9274905
Claranet,0004,1800.1266755,1.3471415,0.9013923333333332
Cogentco,0000,1843.222787526,1.6349348958333332,1.226521
Cogentco,0001,1814.095071259,1.701552875,1.1037205
Cogentco,0002,1847.150507101,1.73250228125,1.07496125
Cogentco,0003,1938.178114402,1.7316863125,1.2783760416666665
Cogentco,0004,1924.713840315,1.5546565,1.276871888888889
Colt,0000,1803.110003748,1.3956798333333333,0.8986495
Colt,0001,1810.474854608,1.3935676666666665,0.902923
Colt,0002,1841.297123992,1.4992882499999998,0.9569985
Colt,0003,1828.327483552,1.40006275,0.898653
Colt,0004,1802.50059785,1.3262250833333336,0.8986275
Columbus,0000,1800.779673175,1.1790323333333332,0.90019
Columbus,0001,1800.491671006,1.1835524166666667,0.899731
Columbus,0002,1803.187385633,1.1888399166666666,0.9057
Columbus,0003,1804.3062199,1.1618105,0.899741
Columbus,0004,1802.782852169,1.13419525,0.8997265
Compuserve,0000,1800.060706104,1.8472666666666666,0.9094444444444445
Compuserve,0001,1800.003893664,1.4976055555555556,0.9059555555555555
Compuserve,0002,1800.069599227,1.4103222222222223,0.9204555555555556
Compuserve,0003,1800.036687438,1.5543555555555555,0.9046555555555555
Compuserve,0004,1800.032576747,1.6254166666666667,0.9244111111111111
CrlNetworkServices,0000,1800.262238437,1.6589222222222222,0.8996111111111111
CrlNetworkServices,0001,1800.086702656,1.5505333333333333,0.8986444444444445
CrlNetworkServices,0002,1800.96963194,1.316,0.8986444444444445
CrlNetworkServices,0003,1800.858915286,1.2762,0.8985888888888889
CrlNetworkServices,0004,1800.095956301,1.5500333333333334,0.8986666666666666
Cudi,0000,1802.877388852,0.8998870833333333,0.8998870833333333
Cudi,0001,1803.517356127,0.8999529166666667,0.8999529166666667
Cudi,0002,1805.009127422,0.8998883333333333,0.8998883333333333
Cudi,0003,1802.794585112,0.8998845833333333,0.8998845833333333
Cudi,0004,1802.198827568,0.8998883333333333,0.8998883333333333
Cwix,0000,1800.330220456,1.2188037037037038,0.8994888888888889
Cwix,0001,1800.028249494,1.475014814814815,0.9338444444444445
Cwix,0002,1800.11468978,1.1296314814814814,0.8994444444444445
Cwix,0003,1800.206940472,1.2342,0.9098666666666667
Cwix,0004,1800.048202869,1.1962481481481482,0.9001
Cynet,0000,1800.77117461,0.8994971804511278,0.8994971804511278
Cynet,0001,1800.66961367,0.8994501879699248,0.8994501879699248
Cynet,0002,1800.801555293,0.8994736842105263,0.8994736842105263
Cynet,0003,1800.427500555,0.8995112781954887,0.8995112781954887
Cynet,0004,1800.10047617,0.8994736842105263,0.8994736842105263
Darkstrand,0000,1800.073663454,1.1062745,0.8999535
Darkstrand,0001,1800.645125279,1.1641845,0.899951
Darkstrand,0002,1800.377284774,1.040536,0.899955
Darkstrand,0003,1800.278461962,1.027188,0.899951
Darkstrand,0004,1800.368363679,1.05033225,0.8999515
Dataxchange,0000,1800.01902421,1.0392666666666666,0.9482888888888888
Dataxchange,0001,1800.018532714,1.2840666666666667,1.2840666666666667
Dataxchange,0002,1800.015651779,1.2485555555555556,1.2134444444444445
Dataxchange,0003,1800.004385955,0.98,0.8999333333333334
Dataxchange,0004,1800.010958505,1.432511111111111,1.1257037037037039
Deltacom,0000,1811.356053256,1.5635610119047618,1.15278675
Deltacom,0001,1825.915112437,2.0523256416666666,1.080504
Deltacom,0002,1808.405078918,1.4442378666666666,0.9872375
Deltacom,0003,1851.497796768,1.9189675833333328,1.315591
Deltacom,0004,1832.126263995,1.6976481333333335,1.0097758333333333
DeutscheTelekom,0000,1801.159815688,1.2944341666666666,1.000085
DeutscheTelekom,0001,1800.97968588,1.164138,0.899957
DeutscheTelekom,0002,1800.477516258,0.899957,0.8999569999999999
DeutscheTelekom,0003,1801.170533371,1.5048447291666667,0.899961
DeutscheTelekom,0004,1800.308679397,1.122506,0.89996
Dfn,0000,1801.12114298,1.62296325,0.9733545
Dfn,0001,1801.304629241,2.8167695,1.1947675
Dfn,0002,1801.102658405,2.31072875,1.408471
Dfn,0003,1800.515678805,2.304885,1.295458
Dfn,0004,1801.053172667,2.408236875,1.344062
DialtelecomCz,0000,1850.676951789,1.33365725,0.9439815
DialtelecomCz,0001,1922.722922834,1.54252475,1.019857
DialtelecomCz,0002,1836.94839749,1.4837253333333338,0.95512
DialtelecomCz,0003,1876.333536724,1.41876075,0.913967
DialtelecomCz,0004,1803.169274163,1.3284085,0.9259665
Digex,0000,1800.087033303,0.9579333333333333,0.8988666666666667
Digex,0001,1800.706993522,0.9968888888888889,0.8987888888888889
Digex,0002,1800.014474,0.9690666666666666,0.8988333333333334
Digex,0003,1800.333526355,0.9739259259259259,0.8987555555555555
Digex,0004,1800.029307144,1.0659685185185184,0.8988
Easynet,0000,1800.244595268,1.34183,0.9323
Easynet,0001,1800.017358634,1.3828288333333332,0.986185
Easynet,0002,1800.182424289,1.217687,1.0241475
Easynet,0003,1800.060652867,1.238191,1.1808585
Easynet,0004,1800.126290295,1.628575,0.9856765
Eenet,0000,1800.059040483,0.9539915,0.90423775
Eenet,0001,1800.005207716,0.9539885,0.9316845
Eenet,0002,1800.09789834,0.953989,0.9511435
Eenet,0003,1800.091394697,0.95399,0.926814
Eenet,0004,1800.000786165,0.953991,0.953991
EliBackbone,0000,1800.278139663,1.7986420833333334,0.90084
EliBackbone,0001,1800.180619379,1.4737325416666665,0.900124
EliBackbone,0002,1800.054995287,1.41634225,0.90831
EliBackbone,0003,1800.108605377,1.5861733333333334,0.9231635
EliBackbone,0004,1800.186551605,1.4460605833333333,0.902779
Epoch,0000,1800.01238417,1.2871777777777778,0.9926666666666667
Epoch,0001,1800.004101481,0.9052777777777777,0.9052777777777777
Epoch,0002,1800.007762985,1.1331222222222221,0.9081666666666667
Epoch,0003,1800.009630937,1.369488888888889,0.9564111111111111
Epoch,0004,1800.009127988,0.9845222222222222,0.9473111111111111
Ernet,0000,1800.259892677,1.0134315,0.899951
Ernet,0001,1800.305483661,1.408024,0.899946
Ernet,0002,1800.847083776,1.089705,0.899949
Ernet,0003,1800.478320449,1.1161025,0.899947
Ernet,0004,1800.886013725,1.2797685,0.899949
Esnet,0000,1810.915329621,1.6685343,0.9805602162819974
Esnet,0001,1800.492962251,1.4357969058056954,0.9013786159507815
Esnet,0002,1810.643140691,1.4256552,0.90076575
Esnet,0003,1809.316390513,1.4453048,1.2022982
Esnet,0004,1818.468520796,1.4655845913334329,1.0633493911563874
Eunetworks,0000,1800.040991369,1.278655,0.8999965
Eunetworks,0001,1800.04200388,1.2534535,0.9000015
Eunetworks,0002,1800.014785392,1.2335793333333336,0.8999895
Eunetworks,0003,1800.040496882,0.919964,0.8999875
Eunetworks,0004,1800.03880046,0.9296173333333334,0.899989
Evolink,0000,1800.416966545,1.152552,0.899928
Evolink,0001,1801.390952389,1.2844975,0.8999963333333334
Evolink,0002,1800.410145218,1.188336,0.89993125
Evolink,0003,1801.333660695,1.09149875,0.899928
Evolink,0004,1800.630541795,1.36948475,0.89998775
Fatman,0000,1800.023179541,0.899978,0.899978
Fatman,0001,1800.001963934,0.899977,0.899977
Fatman,0002,1800.140260807,0.899971,0.899971
Fatman,0003,1800.02784748,0.899973,0.899973
Fatman,0004,1800.064342328,0.899973,0.899973
Fccn,0000,1800.358009437,1.528796,1.035538
Fccn,0001,1800.155510152,1.134371,0.899969
Fccn,0002,1800.380852891,1.617752,0.991065
Fccn,0003,1800.202564401,1.685166,0.957354
Fccn,0004,1800.045731248,1.728403,0.9357345
Forthnet,0000,1801.307040351,0.8999888888888888,0.8999888888888888
Forthnet,0001,1806.675172244,1.1628976666666666,0.8999883888888889
Forthnet,0002,1807.842969972,1.3580978888888888,0.8999891111111111
Forthnet,0003,1801.467506603,1.3455797777777778,0.8999876111111111
Forthnet,0004,1801.270829457,1.5063600555555556,0.9231057
Funet,0000,1800.085554963,1.076614,0.89996
Funet,0001,1800.322334964,1.2143715,0.8999565
Funet,0002,1800.201297375,1.2347105,0.8999575
Funet,0003,1800.302632299,1.214491,0.899961
Funet,0004,1800.309185088,1.1610345,0.8999645
Gambia,0000,1800.51267596,0.89968,0.89968
Gambia,0001,1800.595650901,0.89965,0.89965
Gambia,0002,1800.215793139,0.89968,0.89968
Gambia,0003,1800.360091386,0.899655,0.899655
Gambia,0004,1800.757841326,0.89966,0.89966
Garr199901,0000,1800.014646611,1.098765,1.098765
Garr199901,0001,1800.071503524,1.038377,1.038377
Garr199901,0002,1800.005047454,1.199841,1.103554
Garr199901,0003,1800.105631386,1.273288,1.1542123333333332
Garr199901,0004,1800.114775584,1.191545,1.1635795
Garr199904,0000,1800.185803722,1.105567741935484,1.105567741935484
Garr199904,0001,1800.284252477,1.0774903225806451,1.0774903225806451
Garr199904,0002,1800.237578968,1.1078064516129031,1.1078064516129031
Garr199904,0003,1800.048837978,1.0251935483870969,1.0251935483870969
Garr199904,0004,1800.120473702,1.4260709677419354,1.132937634408602
Garr199905,0000,1800.219203672,1.0625806451612902,1.0625806451612902
Garr199905,0001,1800.047922758,0.9556258064516129,0.9556258064516129
Garr199905,0002,1800.155734214,1.042516129032258,1.042516129032258
Garr199905,0003,1800.102312918,1.2415935483870968,1.2415935483870968
Garr199905,0004,1800.205980512,1.1750645161290323,1.1129645161290322
Garr200109,0000,1800.139999901,1.0787806451612902,1.0787806451612902
Garr200109,0001,1800.200738921,1.297109677419355,1.1864989247311828
Garr200109,0002,1800.191840461,1.143316129032258,1.143316129032258
Garr200109,0003,1800.158912011,1.1694774193548387,1.1588935483870968
Garr200109,0004,1800.267072796,1.1910387096774193,1.1809451612903226
Garr200112,0000,1800.163204482,1.0653741935483871,1.0653741935483871
Garr200112,0001,1800.195017918,1.0615419354838709,1.0615419354838709
Garr200112,0002,1800.121451757,1.163374193548387,1.163374193548387
Garr200112,0003,1800.385617238,1.2540709677419355,1.1665075268817202
Garr200112,0004,1800.193441964,1.1371290322580645,1.1371290322580645
Garr200212,0000,1800.052659728,1.0122709677419355,1.0122709677419355
Garr200212,0001,1800.150589312,1.281658064516129,1.083941935483871
Garr200212,0002,1800.35539618,1.5566064516129032,1.0186064516129032
Garr200212,0003,1800.571627851,1.0883225806451613,1.0883225806451613
Garr200212,0004,1800.207876586,1.359447311827957,1.1393483870967742
Garr200404,0000,1800.175253761,1.0720193548387096,1.0720193548387096
Garr200404,0001,1800.105407715,1.0196387096774193,1.0196387096774193
Garr200404,0002,1800.264604165,1.2503741935483872,1.230436559139785
Garr200404,0003,1800.020237119,1.1724451612903226,1.1724451612903226
Garr200404,0004,1800.184110893,1.0150193548387096,1.0150193548387096
Garr200902,0000,1804.56406088,2.2118672,1.0461849088756645
Garr200902,0001,1804.978734675,1.1961616,0.9958528
Garr200902,0002,1801.15485573,1.330906,0.9724172
Garr200902,0003,1800.861908262,1.0292556,0.899902
Garr200902,0004,1802.433869331,1.361124,1.1035294
Garr200908,0000,1800.986151161,1.888264,1.0382444
Garr200908,0001,1802.062249096,1.9892312,1.07929
Garr200908,0002,1801.980968158,1.6590224,1.1738852
Garr200908,0003,1803.059530619,1.8579448,1.151482375
Garr200908,0004,1801.858045405,1.6451688,0.8999153846153846
Garr200909,0000,1801.981220242,1.8460972,1.2523674
Garr200909,0001,1805.300386558,1.5310056,0.8999169230769231
Garr200909,0002,1805.331565542,1.7492150304708818,1.0474076
Garr200909,0003,1803.109261605,1.576176,0.9393634666666666
Garr200909,0004,1802.840087128,1.6305696,0.9003208
Garr200912,0000,1803.137799094,1.4969706,1.2829944
Garr200912,0001,1800.493255927,1.5403232,1.0550476
Garr200912,0002,1801.888946138,1.2863341530420966,0.8999138461538462
Garr200912,0003,1801.225011193,1.6261376,0.8999261538461538
Garr200912,0004,1801.850505495,1.4553692,1.1620518
Garr201001,0000,1803.518122674,1.9753044265593562,1.1682269617706238
Garr201001,0001,1800.845795129,1.619866800804829,0.971749
Garr201001,0002,1801.651428614,1.567985,0.9201434607645875
Garr201001,0003,1805.088287937,2.1552498993963782,1.0497835
Garr201001,0004,1803.226535485,1.993496579476861,1.3402096
Garr201003,0000,1805.513804077,1.1459297666666668,1.0227808
Garr201003,0001,1802.855906279,1.18724,0.9086904
Garr201003,0002,1803.997430522,1.2872212,0.8999184615384616
Garr201003,0003,1801.946388708,1.1627034,0.9789404
Garr201003,0004,1803.432396651,1.095492,0.9918328
Garr201004,0000,1802.121272046,1.3978076,0.981296
Garr201004,0001,1803.935592142,1.4371175666666667,1.0308548
Garr201004,0002,1805.559828245,1.6119322,1.063327
Garr201004,0003,1802.006573659,0.9687167371079154,0.8999230769230769
Garr201004,0004,1801.12509938,1.4510613333333333,1.08868585
Garr201005,0000,1805.882972299,1.2156592,1.0076911
Garr201005,0001,1801.86560878,1.1102615962441316,1.0173171
Garr201005,0002,1801.321447091,1.5387842253521127,1.1957752
Garr201005,0003,1804.114213781,1.15374035,0.9476208666666668
Garr201005,0004,1802.09556227,1.38090555,1.0043632
Garr201007,0000,1803.70337607,1.3599599204854347,0.9252208
Garr201007,0001,1803.680652008,1.2513086333333334,1.1158708
Garr201007,0002,1802.672379106,1.166788,1.0006294
Garr201007,0003,1807.901087482,1.476117,1.0042252
Garr201007,0004,1805.358396101,1.604812,1.0736394
Garr201008,0000,1804.369274505,1.232912,1.04567
Garr201008,0001,1800.300110191,1.2268232,0.9919758
Garr201008,0002,1800.64247361,1.567879,1.2231630666666666
Garr201008,0003,1803.950452136,1.41157605,1.0474872
Garr201008,0004,1802.623607225,1.2735308,1.1978984
Garr201010,0000,1800.111629543,1.3323118666666667,0.9644435
Garr201010,0001,1800.013295105,1.2945896,0.9009828
Garr201010,0002,1804.383917541,1.2278584666666665,0.9869059
Garr201010,0003,1807.870666276,1.323428,1.0194672
Garr201010,0004,1803.17318863,1.2403428,0.9895002
Garr201012,0000,1803.227618939,1.0270896,0.9991348
Garr201012,0001,1801.098577927,1.1092852,1.0027292
Garr201012,0002,1801.495101533,1.0395304333333333,0.918398
Garr201012,0003,1805.131377165,1.4536172,1.174113
Garr201012,0004,1804.992365294,0.9768884,0.9768884
Garr201101,0000,1800.04388157,1.4853348,1.0549908
Garr201101,0001,1800.781278251,1.354374,0.9195688
Garr201101,0002,1802.42225524,1.431048812899085,1.1702611
Garr201101,0003,1809.697236492,1.3771056,1.0298973
Garr201101,0004,1801.097650012,1.319,1.0432772666666665
Garr201102,0000,1800.665612219,0.89994,0.89994
Garr201102,0001,1803.562525631,0.9609964,0.89995
Garr201102,0002,1810.602902048,1.1521176,0.899945
Garr201102,0003,1806.447230476,1.0782044,0.89995
Garr201102,0004,1802.968694862,0.9902024,0.899944
Garr201103,0000,1807.28947111,0.899941,0.899941
Garr201103,0001,1801.870198384,0.899944,0.8999439999999999
Garr201103,0002,1805.856990673,1.3230408,0.899949
Garr201103,0003,1801.113456244,0.9707176,0.8999439999999999
Garr201103,0004,1800.3074405,1.20647,0.9979837
Garr201104,0000,1805.9721241,0.899941,0.8999409999999999
Garr201104,0001,1809.671922904,1.1691708,0.899944
Garr201104,0002,1801.46149163,0.8999715,0.8999715
Garr201104,0003,1803.639865773,0.899941,0.899941
Garr201104,0004,1800.556554762,1.0371744,0.93558515
Garr201105,0000,1806.295717431,1.2947772,0.914103
Garr201105,0001,1804.376844657,0.9790596,0.899947
Garr201105,0002,1808.736421054,0.899943,0.899943
Garr201105,0003,1804.835590832,1.4035784,0.9362814267437755
Garr201105,0004,1810.968571789,1.0751484,0.9007564
Garr201107,0000,1805.043901042,1.1242492,1.0182388
Garr201107,0001,1800.919084645,1.1106188,0.899946
Garr201107,0002,1806.895604029,1.46392,1.029174
Garr201107,0003,1806.350051923,1.3550208,0.899947
Garr201107,0004,1804.610816871,1.3470136,0.940612
Garr201108,0000,1800.167259242,1.6996964,0.899946
Garr201108,0001,1811.354401328,1.6592596,0.9005004
Garr201108,0002,1803.308595332,1.6683392,0.9868574
Garr201108,0003,1810.431603684,1.6538584,0.99177
Garr201108,0004,1803.423834103,1.739636,0.918587
Garr201109,0000,1809.5737727,1.6535364,0.9048944
Garr201109,0001,1802.74837456,1.6480192,0.9531566
Garr201109,0002,1808.724562556,1.568964,0.9025456
Garr201109,0003,1800.893545566,1.637068,1.0943213
Garr201109,0004,1804.314779343,1.7105288,1.0711355
Garr201110,0000,1800.559681873,1.7131356,0.9786818
Garr201110,0001,1803.6679423,1.6387374,0.9676102
Garr201110,0002,1803.750117544,1.652236,0.9398246
Garr201110,0003,1801.749898118,1.73936,0.9000035
Garr201110,0004,1806.263330805,1.4783022,0.9326482
Garr201111,0000,1810.334656012,1.7034908,0.9565066
Garr201111,0001,1805.253728786,1.7529704,1.0205796
Garr201111,0002,1801.493681336,1.6175432,0.9038832
Garr201111,0003,1801.402349193,1.6526388,1.014686
Garr201111,0004,1807.36817589,1.6962456,0.9102362
Garr201112,0000,1809.990676779,1.6166066,0.9830832
Garr201112,0001,1803.834999248,1.555221,1.0142996
Garr201112,0002,1808.281246539,1.471955,1.0603814
Garr201112,0003,1814.135470401,1.276268,0.899938
Garr201112,0004,1800.564441762,1.6565868,0.9000228
Garr201201,0000,1804.356889032,1.0054736,0.9015156
Garr201201,0001,1805.78486299,1.2511469166666667,0.97477685
Garr201201,0002,1802.963304322,1.0280304,0.899939
Garr201201,0003,1812.123912124,1.1231504,1.0254044
Garr201201,0004,1800.181572018,1.2479412,0.9846676
Gblnet,0000,1800.009416521,0.899993,0.899993
Gblnet,0001,1800.010544937,0.899993,0.899993
Gblnet,0002,1800.003387207,0.899993,0.899993
Gblnet,0003,1800.006578494,0.899993,0.899993
Gblnet,0004,1800.007380325,0.899992,0.899992
Geant2001,0000,1800.730661781,1.2385902,0.986888
Geant2001,0001,1800.127672312,1.1440361736334406,0.8999847266881029
Geant2001,0002,1800.277310274,1.30042545,0.9002411575562701
Geant2001,0003,1800.977254456,1.0712394,0.9260424
Geant2001,0004,1800.183295592,1.2215290875,0.9003432475884244
Geant2009,0000,1800.91800081,1.80149405,0.9500085
Geant2009,0001,1802.266780634,2.2504138833333336,1.12495
Geant2009,0002,1800.387805356,2.216407425,0.9619636
Geant2009,0003,1800.793800656,2.0944492,1.09156005
Geant2009,0004,1800.254628223,2.0432102,0.9878834
Geant2010,0000,1800.062991139,2.2397092,0.9632098833333332
Geant2010,0001,1801.571927543,2.57291655,0.97505935
Geant2010,0002,1800.070315156,2.451569465648855,1.0713261
Geant2010,0003,1800.06400389,2.41998565,1.01330215
Geant2010,0004,1802.605494632,2.1475194,0.9452533740458016
Geant2012,0000,1800.623381874,2.10166315,0.929499
Geant2012,0001,1802.030638333,1.9219331555286656,0.9502553907214317
Geant2012,0002,1800.162689506,2.498362418452318,1.00455835
Geant2012,0003,1800.055401529,2.7747830023053957,1.0098993
Geant2012,0004,1800.007360652,1.95512355,0.935709725
Getnet,0000,1800.005006391,1.057688888888889,1.003288888888889
Getnet,0001,1800.015267459,1.3724666666666667,0.9610222222222222
Getnet,0002,1800.012259967,1.1450444444444445,0.9696888888888889
Getnet,0003,1800.010012276,1.0886111111111112,0.9743777777777778
Getnet,0004,1800.00747457,1.2756444444444444,0.9623555555555555
Globalcenter,0000,1800.049881483,1.3514,1.1339555555555556
Globalcenter,0001,1800.042785047,1.6360666666666666,1.3850666666666667
Globalcenter,0002,1800.022372448,1.1823777777777777,1.1823777777777777
Globalcenter,0003,1800.067291484,1.3111111111111111,1.245088888888889
Globalcenter,0004,1800.038091691,1.5756666666666668,1.324
Globenet,0000,1802.260576563,1.42827,1.202852
Globenet,0001,1810.350484328,1.477349,1.033929
Globenet,0002,1802.617437604,1.497911,1.156877
Globenet,0003,1805.264600473,1.361048,1.060017
Globenet,0004,1802.331913424,1.415469,1.1674645
Goodnet,0000,1800.205673456,1.8758611111111112,1.013848148148148
Goodnet,0001,1800.050003797,1.4355407407407408,0.9961777777777778
Goodnet,0002,1800.082578955,1.8184185185185184,1.087688888888889
Goodnet,0003,1800.224928584,1.5124518518518517,0.9267222222222222
Goodnet,0004,1800.007372717,1.5700907407407407,1.0578777777777777
Grena,0000,1800.211610333,0.899971,0.899971
Grena,0001,1800.058368599,0.899962,0.899962
Grena,0002,1800.007932594,0.899965,0.899965
Grena,0003,1800.023415597,0.899964,0.899964
Grena,0004,1800.018210384,0.899968,0.899968
Gridnet,0000,1800.004521055,1.4032777777777778,0.9037481481481481
Gridnet,0001,1800.049870024,1.0364777777777778,0.9130777777777778
Gridnet,0002,1800.009323182,1.1017222222222223,0.9075037037037037
Gridnet,0003,1800.011459427,1.2236555555555555,0.9032074074074073
Gridnet,0004,1800.03009488,1.5061666666666667,0.9073666666666667
Grnet,0000,1800.284740733,1.164342,0.899951
Grnet,0001,1801.833546616,0.91689,0.902187
Grnet,0002,1802.353529358,1.4110256,0.899947
Grnet,0003,1800.757133202,0.899951,0.8999509999999998
Grnet,0004,1801.720977691,0.89995,0.89995
GtsCe,0000,1811.723471516,2.34334125,1.2690245
GtsCe,0001,1810.206875108,2.30135275,1.491494
GtsCe,0002,1805.538646513,2.3004066666666665,1.243806
GtsCe,0003,1816.687094623,2.276162270833334,1.3117125
GtsCe,0004,1808.089814916,2.293318583333333,1.3781815
GtsCzechRepublic,0000,1800.560164743,1.0437825,0.899939
GtsCzechRepublic,0001,1800.793727098,1.309354,0.899945
GtsCzechRepublic,0002,1800.86104273,1.4538125,0.899943
GtsCzechRepublic,0003,1800.107487803,1.3211415,0.899942
GtsCzechRepublic,0004,1800.33543298,1.467318,0.8999575
GtsHungary,0000,1800.691250264,1.2795465,0.93189
GtsHungary,0001,1800.263810535,1.0491225,0.908289
GtsHungary,0002,1800.18896551,1.2441695,0.922934
GtsHungary,0003,1800.153438849,1.0528195,0.904305
GtsHungary,0004,1800.733042802,1.417713,1.015774
GtsPoland,0000,1800.908155524,1.282924,0.900085
GtsPoland,0001,1800.233777499,1.327354,0.950391
GtsPoland,0002,1800.177875532,1.28676,0.931557
GtsPoland,0003,1800.238313839,1.120624,0.8999795
GtsPoland,0004,1801.239944904,1.344564,0.905297
GtsRomania,0000,1800.209200089,1.3192185,0.899989
GtsRomania,0001,1800.047462675,1.481737,0.900393
GtsRomania,0002,1800.027855368,1.033897,0.899987
GtsRomania,0003,1800.012634651,1.5041605,0.899981
GtsRomania,0004,1800.227490226,1.4860335,0.89998
GtsSlovakia,0000,1800.622081934,1.6009848333333334,1.021509
GtsSlovakia,0001,1801.727748647,1.6317453333333332,1.026846
GtsSlovakia,0002,1800.047311008,1.3163103333333332,0.9007965
GtsSlovakia,0003,1800.252287249,1.5327306666666667,0.905854
GtsSlovakia,0004,1800.267734125,1.5389845,0.964542
Harnet,0000,1800.081660726,1.3863256102973813,1.0681374167776299
Harnet,0001,1800.190323105,1.23868655126498,0.8999785
Harnet,0002,1800.304892644,1.7888978251220593,1.054721704394141
Harnet,0003,1800.015376854,0.9064142032845096,0.9002311584553928
Harnet,0004,1800.171436507,0.9635739014647137,0.900459121171771
Heanet,0000,1800.003909763,1.525681,1.083629
Heanet,0001,1800.020222757,1.2456468333333333,1.1389363333333336
Heanet,0002,1800.022350506,1.4278496666666665,1.103875
Heanet,0003,1800.025520001,1.259999,1.00883
Heanet,0004,1800.018294525,0.9394635,0.912979
HiberniaCanada,0000,1800.121341236,0.9848585,0.90006
HiberniaCanada,0001,1800.027132765,0.974045,0.9036415
HiberniaCanada,0002,1800.036344319,1.04008,0.900239
HiberniaCanada,0003,1800.005144888,1.158054,0.90009
HiberniaCanada,0004,1800.037761179,1.248499,0.900202
HiberniaGlobal,0000,1801.274228142,1.667433,0.899818
HiberniaGlobal,0001,1801.117635001,1.6847075,0.8998285
HiberniaGlobal,0002,1800.092067267,1.6712835,0.899819
HiberniaGlobal,0003,1802.131044798,1.73043525,0.8998285
HiberniaGlobal,0004,1800.999198438,1.677241375,0.899816
HiberniaIreland,0000,1800.014673647,1.109221,0.922527
HiberniaIreland,0001,1800.008528695,0.934059,0.91034
HiberniaIreland,0002,1800.013737218,0.92977,0.913221
HiberniaIreland,0003,1800.004751867,1.084278,0.927488
HiberniaIreland,0004,1800.00522273,1.033772,0.903675
HiberniaNireland,0000,1800.135433103,1.0833698333333335,0.899981
HiberniaNireland,0001,1800.031637507,1.1519693333333334,0.9030045
HiberniaNireland,0002,1800.184673449,1.2221675,0.899985
HiberniaNireland,0003,1800.089603666,1.3035783333333333,0.899985
HiberniaNireland,0004,1800.14116486,1.0589783333333336,0.899984
HiberniaUk,0000,1800.012333254,1.18647,0.90002
HiberniaUk,0001,1800.029948545,1.059136,0.8999895
HiberniaUk,0002,1800.003599446,1.140335,0.9004045
HiberniaUk,0003,1800.037646052,0.904381,0.90007
HiberniaUk,0004,1800.046758286,0.903784,0.90007
HiberniaUs,0000,1800.09956784,1.229120625,0.899958
HiberniaUs,0001,1800.29531994,1.3003363472222222,0.899958
HiberniaUs,0002,1800.122091245,1.312005875,0.900624
HiberniaUs,0003,1800.141986818,0.899965,0.899965
HiberniaUs,0004,1800.232249346,0.899955,0.899955
Highwinds,0000,1800.656564373,1.369458520833333,0.9000511666666667
Highwinds,0001,1800.445354727,1.3007418833333335,1.002877
Highwinds,0002,1800.51544031,1.1709404333333333,0.9298165
Highwinds,0003,1800.244559556,1.435085727777778,0.9005796388888889
Highwinds,0004,1800.292648645,1.1925104666666668,0.9000298000000002
HostwayInternational,0000,1800.113751012,1.255871,0.9000395
HostwayInternational,0001,1800.017884877,0.899976,0.899976
HostwayInternational,0002,1800.011919756,0.899974,0.899974
HostwayInternational,0003,1800.060441797,1.2144663333333334,0.9000348333333333
HostwayInternational,0004,1800.011923717,0.956655,0.8999759999999999
HurricaneElectric,0000,1800.634562265,1.3286320000000003,0.94416
HurricaneElectric,0001,1800.120103779,1.685797,0.90178
HurricaneElectric,0002,1800.274887929,1.399607111111111,0.9004195
HurricaneElectric,0003,1800.718360625,1.7691926666666666,1.0823725
HurricaneElectric,0004,1800.008763214,1.376653861111111,0.92056
Ibm,0000,1800.006790964,1.1738222222222223,0.9037333333333334
Ibm,0001,1800.144863744,1.6093555555555557,0.9024333333333333
Ibm,0002,1800.00403601,1.0862444444444443,0.9006777777777778
Ibm,0003,1800.195028617,1.2171574074074074,0.9028444444444444
Ibm,0004,1800.016287403,1.215850925925926,0.9088444444444445
Iij,0000,1801.234214486,1.2267730419854896,0.9000240624196245
Iij,0001,1801.791524447,1.5090386619620197,0.9016724135159465
Iij,0002,1801.065890821,1.201259467565801,0.900036721563143
Iij,0003,1800.277879477,1.3415402259355709,0.9000198929398148
Iij,0004,1800.481818115,1.083474769121335,0.8999966845100309
Iinet,0000,1800.051965203,1.811158,1.079384
Iinet,0001,1800.406806309,1.47487075,0.996837
Iinet,0002,1800.086704615,1.3403495,1.052612
Iinet,0003,1800.355982158,1.40639675,0.998979
Iinet,0004,1801.040350197,1.37533575,0.984691
Ilan,0000,1800.099351385,0.9161258333333333,0.9062773333333333
Ilan,0001,1800.054231196,1.1145498333333335,1.0890383333333336
Ilan,0002,1800.01442991,1.0772775,1.069284
Ilan,0003,1800.044164486,0.9988771666666667,0.9218321666666667
Ilan,0004,1800.054099316,1.0072555,0.996325
Integra,0000,1800.258129607,1.37438875,0.899975
Integra,0001,1800.820220189,1.4051414166666665,0.899978
Integra,0002,1800.170103254,1.06792975,0.899974
Integra,0003,1800.578242477,1.1854025,0.8999735
Integra,0004,1800.109199672,1.0883085833333332,0.899968
Intellifiber,0000,1801.404684205,1.2242573333333335,0.899796
Intellifiber,0001,1812.012839672,1.4220760000000003,0.900321
Intellifiber,0002,1812.003442397,1.3985970277777775,0.930996
Intellifiber,0003,1814.781093127,1.3804811666666668,0.921785
Intellifiber,0004,1812.838705078,1.394062,0.9035905
Internetmci,0000,1800.006913554,1.5703193548387098,0.9744129032258064
Internetmci,0001,1800.391160804,1.0734666666666666,0.8999148148148147
Internetmci,0002,1800.273852729,1.5510698924731183,1.1297741935483872
Internetmci,0003,1800.431445314,1.758709677419355,0.9360193548387097
Internetmci,0004,1800.255576548,1.366785185185185,0.9014555555555556
Internode,0000,1806.390750721,1.5740564583333334,0.9992564444444444
Internode,0001,1811.652453688,1.7385339583333332,1.0301137777777778
Internode,0002,1813.962381627,1.877145,1.0650191111111111
Internode,0003,1801.441737343,1.6921379166666666,1.0137614583333334
Internode,0004,1811.330432429,1.7367202083333333,1.0388090625
Interoute,0000,1822.735046601,2.1879581250000006,1.144384
Interoute,0001,1820.116723398,1.9487842500000006,1.117514
Interoute,0002,1806.644542916,1.9941194791666668,1.2182045
Interoute,0003,1818.114211084,1.891033791666667,1.0586875
Interoute,0004,1829.228757567,1.9351997499999998,1.155184
Intranetwork,0000,1800.361104177,0.899881,0.899881
Intranetwork,0001,1800.914731672,0.89987,0.89987
Intranetwork,0002,1800.01030056,0.899877,0.899877
Intranetwork,0003,1802.400548433,0.9567145,0.899882
Intranetwork,0004,1801.725193584,0.899883,0.899883
Ion,0000,1849.751403371,1.3925633333333332,1.1045365
Ion,0001,1853.694574335,1.2377126666666665,1.0241685
Ion,0002,1823.776827792,1.2629905,0.9921505
Ion,0003,1862.022447304,1.32124,1.01226275
Ion,0004,1823.858759195,1.21564725,0.9761745
IowaStatewideFiberMap,0000,1800.796417203,1.62593375,0.9127805
IowaStatewideFiberMap,0001,1800.494798496,1.53233,0.900207
IowaStatewideFiberMap,0002,1800.335036074,1.64421875,0.8999645
IowaStatewideFiberMap,0003,1801.193561364,1.71679575,0.901063
IowaStatewideFiberMap,0004,1800.647667926,1.408259,0.905067
Iris,0000,1800.434762224,1.51681875,0.899861
Iris,0001,1800.789322268,1.49946125,0.8998585
Iris,0002,1801.32961106,1.55736725,0.8998515
Iris,0003,1802.098431997,1.5581415,0.899851
Iris,0004,1800.780212816,1.575083,0.899855
Istar,0000,1800.452477721,0.899945,0.899945
Istar,0001,1800.428405251,0.899945,0.899945
Istar,0002,1800.201100364,0.899944,0.899944
Istar,0003,1800.221943307,0.899948,0.899948
Istar,0004,1800.362287407,0.899949,0.899949
Itnet,0000,1800.005570394,0.899995,0.899995
Itnet,0001,1800.030667287,0.899994,0.899994
Itnet,0002,1800.04252272,0.899995,0.899995
Itnet,0003,1800.028341639,0.899994,0.899994
Itnet,0004,1800.048903496,0.899995,0.899995
Janetbackbone,0000,1800.490135919,1.7821865833333332,1.045238
Janetbackbone,0001,1800.091467722,2.113225,0.9844959166666666
Janetbackbone,0002,1800.084500455,1.5807060833333333,0.988643
Janetbackbone,0003,1800.827867231,1.7790295,1.0478565000000002
Janetbackbone,0004,1800.269616087,1.8281994166666664,0.9760116666666666
JanetExternal,0000,1800.004765036,0.8999952,0.8999952
JanetExternal,0001,1800.017839215,0.8999956,0.8999956
JanetExternal,0002,1800.004477281,0.8999948,0.8999948
JanetExternal,0003,1800.003328893,0.8999944,0.8999944
JanetExternal,0004,1800.010197529,0.8999952,0.8999952
Janetlense,0000,1800.482205185,1.562631,1.078226
Janetlense,0001,1800.506899154,1.414758833333333,0.9001636666666666
Janetlense,0002,1800.072194376,1.193208166666667,0.919562
Janetlense,0003,1800.531363499,1.153866333333333,0.8999938333333334
Janetlense,0004,1800.364369247,1.0470613333333332,0.900064
Jgn2Plus,0000,1800.173030425,0.899963,0.899963
Jgn2Plus,0001,1800.027635672,0.899966,0.899966
Jgn2Plus,0002,1800.151006225,0.899964,0.899964
Jgn2Plus,0003,1800.100238028,0.899959,0.899959
Jgn2Plus,0004,1800.086187237,0.899959,0.899959
Karen,0000,1800.230055361,1.4016143,0.9899956
Karen,0001,1800.481134425,1.22368265,0.9899956
Karen,0002,1800.239500685,1.1631183,0.9899958
Karen,0003,1800.645458037,1.17987165,0.9899967
Karen,0004,1800.090899474,0.9899964,0.9899964
KentmanApr2007,0000,1800.59317248,0.89968,0.89968
KentmanApr2007,0001,1800.194502149,0.89969,0.89969
KentmanApr2007,0002,1800.436956496,0.89972,0.89972
KentmanApr2007,0003,1800.393427941,0.89971,0.89971
KentmanApr2007,0004,1800.174368476,0.89972,0.89972
KentmanAug2005,0000,1800.46941231,1.151658064516129,0.8996516129032258
KentmanAug2005,0001,1800.666520387,0.8996580645161291,0.8996580645161291
KentmanAug2005,0002,1800.596210362,1.3120064516129033,0.9291290322580645
KentmanAug2005,0003,1800.49028772,1.1926322580645161,0.8996516129032258
KentmanAug2005,0004,1800.411611655,1.5748709677419355,1.14398
KentmanFeb2008,0000,1800.044946859,0.8997,0.8997
KentmanFeb2008,0001,1800.385884335,0.9928224153211498,0.9928224153211498
KentmanFeb2008,0002,1800.284585069,0.89968,0.89968
KentmanFeb2008,0003,1800.71204961,0.89969,0.89969
KentmanFeb2008,0004,1800.28154781,0.89966,0.89966
KentmanJan2011,0000,1800.573271751,0.899932,0.899932
KentmanJan2011,0001,1801.47964498,0.899914,0.899914
KentmanJan2011,0002,1802.177772932,0.899913,0.899913
KentmanJan2011,0003,1801.302714576,0.89992,0.89992
KentmanJan2011,0004,1800.550515291,0.899933,0.899933
KentmanJul2005,0000,1800.078503015,0.8995294117647059,0.8995294117647059
KentmanJul2005,0001,1800.025351741,1.0952935483870967,0.8995294117647059
KentmanJul2005,0002,1800.080118442,0.9645225806451613,0.8996470588235295
KentmanJul2005,0003,1800.01330463,1.1199129032258064,0.9005354838709677
KentmanJul2005,0004,1800.146344045,1.0099903225806453,0.9050838709677419
Kreonet,0000,1800.013834473,0.8999992,0.8999992
Kreonet,0001,1800.04370847,0.89999925,0.89999925
Kreonet,0002,1800.0598379,0.89999925,0.89999925
Kreonet,0003,1800.063357937,0.89999925,0.89999925
Kreonet,0004,1800.040936078,0.89999925,0.89999925
LambdaNet,0000,1801.033784388,1.0407665,0.8999
LambdaNet,0001,1802.417481942,1.125329,0.89989
LambdaNet,0002,1801.057863274,1.0969675,0.900175
LambdaNet,0003,1801.094035459,1.191726,0.899895
LambdaNet,0004,1800.764703536,1.0362805,0.8999
Latnet,0000,1809.001029391,0.89704,0.89704
Latnet,0001,1801.60553708,0.99698,0.89693
Latnet,0002,1800.085915406,0.89705,0.89705
Latnet,0003,1803.84654887,0.89709,0.89709
Latnet,0004,1808.170702624,1.034755,0.89701
Layer42,0000,1800.002366778,1.1844815,0.908734
Layer42,0001,1800.002214002,0.95122,0.95122
Layer42,0002,1800.003266029,1.149145,1.149145
Layer42,0003,1800.010008269,1.3073735,1.1926525
Layer42,0004,1800.00798136,0.9302995,0.913875
Litnet,0000,1802.506803118,0.946706,0.946706
Litnet,0001,1802.491524471,1.115487,0.948357
Litnet,0002,1801.302719905,0.942885,0.9001585
Litnet,0003,1800.610017452,1.156748,0.904475
Litnet,0004,1800.754161486,1.243692,0.965915
Marnet,0000,1800.056663201,2.357032258064516,1.3671
Marnet,0001,1800.039047475,2.932135483870968,1.58552
Marnet,0002,1800.296923191,2.4704516129032257,1.633167741935484
Marnet,0003,1800.008057521,2.932141935483871,1.809785
Marnet,0004,1800.004278121,2.9321225806451614,1.9618709677419355
Marwan,0000,1800.099364402,1.03668402082499,0.903115738886664
Marwan,0001,1800.01073414,0.9969723668402083,0.9007769323187825
Marwan,0002,1800.053430552,1.1096342277399545,0.9297557068482178
Marwan,0003,1800.03511155,1.2650353757842747,0.9004672273394742
Marwan,0004,1800.0782927,0.99933253237218,0.90010412494994
Missouri,0000,1800.044563549,1.155353,0.911171
Missouri,0001,1800.950585907,1.1936195,0.908025
Missouri,0002,1806.954294961,1.1670445,0.900602
Missouri,0003,1800.360472507,1.3122345,0.912429
Missouri,0004,1813.65600284,1.201821875,0.9029
Mren,0000,1800.003572714,0.899997,0.899997
Mren,0001,1800.001473423,0.899997,0.899997
Mren,0002,1800.006323854,0.899996,0.899996
Mren,0003,1800.0059011,0.899998,0.899998
Mren,0004,1800.007730215,0.899997,0.899997
Myren,0000,1800.688100735,1.3330635048231512,1.147193729903537
Myren,0001,1801.231655214,1.250447,1.250447
Myren,0002,1800.489851042,1.1978096774193547,1.0782774193548388
Myren,0003,1801.705000425,0.89956,0.89956
Myren,0004,1800.125357918,1.2008354838709678,0.89964
Napnet,0000,1800.001239199,1.327288888888889,1.1576962962962962
Napnet,0001,1800.005807414,1.1784,1.1784
Napnet,0002,1800.001868455,1.2523777777777778,0.9402888888888888
Napnet,0003,1800.001971082,1.4760888888888888,1.1395444444444445
Napnet,0004,1800.00577983,1.1335333333333333,1.0414666666666668
Navigata,0000,1800.001064348,1.13005525,0.950207
Navigata,0001,1800.08992591,1.03409,0.903737
Navigata,0002,1800.012510818,1.04190075,0.9242975
Navigata,0003,1800.010576014,1.02011,0.9011285
Navigata,0004,1800.012033124,1.09470725,0.961254
Netrail,0000,1800.003652662,1.4626444444444444,0.9905111111111111
Netrail,0001,1800.013444479,1.587611111111111,0.9746111111111111
Netrail,0002,1800.020143857,1.2421333333333333,0.961851851851852
Netrail,0003,1800.012579956,1.3282222222222222,1.026588888888889
Netrail,0004,1800.004331978,1.9009111111111112,0.9573333333333334
NetworkUsa,0000,1800.384643637,1.367548,0.8999265
NetworkUsa,0001,1800.200024802,1.0809965,0.8999285
NetworkUsa,0002,1800.530685379,1.26527,0.8999315
NetworkUsa,0003,1800.343179923,1.326755,0.899932
NetworkUsa,0004,1801.689343596,1.277645,0.899929
Nextgen,0000,1800.112925606,0.899974,0.899974
Nextgen,0001,1800.209883274,0.899972,0.899972
Nextgen,0002,1800.079152802,0.899971,0.899971
Nextgen,0003,1800.140064214,0.899968,0.899968
Nextgen,0004,1800.050245411,0.899971,0.899971
Niif,0000,1800.855161638,0.950783,0.939095
Niif,0001,1801.948444334,0.928186,0.91388
Niif,0002,1800.836731056,1.12823,0.962364
Niif,0003,1801.23142532,1.280344,0.959615
Niif,0004,1801.097412923,1.285851,0.908578
Noel,0000,1800.117389495,1.159300375,0.900282
Noel,0001,1800.150373194,1.019829625,0.900044
Noel,0002,1800.422500247,1.0617375,0.901544
Noel,0003,1800.041925128,1.2270555,0.9014775
Noel,0004,1800.019567867,1.34781775,0.944377
Nordu1989,0000,1800.009528215,0.89921875,0.89921875
Nordu1989,0001,1800.000447896,0.89921875,0.89921875
Nordu1989,0002,1800.005391976,0.899375,0.899375
Nordu1989,0003,1800.002349884,0.89921875,0.89921875
Nordu1989,0004,1800.007009707,0.89921875,0.89921875
Nordu1997,0000,1800.069347806,0.899978,0.899978
Nordu1997,0001,1800.002288378,0.899979,0.899979
Nordu1997,0002,1800.022258916,0.899978,0.899978
Nordu1997,0003,1800.081636087,0.899981,0.899981
Nordu1997,0004,1800.021456429,0.899979,0.899979
Nordu2005,0000,1800.004222458,1.02007565,0.9663958
Nordu2005,0001,1800.028826902,1.3499996,1.3499996
Nordu2005,0002,1800.007326334,1.3499997,1.3499997
Nordu2005,0003,1800.018260009,1.0587268,1.0587268
Nordu2005,0004,1800.031926728,1.3012885,1.2525777
Nordu2010,0000,1800.079775247,0.89998,0.89998
Nordu2010,0001,1800.005599022,0.902863,0.899982
Nordu2010,0002,1800.071224603,1.063535,1.0041025
Nordu2010,0003,1800.041061685,0.899979,0.899979
Nordu2010,0004,1800.009305986,0.899985,0.899985
Nsfcnet,0000,1800.033455277,1.241706,0.937616
Nsfcnet,0001,1800.010758938,1.472395,1.0637945
Nsfcnet,0002,1800.025050293,1.03439,1.03439
Nsfcnet,0003,1800.018545745,1.124705,0.910502
Nsfcnet,0004,1800.030023605,1.46741,1.066286
Nsfnet,0000,1800.049314589,1.45110103626943,0.9182318652849741
Nsfnet,0001,1800.06505895,1.5939119170984455,0.9106217616580311
Nsfnet,0002,1800.045445927,1.41580310880829,0.9523963730569949
Nsfnet,0003,1800.089205972,1.5705958549222798,0.9394430051813472
Nsfnet,0004,1800.052857511,1.4060880829015545,0.9060880829015544
Ntelos,0000,1801.399211735,0.9435215,0.899852
Ntelos,0001,1800.59917537,0.899861,0.899861
Ntelos,0002,1800.045565473,1.0094704166666666,0.899862
Ntelos,0003,1800.154219317,1.0558932083333332,0.899861
Ntelos,0004,1801.138698463,0.9209188333333334,0.899861
Ntt,0000,1803.350368657,1.6473109474608225,1.3430480469834432
Ntt,0001,1800.850716761,1.9852991254322525,1.378276565056388
Ntt,0002,1800.632912919,1.4348963507507073,1.2786223673111887
Ntt,0003,1800.199773212,1.9199815317741553,1.2996777809734268
Ntt,0004,1801.742931291,1.5580884414305063,1.3569017531388126
Oteglobe,0000,1810.028438777,1.84566225,0.947068
Oteglobe,0001,1813.048130817,1.7170200833333333,0.989468
Oteglobe,0002,1804.744652093,1.60593,1.01348
Oteglobe,0003,1814.450988323,1.5219294166666664,1.0448605
Oteglobe,0004,1802.76377959,1.8279180833333335,1.0325365
Oxford,0000,1800.176402073,1.2044355,0.900173
Oxford,0001,1800.181172703,1.01246,0.910235
Oxford,0002,1800.058644693,1.116148,0.9112918333333333
Oxford,0003,1800.499915502,1.1137335,0.920538
Oxford,0004,1800.113232126,1.130622,0.9033565
Pacificwave,0000,1800.10014484,1.01940665,1.01940665
Pacificwave,0001,1800.04100195,1.0195301,0.92898755
Pacificwave,0002,1800.0709576,0.91109505,0.91109505
Pacificwave,0003,1800.201060525,0.90714935,0.90714935
Pacificwave,0004,1800.075477297,1.31563375,1.142181125
Packetexchange,0000,1800.306709613,0.899956,0.899956
Packetexchange,0001,1800.12417869,0.899955,0.899955
Packetexchange,0002,1800.506015049,0.899951,0.899951
Packetexchange,0003,1800.444712288,0.899955,0.899955
Packetexchange,0004,1800.207610239,0.899952,0.899952
Padi,0000,1800.006778596,0.89997,0.89997
Padi,0001,1800.001216626,0.8994,0.8994
Padi,0002,1800.00521395,0.8994,0.8994
Padi,0003,1800.004634124,0.8994,0.8994
Padi,0004,1800.003501759,0.8994,0.8994
Palmetto,0000,1800.034721369,1.2954625,0.899915
Palmetto,0001,1801.506620906,1.336745,0.8999295
Palmetto,0002,1801.840107978,1.193757,0.899912
Palmetto,0003,1800.089451593,1.389689,0.899924
Palmetto,0004,1800.627764179,1.280707111111111,0.899916
Peer1,0000,1800.053757217,1.605462,0.94967125
Peer1,0001,1800.034892874,1.1680935,0.899985
Peer1,0002,1800.026947386,1.232464875,0.900369
Peer1,0003,1800.012110649,1.7754615,1.0153985
Peer1,0004,1800.020991928,1.188801,0.983318
Pern,0000,1804.489738143,0.898501,0.898501
Pern,0001,1819.143271648,0.898509,0.898509
Pern,0002,1826.515279518,0.898502,0.898502
Pern,0003,1811.071296581,0.898533,0.898533
Pern,0004,1829.80328916,0.898505,0.898505
PionierL1,0000,1800.412101849,1.468748,0.8999425
PionierL1,0001,1800.40359062,1.2670435,0.899935
PionierL1,0002,1800.260999663,1.31453925,0.8999405
PionierL1,0003,1800.587464159,1.399054,0.8999665
PionierL1,0004,1800.886032621,1.3059205,0.899936
PionierL3,0000,1800.517876108,1.8337921733333333,0.9652546
PionierL3,0001,1800.188154804,1.568693375,0.9683475
PionierL3,0002,1800.245197606,1.3666471800000002,0.9005912
PionierL3,0003,1800.842383549,1.77301465,1.0940026
PionierL3,0004,1801.496396196,1.917617825,0.9502438
Psinet,0000,1800.145665702,1.1815444444444445,0.8992222222222223
Psinet,0001,1800.081616374,1.0455777777777777,0.8993666666666666
Psinet,0002,1800.065117373,1.1241777777777777,0.8991777777777777
Psinet,0003,1800.068775017,1.1420777777777777,0.8992444444444444
Psinet,0004,1800.092411949,1.099888888888889,0.8992333333333333
Quest,0000,1800.343199366,1.6697147916666668,0.900126
Quest,0001,1800.006694196,1.717805,0.907964
Quest,0002,1800.055060527,1.974797875,0.95812
Quest,0003,1800.087697189,1.6682945,0.900276
Quest,0004,1800.031984392,1.3606589166666665,0.929948
RedBestel,0000,1802.357329769,1.6076288333333335,0.956588
RedBestel,0001,1808.238748091,1.553995,1.089926
RedBestel,0002,1825.127094968,1.3803065,0.9234005
RedBestel,0003,1800.760582167,1.2386185833333334,0.899529
RedBestel,0004,1822.820487544,1.230106,0.899538
Rediris,0000,1800.074473454,1.3853628,1.0010052
Rediris,0001,1800.024637396,1.5062252,0.9941074
Rediris,0002,1800.222444661,1.444356,1.1183050666666667
Rediris,0003,1800.113512696,1.3232691,1.0896436
Rediris,0004,1800.05141752,1.419375,1.0845863
Renam,0000,1800.003120535,0.89975,0.89975
Renam,0001,1800.006873614,0.899875,0.899875
Renam,0002,1800.000384156,0.89875,0.89875
Renam,0003,1800.002569278,0.899899033607385,0.899899033607385
Renam,0004,1800.001446384,0.89875,0.89875
Renater1999,0000,1800.378751737,0.8996387096774193,0.8996387096774193
Renater1999,0001,1800.196371998,0.8996645161290323,0.8996645161290323
Renater1999,0002,1800.019756061,0.8996580645161291,0.8996580645161291
Renater1999,0003,1800.340235282,0.8996451612903226,0.8996451612903226
Renater1999,0004,1800.036299335,0.8996580645161291,0.8996580645161291
Renater2001,0000,1800.568874378,1.3418258064516129,0.9937741935483871
Renater2001,0001,1800.076751459,1.523458064516129,0.9086129032258065
Renater2001,0002,1800.348851628,1.2977677419354838,0.8998322580645162
Renater2001,0003,1800.106374311,0.8998322580645162,0.8998322580645162
Renater2001,0004,1800.10843929,1.1529935483870968,0.9018322580645162
Renater2004,0000,1800.671014194,2.4401568,0.9953468
Renater2004,0001,1800.283207075,2.7341345,1.0128933
Renater2004,0002,1800.62716192,3.0299213,1.0333513333333333
Renater2004,0003,1800.27407217,2.856817,1.0541657
Renater2004,0004,1801.127179846,2.6297352,0.9362032
Renater2006,0000,1801.642645895,2.0801573,0.900037
Renater2006,0001,1800.619734488,1.8852697,0.9014542
Renater2006,0002,1801.554690683,2.555125,1.0121592
Renater2006,0003,1800.074016912,1.614265,0.9000536
Renater2006,0004,1800.607492041,2.3220229,0.9222616
Renater2008,0000,1800.763228612,2.160252,0.9530942
Renater2008,0001,1801.195557879,2.5690206,0.9653098
Renater2008,0002,1800.732607169,2.8838384,0.9470012
Renater2008,0003,1800.188250933,2.3463435,0.9645552
Renater2008,0004,1800.033403769,2.6730131,0.9127274
Renater2010,0000,1801.783573794,1.5956244623655915,0.9165806451612903
Renater2010,0001,1800.231370306,1.6047408602150537,0.9107838709677419
Renater2010,0002,1800.922019762,1.7077287634408604,0.9406774193548387
Renater2010,0003,1800.730922031,2.1403430107526877,0.99
Renater2010,0004,1802.476076497,1.4881309139784948,0.920683870967742
Restena,0000,1800.14437101,0.9989564,0.91700125
Restena,0001,1800.184211659,1.0118598,0.9332224
Restena,0002,1800.118380202,1.014663,0.9344669
Restena,0003,1800.001732812,1.0046734,0.9134227
Restena,0004,1800.094759024,1.0038766,0.9199417
Reuna,0000,1800.554642747,0.8993707317073171,0.8993707317073171
Reuna,0001,1801.447018371,0.8993853658536586,0.8993853658536586
Reuna,0002,1801.347145894,0.899380487804878,0.899380487804878
Reuna,0003,1801.426467924,0.8994750830564784,0.8994750830564784
Reuna,0004,1800.96028544,0.8993756097560975,0.8993756097560975
Rhnet,0000,1800.145156565,0.899974,0.899974
Rhnet,0001,1800.123173178,0.899981,0.899981
Rhnet,0002,1800.071410019,0.899979,0.899979
Rhnet,0003,1800.115804675,0.899976,0.899976
Rhnet,0004,1800.037906195,0.899982,0.899982
Rnp,0000,1800.491556214,0.8999904,0.8999904
Rnp,0001,1801.233090752,0.94170035,0.8999746666666667
Rnp,0002,1800.525631332,1.16367565,0.899975
Rnp,0003,1800.837133785,1.07809245,0.8999915
Rnp,0004,1800.95313313,1.44623445,0.8999743333333333
Roedunet,0000,1800.859411118,1.0959012824294523,0.9280968634556768
Roedunet,0001,1800.962532021,1.2592721193415637,1.0626446759259258
Roedunet,0002,1802.907932766,1.2593171296296297,0.9398019547325103
Roedunet,0003,1801.000865353,1.2594071502057613,0.9675925925925926
Roedunet,0004,1802.014285427,1.1738302923040187,0.9275701262764597
RoedunetFibre,0000,1800.345411394,0.899786,0.899786
RoedunetFibre,0001,1802.265241439,0.899795,0.899795
RoedunetFibre,0002,1800.248848236,0.899788,0.899788
RoedunetFibre,0003,1801.695488781,0.8998,0.8998
RoedunetFibre,0004,1800.32959192,0.899794,0.899794
Sago,0000,1800.026201307,0.899956,0.899956
Sago,0001,1800.108195691,0.899956,0.899956
Sago,0002,1800.201556942,0.899957,0.899957
Sago,0003,1800.186606663,0.899965,0.899965
Sago,0004,1800.014500807,0.89996,0.89996
Sanet,0000,1800.778241795,1.23998535,0.9000066
Sanet,0001,1800.186680967,1.097555,0.8999961
Sanet,0002,1801.182011933,1.0606609,0.8999982
Sanet,0003,1800.165665336,1.06646225,0.9051548
Sanet,0004,1800.680400124,0.96671235,0.8999928
Sanren,0000,1800.01083776,1.010696,0.9068735
Sanren,0001,1800.003396496,1.198272,0.919806
Sanren,0002,1800.007525893,0.999735,0.920072
Sanren,0003,1800.004612043,1.022554,0.906063
Sanren,0004,1800.002819221,0.96753,0.9028695
Savvis,0000,1800.132672945,1.1903777777777778,0.8995777777777778
Savvis,0001,1800.138341822,1.0243222222222221,0.8996555555555555
Savvis,0002,1800.098186086,1.4527333333333334,0.8996222222222222
Savvis,0003,1800.041915116,0.9389333333333333,0.8995111111111112
Savvis,0004,1800.119075072,1.1173222222222223,0.8994777777777778
Shentel,0000,1800.000544108,0.96145,0.899942
Shentel,0001,1800.229752606,1.308556,0.899936
Shentel,0002,1800.566909472,0.899931,0.899931
Shentel,0003,1800.102391786,1.018769,0.899931
Shentel,0004,1800.504484933,1.220364,0.899937
Sinet,0000,1802.186216184,1.051486275,0.92255245
Sinet,0001,1803.909516544,1.310252075,0.9002525125
Sinet,0002,1801.811042314,1.107133625,0.901225525
Sinet,0003,1803.329170508,1.3492811875,0.90994385
Sinet,0004,1802.035612419,0.9918518,0.9019517
Singaren,0000,1800.000690649,0.899993,0.899993
Singaren,0001,1800.000737663,0.899995,0.899995
Singaren,0002,1800.027507706,0.899995,0.899995
Singaren,0003,1800.030216648,0.899994,0.899994
Singaren,0004,1800.040830393,0.899995,0.899995
Spiralight,0000,1800.047162354,1.013379,0.9001165
Spiralight,0001,1800.041757203,0.969837,0.900562
Spiralight,0002,1800.087455709,1.0723635,0.900281
Spiralight,0003,1800.080077989,1.1667975,0.905536
Spiralight,0004,1800.026588037,1.095295,0.907286
Sprint,0000,1800.054549809,1.4913870370370372,0.9128444444444445
Sprint,0001,1800.01112084,1.344735185185185,0.9340888888888889
Sprint,0002,1800.040248494,1.410825925925926,0.9738666666666667
Sprint,0003,1800.037774113,1.8536962962962966,0.9924222222222222
Sprint,0004,1800.020263257,2.157661111111111,0.9659777777777778
Sunet,0000,1800.22597306,0.9737285,0.8999990833333333
Sunet,0001,1800.400688695,1.0806421666666668,0.902598
Sunet,0002,1800.030463464,1.067359,0.926347
Sunet,0003,1800.034441658,1.0928763333333333,0.899981
Sunet,0004,1800.080647095,1.157868,0.899976
Surfnet,0000,1802.465008166,2.194641,0.99566
Surfnet,0001,1800.787524529,1.429521,0.900087
Surfnet,0002,1804.000758394,2.3552525,0.9566046666666668
Surfnet,0003,1801.634266467,2.16367425,0.9075895
Surfnet,0004,1800.151133987,2.0834645,1.018329
Switch,0000,1815.290782637,1.204614,0.8999498
Switch,0001,1813.052011494,1.1942826,0.8999166
Switch,0002,1807.456065245,1.3008211,0.9176308
Switch,0003,1807.388140794,1.14386635,0.9001024
Switch,0004,1803.049776035,1.118974,0.8999134
SwitchL3,0000,1804.127299304,1.2163770333333332,0.9385802
SwitchL3,0001,1800.235966477,1.2385571666666668,0.9593396
SwitchL3,0002,1803.173347325,1.1508077166666666,0.9710912
SwitchL3,0003,1802.194240441,1.0795493833333334,0.9701358
SwitchL3,0004,1801.292112481,1.2460767,0.9481901
Syringa,0000,1800.855434963,0.945074,0.899662
Syringa,0001,1800.438125525,0.901789,0.899588
Syringa,0002,1801.120416056,1.029522,0.899592
Syringa,0003,1801.643490198,0.899568,0.899568
Syringa,0004,1809.938087951,0.899564,0.899564
TataNld,0000,1800.498115733,1.7376335000000003,1.116067
TataNld,0001,1800.94859768,1.5789948333333335,1.0751098333333333
TataNld,0002,1800.697216151,1.7967237083333332,1.2685583333333335
TataNld,0003,1806.973683219,1.6961442500000001,1.327553
TataNld,0004,1800.003511693,1.9139281666666665,1.1649326666666666
Telcove,0000,1811.012764428,0.89935,0.89935
Telcove,0001,1800.593938323,0.899364,0.899364
Telcove,0002,1807.330933045,0.899391,0.899391
Telcove,0003,1813.10308893,0.899365,0.899365
Telcove,0004,1802.031692111,0.899382,0.899382
Telecomserbia,0000,1800.007603917,1.0220276,0.9182584
Telecomserbia,0001,1800.005316297,1.0770148,0.9081252
Telecomserbia,0002,1800.006238858,1.114587,0.906383
Telecomserbia,0003,1800.005589956,1.0034322,0.9423096
Telecomserbia,0004,1800.005894502,0.9939776,0.9201728
Tinet,0000,1800.343005825,0.9560901770833333,0.8998449583333332
Tinet,0001,1800.185664712,1.0939517187499999,0.89984790625
Tinet,0002,1802.974924433,1.0071258125,0.8998505
Tinet,0003,1801.814390541,0.9852445833333332,0.899842
Tinet,0004,1801.331061571,0.92920903125,0.8998415
TLex,0000,1800.062811791,2.282100471999845,1.1002544348924512
TLex,0001,1800.072783227,1.9440372463121984,1.4521877544147008
TLex,0002,1800.000272165,1.7958414402779663,1.4832394472416601
TLex,0003,1800.072593896,1.528690709259726,1.317999597782473
TLex,0004,1800.075791045,1.3826057880555933,1.2080839665432554
Tw,0000,1814.752479019,2.0570923194444446,1.2685435
Tw,0001,1811.591679442,1.9155302500000002,1.186268
Tw,0002,1826.632683378,2.104199986111111,1.22511
Tw,0003,1816.396174315,2.106716416666667,1.2531851666666665
Tw,0004,1810.482037189,2.0048630000000003,1.167027
Twaren,0000,1800.058885633,1.0691815,0.9024935
Twaren,0001,1800.242226708,1.0369355,0.9076895
Twaren,0002,1800.259718716,0.963638,0.963638
Twaren,0003,1800.000249723,1.014509,0.9264815
Twaren,0004,1800.205645514,0.956189,0.9094035
Ulaknet,0000,1816.394255899,0.89985,0.89985
Ulaknet,0001,1806.89902228,0.899832,0.899832
Ulaknet,0002,1804.49874587,0.899846,0.899846
Ulaknet,0003,1802.13739965,0.9538447,0.9083761
Ulaknet,0004,1812.644313523,0.899844,0.899844
UniC,0000,1800.230693933,1.382386,0.899962
UniC,0001,1800.018775905,1.757081,0.955465
UniC,0002,1800.025324648,1.275868,1.0091045
UniC,0003,1800.234722949,1.682823,0.9585075
UniC,0004,1800.484328033,1.53656,0.899962
Uninet,0000,1800.004276245,0.9335836111111111,0.90000525
Uninet,0001,1800.137261547,1.2644443333333333,0.9004035
Uninet,0002,1800.039954536,1.2483043333333335,0.923171
Uninet,0003,1800.064515372,1.324833,0.9008780833333334
Uninet,0004,1800.091729055,1.0795916666666667,0.926067
Uninett2010,0000,1808.934296485,1.2090461333333333,0.899835
Uninett2010,0001,1808.823197593,1.4949295999999999,0.899832
Uninett2010,0002,1817.161958371,1.6153090666666667,0.9101528
Uninett2010,0003,1810.993726641,1.4192458,0.899827
Uninett2010,0004,1815.611588161,1.647816,0.908351
Uninett2011,0000,1812.493324266,1.383463,0.8999525
Uninett2011,0001,1800.406291544,1.050272,0.899903
Uninett2011,0002,1800.991320097,1.088386,0.899912
Uninett2011,0003,1804.733050603,1.8452563333333332,0.9730145
Uninett2011,0004,1800.293723144,1.8572925,0.915092
Uran,0000,1800.07953175,1.303191,1.252659
Uran,0001,1800.186142444,1.326201,1.201474
Uran,0002,1800.283744183,1.323488,1.237587
Uran,0003,1800.299813037,0.941708,0.899945
Uran,0004,1800.16575437,1.348164,1.236725
UsCarrier,0000,1834.282564319,1.80692525,0.934039
UsCarrier,0001,1818.040771684,1.7410638125,0.9896205
UsCarrier,0002,1834.075498747,1.783664125,0.943933
UsCarrier,0003,1803.298907083,1.83925825,0.968878
UsCarrier,0004,1810.032777288,1.7189415,0.954386
UsSignal,0000,1800.297326555,1.642148041666667,0.961747
UsSignal,0001,1800.021058402,1.8756094166666668,0.9061245
UsSignal,0002,1800.017452139,1.761955375,0.91616825
UsSignal,0003,1806.791385213,1.7407317708333332,0.928476
UsSignal,0004,1809.436190916,1.9076792083333336,0.9399515
Uunet,0000,1803.200599561,1.3970633333333333,0.9151777777777778
Uunet,0001,1800.443356611,1.2308748148148148,0.9026222222222222
Uunet,0002,1801.161621377,1.2931307407407406,0.9976777777777778
Uunet,0003,1805.816030551,1.4602370370370368,1.063877777777778
Uunet,0004,1801.973256669,1.243591141975309,0.9036555555555555
Vinaren,0000,1800.432548303,0.8994774193548387,0.8994774193548387
Vinaren,0001,1800.242641481,0.8995290322580645,0.8995290322580645
Vinaren,0002,1800.405385898,0.8995032258064516,0.8995032258064516
Vinaren,0003,1800.265084418,0.8994903225806452,0.8994903225806452
Vinaren,0004,1800.184537407,0.899541935483871,0.899541935483871
VisionNet,0000,1800.067303779,0.899945,0.899945
VisionNet,0001,1800.10631026,0.899937,0.899937
VisionNet,0002,1800.249307878,0.899939,0.899939
VisionNet,0003,1800.14404377,0.899932,0.899932
VisionNet,0004,1800.307149641,0.89994,0.89994
VtlWavenet2008,0000,1804.634932736,1.19503825,0.899546
VtlWavenet2008,0001,1827.263856718,1.21758025,0.899544
VtlWavenet2008,0002,1805.689230946,1.240024,0.8995335
VtlWavenet2008,0003,1826.846502155,1.2682195,0.9004835
VtlWavenet2008,0004,1829.894919682,1.3774205,0.8999215
VtlWavenet2011,0000,1805.239468257,1.26645725,0.921274
VtlWavenet2011,0001,1805.411585659,1.28255625,0.8994905
VtlWavenet2011,0002,1800.390305831,1.235433,0.8995625
VtlWavenet2011,0003,1801.225793233,1.25259575,0.8994905
VtlWavenet2011,0004,1804.896976556,1.3095715,0.9018585
WideJpn,0000,1800.79932314,0.9899885,0.90002595
WideJpn,0001,1800.389929448,0.899949,0.899949
WideJpn,0002,1800.132997367,0.9899915,0.9013487
WideJpn,0003,1800.088832448,0.899945,0.899945
WideJpn,0004,1800.585910485,0.989989,0.90095535
Xeex,0000,1800.094055445,2.04754325,0.906703
Xeex,0001,1800.528504743,2.027592,1.0445985
Xeex,0002,1800.117838216,1.8414665,0.9729845
Xeex,0003,1800.030604813,1.8207608333333332,1.0886495
Xeex,0004,1800.254498459,2.0668305,1.045471
Xspedius,0000,1800.030628609,1.8022669166666667,0.9026875
Xspedius,0001,1800.361766432,1.9062206666666668,0.9139385
Xspedius,0002,1800.064935387,1.870212416666667,0.902357
Xspedius,0003,1800.342466408,1.7328986666666668,0.9029895
Xspedius,0004,1802.626061199,1.8833255833333333,0.911715
York,0000,1800.373686958,1.1445145,0.8999695
York,0001,1800.241219161,0.994221,0.899975
York,0002,1800.015778143,1.038601,0.899968
York,0003,1800.225574119,0.9351215,0.899968
York,0004,1800.260082258,0.9553565,0.8999675
Zamren,0000,1800.01849271,0.89855,0.89855
Zamren,0001,1801.137884714,0.89854,0.89854
Zamren,0002,1801.234073714,0.89852,0.89852
Zamren,0003,1801.271472276,0.89848,0.89848
Zamren,0004,1800.24650617,0.89863,0.89863
