Topology,DemandFile,ExitCode,TotalTime,pre-uMax,post-uMax
Aarnet,0000,0,0.950936073,1.226691525,0.9432922
Aarnet,0001,0,0.863201706,0.9335895,0.9335895
Aarnet,0002,0,0.908234549,1.25085615,0.9634367
Aarnet,0003,0,0.951728556,1.060537775,0.9720654
Aarnet,0004,0,0.961730039,1.1249961,1.1249961
Abilene,0000,0,0.445544154,1.2770134819878471,0.9000093436535493
Abilene,0001,0,0.475071927,1.3379562817483281,0.9000670633198302
Abilene,0002,0,0.411470039,1.1369629408596964,0.9000528469007202
Abilene,0003,0,0.408235026,1.104416333108282,0.9000338079507458
Abilene,0004,0,0.415581138,1.2470709655510546,0.9000313966853137
Abvt,0000,0,1.409087634,0.9851180833333334,0.90000975
Abvt,0001,0,1.51752049,1.0218915833333333,0.9000545833333332
Abvt,0002,0,1.378200033,1.25897425,0.90001775
Abvt,0003,0,1.40149189,1.0832241666666664,0.8999953333333334
Abvt,0004,0,1.43034834,1.1959341666666665,0.9000493333333334
Aconet,0000,0,1.453312295,1.092930113207547,0.9000307924528302
Aconet,0001,0,1.527325242,0.9427636981132076,0.9000005283018868
Aconet,0002,0,1.629347874,1.1188276981132075,0.9000181886792453
Aconet,0003,0,1.57210223,1.013566641509434,0.9013927547169811
Aconet,0004,0,1.479367498,1.0244360754716981,0.9000785660377358
Agis,0000,0,1.803399134,1.3252451612903227,0.8997555555555555
Agis,0001,0,2.043570746,1.372232258064516,0.8997741935483871
Agis,0002,0,1.911100278,1.2767322580645162,0.8997516129032258
Agis,0003,0,1.840301313,1.2994354838709676,0.899816129032258
Agis,0004,0,1.710112612,1.3048483870967742,0.8998064516129032
Ai3,0000,0,0.201241296,0.899993,0.899993
Ai3,0001,0,0.197746664,0.899994,0.899994
Ai3,0002,0,0.202334785,0.899992,0.899992
Ai3,0003,0,0.213968606,0.899993,0.899993
Ai3,0004,0,0.207382389,0.899991,0.899991
Airtel,0000,0,0.930576348,1.6175426666666666,0.9000568333333334
Airtel,0001,0,0.981936471,1.1332566000000002,0.9042680000000001
Airtel,0002,0,1.014998268,1.796209571428571,1.0394822
Airtel,0003,0,1.191062544,2.277398285714286,0.9495676666666666
Airtel,0004,0,0.822366921,1.3525703333333334,0.9607806666666666
Amres,0000,0,1.730962637,0.899929,0.899929
Amres,0001,0,1.444892411,0.899926,0.899926
Amres,0002,0,1.626075303,0.899926,0.899926
Amres,0003,0,1.608967493,0.899926,0.899926
Amres,0004,0,1.543806825,0.899943,0.899943
Ans,0000,0,0.916055982,1.2010194444444444,0.89975
Ans,0001,0,1.898400415,1.366475,0.8999111111111111
Ans,0002,0,1.044597018,1.1603055555555555,0.9000888888888889
Ans,0003,0,0.947413582,1.1101583333333334,0.8997472222222223
Ans,0004,0,1.707978056,1.4288194444444444,0.8997
Arn,0000,0,2.552297888,0.8964583333333334,0.8964583333333334
Arn,0001,0,2.85745776,0.89675,0.89675
Arn,0002,0,2.669991544,0.8967916666666667,0.8967916666666667
Arn,0003,0,2.197329648,0.8964583333333334,0.8964583333333334
Arn,0004,0,2.666730792,0.8967916666666667,0.8967916666666667
Arnes,0000,0,7.664051642,1.540467375,0.902606125
Arnes,0001,0,8.607773006,1.3326455,0.905337
Arnes,0002,0,7.430594594,1.297558375,0.9006885
Arnes,0003,0,8.17887354,1.512011875,0.903247
Arnes,0004,0,6.737858971,1.083160375,0.904502125
Arpanet196912,0000,0,0.149484576,0.962446,0.962446
Arpanet196912,0001,0,0.146993518,1.2433,1.132629
Arpanet196912,0002,0,0.164680374,0.956687,0.923963
Arpanet196912,0003,0,0.162878746,1.052865,0.961027
Arpanet196912,0004,0,0.14626958,1.470942,1.208269
Arpanet19706,0000,0,0.197457779,0.899989,0.899989
Arpanet19706,0001,0,0.189929311,0.899991,0.899991
Arpanet19706,0002,0,0.187462039,0.931959,0.899989
Arpanet19706,0003,0,0.19856727,0.899991,0.899991
Arpanet19706,0004,0,0.235574355,0.899991,0.899991
Arpanet19719,0000,0,0.682213562,0.95448175,0.9000765
Arpanet19719,0001,0,0.723120719,1.2369775,0.9000275
Arpanet19719,0002,0,0.769004887,1.0865745,0.9000345
Arpanet19719,0003,0,0.667030435,0.937374,0.90003
Arpanet19719,0004,0,0.816593286,0.988302,0.900037
Arpanet19723,0000,0,1.746872467,0.998438,0.899961
Arpanet19723,0001,0,1.766248046,1.05999325,0.89996825
Arpanet19723,0002,0,1.724807966,0.92398775,0.90005475
Arpanet19723,0003,0,1.771029858,0.9255245,0.9000255
Arpanet19723,0004,0,2.078036093,1.0445805,0.899987
Arpanet19728,0000,0,4.366280755,1.160817,0.8999915
Arpanet19728,0001,0,3.452946208,1.18464275,0.90061
Arpanet19728,0002,0,3.415107752,1.1961195,0.90094425
Arpanet19728,0003,0,4.506015844,1.118897,0.90004875
Arpanet19728,0004,0,3.74391667,1.23155525,0.89998425
AsnetAm,0000,0,146.809555477,1.137118625,0.899725
AsnetAm,0001,0,148.904457544,1.21302925,0.899732
AsnetAm,0002,0,184.599570585,1.640686375,0.899744875
AsnetAm,0003,0,146.123598873,1.247585625,0.899718
AsnetAm,0004,0,239.193307663,2.3302665,0.90095175
Atmnet,0000,0,1.177063189,1.2319,0.8998677419354839
Atmnet,0001,0,1.173525505,1.0528870967741935,0.8998967741935484
Atmnet,0002,0,1.049178954,1.1880645161290322,0.8998935483870968
Atmnet,0003,0,1.00965249,1.1654483870967742,0.8998806451612903
Atmnet,0004,0,1.010928805,1.2062612903225807,0.8998806451612903
AttMpls,0000,0,666.279290834,1.8143539944444442,0.9122144861111111
AttMpls,0001,0,1302.623413865,2.033677,0.903853375
AttMpls,0002,0,19.651817551,1.8807044375000002,0.9136541249999999
AttMpls,0003,0,8.296432105,1.70808515,0.91276425
AttMpls,0004,0,4.256594975,1.5650365624999998,0.90007375
Azrena,0000,0,1.126245436,0.89996,0.89996
Azrena,0001,0,1.15977364,0.899949,0.899949
Azrena,0002,0,1.088606198,0.899956,0.899956
Azrena,0003,0,1.0213694,0.899946,0.899946
Azrena,0004,0,1.105775016,0.899962,0.899962
Bandcon,0000,0,1.298504827,1.341786,0.9000611666666667
Bandcon,0001,0,1.310207322,1.36596225,0.90002625
Bandcon,0002,0,1.304816956,1.3554525,0.9000125
Bandcon,0003,0,1.266328056,1.415791,0.8999956666666666
Bandcon,0004,0,1.237639951,1.4376165,0.8999995
Basnet,0000,0,0.163732294,0.8997419354838709,0.8997419354838709
Basnet,0001,0,0.184742376,0.8996129032258064,0.8996129032258064
Basnet,0002,0,0.16713722,0.8996129032258064,0.8996129032258064
Basnet,0003,0,0.172576033,0.8996129032258064,0.8996129032258064
Basnet,0004,0,0.166897081,0.8997419354838709,0.8997419354838709
Bbnplanet,0000,0,1.930478133,0.9072666666666667,0.8990666666666667
Bbnplanet,0001,0,2.00034159,1.1592555555555555,0.8991444444444444
Bbnplanet,0002,0,2.022420941,1.4006333333333334,0.8990111111111111
Bbnplanet,0003,0,1.996040345,1.3306,0.899
Bbnplanet,0004,0,2.243835207,1.3677777777777778,0.8990555555555556
Bellcanada,0000,0,44.955776153,1.469394,0.8999580833333334
Bellcanada,0001,0,42.837338903,1.452509,0.8999485
Bellcanada,0002,0,47.436752135,1.337146,0.8999315
Bellcanada,0003,0,47.210976014,1.599112,0.899884
Bellcanada,0004,0,40.767901049,1.690513,0.899878
Bellsouth,0000,0,48.349561471,1.347594,0.899881
Bellsouth,0001,0,50.270842926,1.26125,0.899906
Bellsouth,0002,0,49.338630556,1.3044885,0.899886
Bellsouth,0003,0,43.242134073,0.98382675,0.899881
Bellsouth,0004,0,49.495243434,1.302733,0.899931
Belnet2003,0000,0,2.105255888,2.4653276,2.4653276
Belnet2003,0001,0,1.85073805,3.254952,3.254952
Belnet2003,0002,0,2.168881409,3.0215004,3.0215004
Belnet2003,0003,0,1.977542861,0.916029,0.89999
Belnet2003,0004,0,1.78251242,2.902152,2.902152
Belnet2004,0000,0,1.949828184,3.1735944,3.1735944
Belnet2004,0001,0,2.30735231,1.3974256,1.2184356
Belnet2004,0002,0,2.043892015,2.3108296,2.3108296
Belnet2004,0003,0,1.731683762,2.162098,2.162098
Belnet2004,0004,0,2.274017021,2.3697644,2.3697644
Belnet2005,0000,0,2.287052725,1.4111804,1.082918
Belnet2005,0001,0,2.397079911,1.1906645,0.900078
Belnet2005,0002,0,2.365882041,1.2158712,0.9100434
Belnet2005,0003,0,2.332104078,1.2810081599999998,0.9872732
Belnet2005,0004,0,2.302126091,2.289784,1.45338
Belnet2006,0000,0,2.356990176,1.2965656,1.071694
Belnet2006,0001,0,1.921719376,4.255964,4.255964
Belnet2006,0002,0,2.457008573,1.2887648,1.1469392
Belnet2006,0003,0,2.348625073,1.5105060799999999,1.2913026
Belnet2006,0004,0,2.095019272,1.1661184,0.9000779
Belnet2007,0000,0,1.17966041,1.1494772333333334,0.9000490999999999
Belnet2007,0001,0,1.261248492,0.9385210000000002,0.9000243333333331
Belnet2007,0002,0,1.265701038,1.00183,0.8999889999999999
Belnet2007,0003,0,1.361484842,1.0348047,0.900062
Belnet2007,0004,0,1.224577648,1.035574,0.89999
Belnet2008,0000,0,1.019110923,1.2397826666666665,0.900013
Belnet2008,0001,0,1.236993619,1.0560538333333334,0.8999950000000001
Belnet2008,0002,0,1.277284677,1.074541,0.899999
Belnet2008,0003,0,1.474263741,1.289673,0.8999775666666666
Belnet2008,0004,0,1.211818915,1.089667,0.900039
Belnet2009,0000,0,1.33218754,1.084957,0.9000486666666666
Belnet2009,0001,0,1.330623753,0.947063,0.90006
Belnet2009,0002,0,1.268153098,1.215681,0.900008
Belnet2009,0003,0,1.140358137,1.283664,0.900011
Belnet2009,0004,0,1.215290755,1.0201,0.899985
Belnet2010,0000,0,1.528504764,1.1540899,0.9000202999999999
Belnet2010,0001,0,1.538234905,1.0286833333333332,0.8999843333333333
Belnet2010,0002,0,1.540126805,1.145085,0.9000555000000001
Belnet2010,0003,0,1.44071344,1.2413115,0.9000355
Belnet2010,0004,0,1.518323582,1.0544642666666666,0.9000345
BeyondTheNetwork,0000,0,84.615057837,1.7501338333333332,0.90004
BeyondTheNetwork,0001,0,69.653445547,1.54657225,0.899919625
BeyondTheNetwork,0002,0,74.289523804,1.7911035,0.89995175
BeyondTheNetwork,0003,0,79.307841034,1.621687,0.89999075
BeyondTheNetwork,0004,0,82.95733108,1.7834481666666668,0.900549
Bics,0000,0,8.119111303,1.2632605,0.9000256666666666
Bics,0001,0,7.616482237,1.3158485833333335,0.9000135
Bics,0002,0,10.389972985,1.38308675,0.899996
Bics,0003,0,7.386798113,1.6981397083333332,0.8999588333333334
Bics,0004,0,7.362406009,1.196041,0.9000030000000001
Biznet,0000,0,3.893912135,1.4155365,0.900026
Biznet,0001,0,3.215335625,1.4623185,0.9000315
Biznet,0002,0,3.149115818,1.365356,0.9000065
Biznet,0003,0,3.757856255,1.3349685,0.900025
Biznet,0004,0,3.414826118,1.182884,0.9000265
Bren,0000,0,7.061037579,1.2409185393258426,0.8999676966292135
Bren,0001,0,6.490065678,1.475925561797753,0.8999241573033708
Bren,0002,0,7.868378176,1.5919620786516855,0.8999733146067416
Bren,0003,0,7.884026373,1.1627415730337078,0.8999311797752809
Bren,0004,0,7.976717144,1.112913,0.899977
BsonetEurope,0000,0,1.033614807,1.52069775,0.9000655833333334
BsonetEurope,0001,0,2.726336197,1.58065575,0.9000593333333333
BsonetEurope,0002,0,0.922815586,1.3254543333333333,0.9000236666666667
BsonetEurope,0003,0,1.130797482,1.360544875,0.9000645
BsonetEurope,0004,0,1.976843517,1.5989069583333333,0.9000250833333334
BtAsiaPac,0000,0,1.966609511,1.3668860833333332,0.9000573333333334
BtAsiaPac,0001,0,9.060690185,1.3893244166666665,0.9000793333333333
BtAsiaPac,0002,0,3.727316509,1.6925016666666668,0.9000919166666668
BtAsiaPac,0003,0,1.696492639,1.2372016666666665,0.9002435833333332
BtAsiaPac,0004,0,3.195280864,1.3976490833333335,0.901339
BtEurope,0000,0,2.888571576,1.77478725,0.9580375
BtEurope,0001,0,2.528752567,1.8110581666666667,0.9113285
BtEurope,0002,0,2.703435579,1.79057175,1.102091
BtEurope,0003,0,2.454190847,1.91325225,0.9139595
BtEurope,0004,0,2.669228133,2.261043083333333,1.150131
BtLatinAmerica,0000,0,18.737302669,0.899748,0.899748
BtLatinAmerica,0001,0,18.869219906,0.899738,0.899738
BtLatinAmerica,0002,0,18.395098214,0.899758,0.899758
BtLatinAmerica,0003,0,18.310907854,0.899746,0.899746
BtLatinAmerica,0004,0,18.184684194,0.89975,0.89975
BtNorthAmerica,0000,0,76.730620944,1.9001776458333333,0.9002675833333332
BtNorthAmerica,0001,0,24.565335267,1.6197473888888891,0.9006702430555555
BtNorthAmerica,0002,1,-,-,-
BtNorthAmerica,0003,0,197.493652485,1.7371325958333335,0.9001971458333332
BtNorthAmerica,0004,1,-,-,-
Canerie,0000,0,6.695919971,1.586299,0.900028
Canerie,0001,0,5.959565995,1.785087,0.89996
Canerie,0002,0,5.823664731,1.4696205,0.900038
Canerie,0003,0,7.479316962,1.477942,0.899949
Canerie,0004,0,7.933884458,1.441775,0.899959
Carnet,0000,0,13.864806251,0.899842,0.899842
Carnet,0001,0,14.510185552,0.899832,0.899832
Carnet,0002,0,14.533222092,0.899832,0.899832
Carnet,0003,0,14.625031405,0.899839,0.899839
Carnet,0004,0,14.715939782,0.899834,0.899834
Cernet,0000,0,18.779378667,1.0943850666666666,0.9565724910181315
Cernet,0001,0,17.313224013,1.1901406809910577,1.0418210243290975
Cernet,0002,0,15.314444576,1.148285872720749,1.0376838709677418
Cernet,0003,0,18.159022937,1.1745741935483873,0.9492432
Cernet,0004,0,16.710511264,1.1915709677419357,0.9283629001067106
Cesnet1993,0000,0,0.208353006,0.8981666666666667,0.8981666666666667
Cesnet1993,0001,0,0.201931116,0.8975,0.8975
Cesnet1993,0002,0,0.19443592,0.8975,0.8975
Cesnet1993,0003,0,0.215152414,0.8975,0.8975
Cesnet1993,0004,0,0.196496888,0.8985,0.8985
Cesnet1997,0000,0,0.40010337,0.8994705882352941,0.8994705882352941
Cesnet1997,0001,0,0.353202514,0.8995,0.8995
Cesnet1997,0002,0,0.225241688,0.8994705882352941,0.8994705882352941
Cesnet1997,0003,0,0.351354304,0.8993529411764706,0.8993529411764706
Cesnet1997,0004,0,0.335920963,0.8993823529411765,0.8993823529411765
Cesnet1999,0000,0,0.352028075,0.8998774193548387,0.8998774193548387
Cesnet1999,0001,0,0.338207639,0.8998529411764706,0.8998529411764706
Cesnet1999,0002,0,0.336674132,0.89925,0.89925
Cesnet1999,0003,0,0.350625613,0.8992258064516129,0.8992258064516129
Cesnet1999,0004,0,0.354344198,0.8998529411764706,0.8998529411764706
Cesnet2001,0000,0,1.339081782,1.058107012680759,1.058107012680759
Cesnet2001,0001,0,1.127008908,1.058107012680759,1.058107012680759
Cesnet2001,0002,0,1.175976828,1.0581092801387684,1.0581092801387684
Cesnet2001,0003,0,1.154024061,1.0581002103067303,1.0581002103067303
Cesnet2001,0004,0,1.153169163,1.058107012680759,1.058107012680759
Cesnet200304,0000,0,4.190331791,1.2551908,0.9000488
Cesnet200304,0001,0,3.78963607,1.2472796,0.8999583333333333
Cesnet200304,0002,0,3.239906095,1.2539148,0.900044
Cesnet200304,0003,0,3.274157116,1.1600684,0.900047
Cesnet200304,0004,0,3.271847784,1.1423928,0.8999533333333334
Cesnet200511,0000,0,10.320020014,1.2846136542231985,0.9000554
Cesnet200511,0001,0,12.099326955,1.7667957873254292,0.928796
Cesnet200511,0002,0,10.970534904,1.945118593797022,0.9000276
Cesnet200511,0003,0,13.748258748,1.792963074868874,0.9000978
Cesnet200511,0004,0,11.034353462,1.2709561743617392,0.900036
Cesnet200603,0000,0,12.881945292,1.9178591179629694,0.9001072
Cesnet200603,0001,0,9.276823147,1.1795198,0.9164822731990503
Cesnet200603,0002,0,10.575604521,1.7879725402996973,0.9000412
Cesnet200603,0003,0,8.939178241,1.551990514667347,1.0482762
Cesnet200603,0004,0,9.140645356,2.2697813633235815,0.9264470590221929
Cesnet200706,0000,0,27.122957971,2.0310029912565284,0.96381
Cesnet200706,0001,0,21.850985555,2.3009951881682675,0.9750747159876512
Cesnet200706,0002,0,25.6157086,2.1404624583784404,0.9000112
Cesnet200706,0003,0,26.929014017,2.2026920872585034,0.9000196
Cesnet200706,0004,0,26.579849079,2.0275641148663444,0.8999879835057806
Cesnet201006,0000,0,57.829423034,2.1718849290034123,0.8999690666628678
Cesnet201006,0001,0,60.092406579,2.2618712404929595,0.9000180995636262
Cesnet201006,0002,0,63.611115373,2.0829707272946507,0.9000738100967837
Cesnet201006,0003,0,57.870573825,2.1447186668952747,0.9000245228100291
Cesnet201006,0004,0,57.672692031,2.2037613174209807,0.9000155345048317
Chinanet,0000,0,34.926446089,1.67141275,1.24757975
Chinanet,0001,0,34.800664016,2.072374925,1.386723125
Chinanet,0002,1,-,-,-
Chinanet,0003,0,30.716528397,2.10755575,0.9812321666666667
Chinanet,0004,0,38.745080548,2.7912255,1.267532
Claranet,0000,0,0.85448095,1.211927,0.9000225
Claranet,0001,0,0.541537627,1.3116705,0.9000605
Claranet,0002,0,0.583441203,1.528764,0.900069
Claranet,0003,0,0.871124001,1.1580415,0.9000655
Claranet,0004,0,0.525168578,1.3471415,0.9000105
Cogentco,0000,1,-,-,-
Cogentco,0001,1,-,-,-
Cogentco,0002,1,-,-,-
Cogentco,0003,1,-,-,-
Cogentco,0004,1,-,-,-
Colt,0000,1,-,-,-
Colt,0001,1,-,-,-
Colt,0002,1,-,-,-
Colt,0003,1,-,-,-
Colt,0004,1,-,-,-
Columbus,0000,0,219.266823503,1.1790323333333332,0.8997964166666667
Columbus,0001,0,209.904651455,1.1835524166666667,0.8998168333333333
Columbus,0002,0,219.685894255,1.1888399166666666,0.8998105
Columbus,0003,0,210.307702958,1.1618105,0.899797
Columbus,0004,0,220.435824184,1.13419525,0.8997495833333333
Compuserve,0000,0,1.421760875,1.8472666666666666,0.89995
Compuserve,0001,0,1.089826917,1.4976055555555556,0.8999333333333334
Compuserve,0002,0,1.158050947,1.4103222222222223,0.9012
Compuserve,0003,0,1.292017677,1.5543555555555555,0.8998888888888888
Compuserve,0004,0,1.361062005,1.6254166666666667,0.8998888888888888
CrlNetworkServices,0000,0,5.156847263,1.6589222222222222,0.8991555555555556
CrlNetworkServices,0001,0,5.999963291,1.5505333333333333,0.8986888888888889
CrlNetworkServices,0002,0,5.774607652,1.316,0.8987222222222222
CrlNetworkServices,0003,0,5.21312802,1.2762,0.8986111111111111
CrlNetworkServices,0004,0,5.74631373,1.5500333333333334,0.8987444444444445
Cudi,0000,0,31.851823546,0.8998870833333333,0.8998870833333333
Cudi,0001,0,31.631386878,0.8999529166666667,0.8999529166666667
Cudi,0002,0,32.302069705,0.8998883333333333,0.8998883333333333
Cudi,0003,0,32.11494414,0.8998845833333333,0.8998845833333333
Cudi,0004,0,31.445406535,0.8998883333333333,0.8998883333333333
Cwix,0000,0,7.578468315,1.2188037037037038,0.8988074074074073
Cwix,0001,0,9.454907657,1.475014814814815,0.8989111111111111
Cwix,0002,0,7.418326031,1.1296314814814814,0.8989111111111111
Cwix,0003,0,7.602687613,1.2342,0.8988074074074073
Cwix,0004,0,7.910043196,1.1962481481481482,0.8988888888888888
Cynet,0000,0,2.386796546,0.8994971804511278,0.8994971804511278
Cynet,0001,0,2.831987892,0.8994501879699248,0.8994501879699248
Cynet,0002,0,2.241293175,0.8994736842105263,0.8994736842105263
Cynet,0003,0,2.336601944,0.8995112781954887,0.8995112781954887
Cynet,0004,0,2.562167567,0.8994736842105263,0.8994736842105263
Darkstrand,0000,0,2.815872158,1.1062745,0.900022
Darkstrand,0001,0,2.651130446,1.1641845,0.899971
Darkstrand,0002,0,2.641651461,1.040536,0.900019
Darkstrand,0003,0,2.675459641,1.027188,0.900031
Darkstrand,0004,0,2.603366091,1.05033225,0.89995275
Dataxchange,0000,0,0.159783828,1.0392666666666666,1.0392666666666666
Dataxchange,0001,0,0.197999072,1.2840666666666667,1.0802222222222222
Dataxchange,0002,0,0.170144628,1.2485555555555556,1.2024
Dataxchange,0003,0,0.167515376,0.98,0.98
Dataxchange,0004,0,0.165709372,1.432511111111111,1.432511111111111
Deltacom,0000,1,-,-,-
Deltacom,0001,1,-,-,-
Deltacom,0002,1,-,-,-
Deltacom,0003,1,-,-,-
Deltacom,0004,1,-,-,-
DeutscheTelekom,0000,0,6.917417075,1.2944341666666666,0.9000811666666666
DeutscheTelekom,0001,0,4.833539963,1.164138,0.899957
DeutscheTelekom,0002,0,4.67446237,0.899957,0.899957
DeutscheTelekom,0003,0,5.52774012,1.5048447291666667,0.899961
DeutscheTelekom,0004,0,4.757021679,1.122506,0.89996
Dfn,0000,0,120.797057579,1.62296325,0.89999025
Dfn,0001,0,197.547543666,2.8167695,0.90091425
Dfn,0002,0,216.974269028,2.31072875,0.908466
Dfn,0003,0,234.710986196,2.304885,0.90003825
Dfn,0004,0,229.888180217,2.408236875,0.907858
DialtelecomCz,0000,1,-,-,-
DialtelecomCz,0001,1,-,-,-
DialtelecomCz,0002,1,-,-,-
DialtelecomCz,0003,1,-,-,-
DialtelecomCz,0004,1,-,-,-
Digex,0000,0,4.158403268,0.9579333333333333,0.8989111111111111
Digex,0001,0,4.154321542,0.9968888888888889,0.8988444444444444
Digex,0002,0,4.208386174,0.9690666666666666,0.8988777777777778
Digex,0003,0,4.201180643,0.9739259259259259,0.8987888888888889
Digex,0004,0,4.43344708,1.0659685185185184,0.8988796296296296
Easynet,0000,0,1.146660423,1.34183,0.900016
Easynet,0001,0,0.965783417,1.3828288333333332,0.899977
Easynet,0002,0,1.125291096,1.217687,0.8999835
Easynet,0003,0,1.235786889,1.238191,0.899991
Easynet,0004,0,1.111830484,1.628575,0.900005
Eenet,0000,0,0.355688446,0.9539915,0.9539915
Eenet,0001,0,0.371945301,0.9539885,0.9539885
Eenet,0002,0,0.272382667,0.953989,0.953989
Eenet,0003,0,0.238281252,0.95399,0.95399
Eenet,0004,0,0.385542684,0.953991,0.953991
EliBackbone,0000,0,1.939065518,1.7986420833333334,0.9000545833333333
EliBackbone,0001,0,1.222878785,1.4737325416666665,0.900004375
EliBackbone,0002,0,1.477406765,1.41634225,0.9000290416666666
EliBackbone,0003,0,1.934415467,1.5861733333333334,0.9000665
EliBackbone,0004,0,1.631654794,1.4460605833333333,0.90001975
Epoch,0000,0,0.166117483,1.2871777777777778,0.9950555555555556
Epoch,0001,0,0.16585239,0.9052777777777777,0.9052777777777777
Epoch,0002,0,0.192498379,1.1331222222222221,0.9195444444444445
Epoch,0003,0,0.172579138,1.369488888888889,0.9123888888888889
Epoch,0004,0,0.173815133,0.9845222222222222,0.9473111111111111
Ernet,0000,0,3.227123905,1.0134315,0.899951
Ernet,0001,0,4.918505645,1.408024,0.899946
Ernet,0002,0,3.955623538,1.089705,0.90001625
Ernet,0003,0,3.703860649,1.1161025,0.9000025
Ernet,0004,0,3.935674159,1.2797685,0.899949
Esnet,0000,0,263.783586984,1.6685343,0.9714319
Esnet,0001,0,220.074492164,1.4357969058056954,0.9577053
Esnet,0002,0,256.455001109,1.4256552,0.9186886
Esnet,0003,0,268.323595811,1.4453048,0.9550542
Esnet,0004,0,243.136479392,1.4655845913334329,0.9342413
Eunetworks,0000,0,0.432319329,1.278655,0.89999
Eunetworks,0001,0,0.540983736,1.2534535,0.900074
Eunetworks,0002,0,0.507119927,1.2335793333333336,0.9000353333333333
Eunetworks,0003,0,0.409619599,0.919964,0.900061
Eunetworks,0004,0,0.421392715,0.9296173333333334,0.9000533333333333
Evolink,0000,0,7.750172437,1.152552,0.9000125
Evolink,0001,0,9.215416938,1.2844975,0.89998
Evolink,0002,0,8.97372738,1.188336,0.90000225
Evolink,0003,0,8.504504317,1.09149875,0.89997125
Evolink,0004,0,8.694370177,1.36948475,0.89994525
Fatman,0000,0,0.60752296,0.899978,0.899978
Fatman,0001,0,0.572644354,0.899977,0.899977
Fatman,0002,0,0.629695124,0.899971,0.899971
Fatman,0003,0,0.593045398,0.899973,0.899973
Fatman,0004,0,0.588970298,0.899973,0.899973
Fccn,0000,0,1.479967769,1.528796,0.900019
Fccn,0001,0,1.448711352,1.134371,0.899969
Fccn,0002,0,1.418993615,1.617752,0.900057
Fccn,0003,0,1.616824869,1.685166,0.900035
Fccn,0004,0,1.374570833,1.728403,0.900043
Forthnet,0000,0,79.360855606,0.8999888888888888,0.8999888888888888
Forthnet,0001,0,86.76039443,1.1628976666666666,0.8999883888888889
Forthnet,0002,0,81.385195175,1.3580978888888888,0.8999891111111111
Forthnet,0003,0,86.592162818,1.3455797777777778,0.8999876111111111
Forthnet,0004,0,91.049050422,1.5063600555555556,0.8999896111111111
Funet,0000,0,1.915393026,1.076614,0.8999725
Funet,0001,0,2.247524832,1.2143715,0.8999665
Funet,0002,0,1.92311395,1.2347105,0.8999855
Funet,0003,0,2.072083597,1.214491,0.899974
Funet,0004,0,2.071043012,1.1610345,0.9000075
Gambia,0000,0,1.879582872,0.89968,0.89968
Gambia,0001,0,2.078509352,0.89965,0.89965
Gambia,0002,0,2.138966574,0.89968,0.89968
Gambia,0003,0,2.140751392,0.899655,0.899655
Gambia,0004,0,2.015951026,0.89966,0.89966
Garr199901,0000,0,0.593834709,1.098765,0.900064
Garr199901,0001,0,0.93783665,1.038377,0.900054
Garr199901,0002,0,0.752994112,1.199841,0.900067
Garr199901,0003,0,0.576110201,1.273288,0.900078
Garr199901,0004,0,0.69800753,1.191545,0.900052
Garr199904,0000,0,1.552705888,1.105567741935484,0.8999225806451613
Garr199904,0001,0,1.368316816,1.0774903225806451,0.8999419354838709
Garr199904,0002,0,1.543303214,1.1078064516129031,0.8999290322580645
Garr199904,0003,0,1.637011154,1.0251935483870969,0.8999935483870968
Garr199904,0004,0,1.274461175,1.4260709677419354,0.8999677419354839
Garr199905,0000,0,1.833807806,1.0625806451612902,0.8999483870967742
Garr199905,0001,0,1.604338276,0.9556258064516129,0.900341935483871
Garr199905,0002,0,1.505699147,1.042516129032258,0.8999741935483871
Garr199905,0003,0,2.11234614,1.2415935483870968,0.8999483870967742
Garr199905,0004,0,1.290368009,1.1750645161290323,0.8999806451612903
Garr200109,0000,0,1.436964805,1.0787806451612902,0.8999096774193548
Garr200109,0001,0,1.360981587,1.297109677419355,0.8999419354838709
Garr200109,0002,0,1.181079696,1.143316129032258,0.8999806451612903
Garr200109,0003,0,1.247294663,1.1694774193548387,0.8999548387096774
Garr200109,0004,0,1.140906363,1.1910387096774193,0.8999612903225807
Garr200112,0000,0,1.633607211,1.0653741935483871,0.8998774193548387
Garr200112,0001,0,1.792526459,1.0615419354838709,0.8999096774193548
Garr200112,0002,0,1.72355675,1.163374193548387,0.8999741935483871
Garr200112,0003,0,1.556963969,1.2540709677419355,0.8999096774193548
Garr200112,0004,0,1.485319053,1.1371290322580645,0.8999032258064517
Garr200212,0000,0,2.366715934,1.0122709677419355,0.8998387096774193
Garr200212,0001,0,2.282469915,1.281658064516129,0.899858064516129
Garr200212,0002,0,2.28875256,1.5566064516129032,1.1318548387096774
Garr200212,0003,0,2.206361244,1.0883225806451613,0.8998258064516129
Garr200212,0004,0,2.18418957,1.359447311827957,0.8998279569892473
Garr200404,0000,0,1.450067321,1.0720193548387096,0.9
Garr200404,0001,0,1.160959255,1.0196387096774193,0.8999419354838709
Garr200404,0002,0,1.407139693,1.2503741935483872,0.8999806451612903
Garr200404,0003,0,1.47878877,1.1724451612903226,0.8999483870967742
Garr200404,0004,0,1.290008924,1.0150193548387096,0.9001806451612904
Garr200902,0000,0,106.71312496,2.2118672,0.9026766500000002
Garr200902,0001,0,77.789198175,1.1961616,0.89999
Garr200902,0002,0,77.9266471,1.330906,0.9085645666666666
Garr200902,0003,0,59.942964694,1.0292556,0.899902
Garr200902,0004,0,82.724002401,1.361124,0.9314104
Garr200908,0000,0,86.693382263,1.888264,0.9000472
Garr200908,0001,0,79.709987748,1.9892312,0.90987995
Garr200908,0002,0,73.81837858,1.6590224,0.9627461538461538
Garr200908,0003,0,86.928871398,1.8579448,0.900024
Garr200908,0004,0,64.78290909,1.6451688,0.984247
Garr200909,0000,0,74.751530358,1.8460972,0.958656
Garr200909,0001,0,72.065243489,1.5310056,0.8999169230769231
Garr200909,0002,0,96.356201372,1.7492150304708818,0.9607416
Garr200909,0003,0,90.500526377,1.576176,0.9013052
Garr200909,0004,0,81.744054272,1.6305696,0.9000132
Garr200912,0000,0,73.411065523,1.4969706,0.9467956
Garr200912,0001,0,72.398047917,1.5403232,0.9812172
Garr200912,0002,0,65.506533379,1.2863341530420966,0.9090302315142905
Garr200912,0003,0,61.255785373,1.6261376,0.8999261538461538
Garr200912,0004,0,102.465475679,1.4553692,0.9563540475653151
Garr201001,0000,0,68.223793722,1.9753044265593562,0.99211635
Garr201001,0001,0,64.312166772,1.619866800804829,1.1302323076923078
Garr201001,0002,0,65.470604509,1.567985,0.905651
Garr201001,0003,0,102.944236143,2.1552498993963782,0.93366025
Garr201001,0004,0,70.360211766,1.993496579476861,1.007009
Garr201003,0000,0,84.437926192,1.1459297666666668,0.9093788
Garr201003,0001,0,68.504865337,1.18724,1.019401
Garr201003,0002,0,68.469051349,1.2872212,0.9005464
Garr201003,0003,0,73.669033493,1.1627034,0.8999230769230769
Garr201003,0004,0,69.396559683,1.095492,0.8999169230769231
Garr201004,0000,0,87.792671793,1.3978076,0.9408852
Garr201004,0001,0,80.758015269,1.4371175666666667,0.976953
Garr201004,0002,0,65.348699184,1.6119322,1.204614
Garr201004,0003,0,57.953278181,0.9687167371079154,0.8999230769230769
Garr201004,0004,0,101.875759416,1.4510613333333333,0.9178572
Garr201005,0000,0,75.761301395,1.2156592,0.90042235
Garr201005,0001,0,72.607868764,1.1102615962441316,0.9194412
Garr201005,0002,0,100.347431424,1.5387842253521127,0.9022092018779343
Garr201005,0003,0,76.148064292,1.15374035,0.9059528
Garr201005,0004,0,96.222572682,1.38090555,0.9406019666666668
Garr201007,0000,0,84.039362979,1.3599599204854347,0.8999246153846154
Garr201007,0001,0,85.028028317,1.2513086333333334,1.119515
Garr201007,0002,0,77.633932573,1.166788,0.8999956
Garr201007,0003,0,88.874702208,1.476117,0.9082870380670994
Garr201007,0004,0,108.087806651,1.604812,0.9654689333333334
Garr201008,0000,0,81.109920553,1.232912,0.9076942166666666
Garr201008,0001,0,75.546179519,1.2268232,0.899986
Garr201008,0002,0,84.884204936,1.567879,0.9000396
Garr201008,0003,0,100.101457518,1.41157605,0.9162692307692307
Garr201008,0004,0,74.251237213,1.2735308,1.221674
Garr201010,0000,0,113.685635183,1.3323118666666667,0.9010355666666666
Garr201010,0001,0,84.597363605,1.2945896,0.9974044
Garr201010,0002,0,106.15951031,1.2278584666666665,0.9000492307692308
Garr201010,0003,0,90.416944297,1.323428,0.9000453
Garr201010,0004,0,103.650382554,1.2403428,0.9005092166666668
Garr201012,0000,0,81.57216005,1.0270896,0.9004915333333334
Garr201012,0001,0,91.149796947,1.1092852,0.9000392
Garr201012,0002,0,86.947006488,1.0395304333333333,0.8999952664929656
Garr201012,0003,0,100.3747947,1.4536172,0.9000036197406734
Garr201012,0004,0,75.652642895,0.9768884,0.9000192
Garr201101,0000,0,105.487922594,1.4853348,0.9222437833333332
Garr201101,0001,0,83.178146854,1.354374,0.9000476
Garr201101,0002,0,99.1552837,1.431048812899085,1.0413865138207963
Garr201101,0003,0,93.019915649,1.3771056,0.9557086166666666
Garr201101,0004,0,82.544537961,1.319,0.9000508
Garr201102,0000,0,81.321985778,0.89994,0.89994
Garr201102,0001,0,79.142912835,0.9609964,0.89995
Garr201102,0002,0,86.742514825,1.1521176,0.899945
Garr201102,0003,0,85.379946423,1.0782044,0.89995
Garr201102,0004,0,84.095598529,0.9902024,0.899944
Garr201103,0000,0,78.824985447,0.899941,0.899941
Garr201103,0001,0,90.192815295,0.899944,0.899944
Garr201103,0002,0,104.121349731,1.3230408,0.90751605
Garr201103,0003,0,90.033312114,0.9707176,0.899944
Garr201103,0004,0,106.306145393,1.20647,1.0034815666666665
Garr201104,0000,0,99.037054239,0.899941,0.899941
Garr201104,0001,0,115.283741118,1.1691708,0.9741192666666668
Garr201104,0002,0,97.570002868,0.8999715,0.8999715
Garr201104,0003,0,101.24834466,0.899941,0.899941
Garr201104,0004,0,110.41588176,1.0371744,0.934072
Garr201105,0000,0,116.096877797,1.2947772,1.160635
Garr201105,0001,0,96.687700948,0.9790596,0.899947
Garr201105,0002,0,94.336825245,0.899943,0.899943
Garr201105,0003,0,116.90944315,1.4035784,1.1708607584677817
Garr201105,0004,0,122.216269007,1.0751484,0.9000088
Garr201107,0000,0,119.170996732,1.1242492,0.9222103166666666
Garr201107,0001,0,99.370433538,1.1106188,0.899946
Garr201107,0002,0,138.789342437,1.46392,0.9017952
Garr201107,0003,0,111.315679868,1.3550208,0.899947
Garr201107,0004,0,104.898694792,1.3470136,0.899947
Garr201108,0000,0,116.928206647,1.6996964,0.899946
Garr201108,0001,0,110.775908457,1.6592596,0.8999664
Garr201108,0002,0,111.252523033,1.6683392,0.8999676
Garr201108,0003,0,120.06459947,1.6538584,0.899978
Garr201108,0004,0,118.58714446,1.739636,0.900044
Garr201109,0000,0,121.707907021,1.6535364,0.9000224
Garr201109,0001,0,112.20197768,1.6480192,0.8999688
Garr201109,0002,0,120.016925205,1.568964,0.89997
Garr201109,0003,0,131.652213029,1.637068,0.9134647
Garr201109,0004,0,120.803007136,1.7105288,0.900006
Garr201110,0000,0,120.991472336,1.7131356,0.899938
Garr201110,0001,0,108.885339704,1.6387374,0.900011
Garr201110,0002,0,120.17471053,1.652236,0.9000492
Garr201110,0003,0,113.798124208,1.73936,0.9000072
Garr201110,0004,0,119.587228059,1.4783022,0.8999916
Garr201111,0000,0,118.63188008,1.7034908,0.9000388
Garr201111,0001,0,133.741985978,1.7529704,0.8999852
Garr201111,0002,0,123.446648574,1.6175432,0.899984
Garr201111,0003,0,133.059477873,1.6526388,0.9000436
Garr201111,0004,0,128.072871274,1.6962456,0.8999852
Garr201112,0000,0,127.777799694,1.6166066,0.9000058
Garr201112,0001,0,136.874111568,1.555221,0.9000506
Garr201112,0002,0,136.55989737,1.471955,0.8999894
Garr201112,0003,0,138.382837245,1.276268,0.899938
Garr201112,0004,0,134.037171082,1.6565868,0.9000396
Garr201201,0000,0,133.610705698,1.0054736,0.9000204
Garr201201,0001,0,145.300679556,1.2511469166666667,1.11788
Garr201201,0002,0,128.889172125,1.0280304,0.899939
Garr201201,0003,0,144.880986728,1.1231504,0.9584169333333334
Garr201201,0004,0,131.268747821,1.2479412,0.9000108
Gblnet,0000,0,0.170989747,0.899993,0.899993
Gblnet,0001,0,0.169159502,0.899993,0.899993
Gblnet,0002,0,0.1769874,0.899993,0.899993
Gblnet,0003,0,0.168077833,0.899993,0.899993
Gblnet,0004,0,0.16788313,0.899992,0.899992
Geant2001,0000,0,6.541254362,1.2385902,0.9872604375
Geant2001,0001,0,2.999956744,1.1440361736334406,0.902226
Geant2001,0002,0,3.911918072,1.30042545,0.9453898
Geant2001,0003,0,3.097404621,1.0712394,0.9139344
Geant2001,0004,0,2.910467884,1.2215290875,0.9465685625
Geant2009,0000,0,11.133557354,1.80149405,0.9000715625
Geant2009,0001,0,24.98355304,2.2504138833333336,0.93833015
Geant2009,0002,0,12.238880091,2.216407425,0.9009794375
Geant2009,0003,0,13.345496188,2.0944492,0.90010455
Geant2009,0004,0,12.418615955,2.0432102,0.90008675
Geant2010,0000,0,23.283770078,2.2397092,0.9000453
Geant2010,0001,0,21.000071626,2.57291655,0.90007945
Geant2010,0002,0,23.3649311,2.451569465648855,0.90016215
Geant2010,0003,0,18.634394545,2.41998565,0.9000812213740458
Geant2010,0004,0,13.880674162,2.1475194,0.900083175572519
Geant2012,0000,0,30.725657686,2.10166315,0.90019785
Geant2012,0001,0,24.824049864,1.9219331555286656,0.9000655255874908
Geant2012,0002,0,27.228232624,2.498362418452318,0.90005935
Geant2012,0003,0,31.185109547,2.7747830023053957,0.90017035
Geant2012,0004,0,23.801699996,1.95512355,0.900082688379785
Getnet,0000,0,0.19175608,1.057688888888889,0.9239333333333334
Getnet,0001,0,0.191211257,1.3724666666666667,0.9186888888888889
Getnet,0002,0,0.177447057,1.1450444444444445,0.9224555555555556
Getnet,0003,0,0.214952918,1.0886111111111112,0.9202888888888889
Getnet,0004,0,0.166223258,1.2756444444444444,1.0062
Globalcenter,0000,0,0.282917677,1.3514,1.3514
Globalcenter,0001,0,0.240751882,1.6360666666666666,1.6360666666666666
Globalcenter,0002,0,0.240341512,1.1823777777777777,1.1823777777777777
Globalcenter,0003,0,0.240370176,1.3111111111111111,1.3111111111111111
Globalcenter,0004,0,0.244556597,1.5756666666666668,1.5756666666666668
Globenet,0000,0,287.826308903,1.42827,0.899837
Globenet,0001,0,269.047889031,1.477349,0.8998579166666666
Globenet,0002,0,272.179725861,1.497911,0.89989
Globenet,0003,0,265.661332865,1.361048,0.899858
Globenet,0004,0,242.424676846,1.415469,0.899904
Goodnet,0000,0,1.070173615,1.8758611111111112,0.9569481481481482
Goodnet,0001,0,0.794503435,1.4355407407407408,0.9560037037037037
Goodnet,0002,0,0.91448732,1.8184185185185184,1.2745333333333333
Goodnet,0003,0,0.982885608,1.5124518518518517,0.9007518518518519
Goodnet,0004,0,0.912756494,1.5700907407407407,0.9532592592592593
Grena,0000,0,0.402748906,0.899971,0.899971
Grena,0001,0,0.398881916,0.899962,0.899962
Grena,0002,0,0.505897979,0.899965,0.899965
Grena,0003,0,0.539704369,0.899964,0.899964
Grena,0004,0,0.510932186,0.899968,0.899968
Gridnet,0000,0,0.36008536,1.4032777777777778,0.9056111111111111
Gridnet,0001,0,0.234405886,1.0364777777777778,0.9116111111111111
Gridnet,0002,0,0.236963792,1.1017222222222223,0.9125111111111112
Gridnet,0003,0,0.633417569,1.2236555555555555,0.9002
Gridnet,0004,0,0.252558893,1.5061666666666667,0.9101888888888889
Grnet,0000,0,8.367829208,1.164342,1.0790304
Grnet,0001,0,8.857951028,0.91689,1.575833
Grnet,0002,0,9.206731485,1.4110256,1.5190324
Grnet,0003,0,8.721823471,0.899951,0.899951
Grnet,0004,0,8.036328153,0.89995,0.89995
GtsCe,0000,1,-,-,-
GtsCe,0001,1,-,-,-
GtsCe,0002,1,-,-,-
GtsCe,0003,1,-,-,-
GtsCe,0004,1,-,-,-
GtsCzechRepublic,0000,0,4.949004462,1.0437825,0.89997
GtsCzechRepublic,0001,0,5.336826507,1.309354,0.899956
GtsCzechRepublic,0002,0,4.321365902,1.4538125,0.900024
GtsCzechRepublic,0003,0,5.620794993,1.3211415,0.8999655
GtsCzechRepublic,0004,0,5.623414387,1.467318,0.89994
GtsHungary,0000,0,2.977082676,1.2795465,0.9000055
GtsHungary,0001,0,2.639924954,1.0491225,0.9000285
GtsHungary,0002,0,2.775141523,1.2441695,0.900033
GtsHungary,0003,0,3.051552627,1.0528195,0.90004
GtsHungary,0004,0,2.687670029,1.417713,0.8999695
GtsPoland,0000,0,5.081092737,1.282924,0.900024
GtsPoland,0001,0,7.234200355,1.327354,0.900011
GtsPoland,0002,0,5.899535875,1.28676,0.9000713333333333
GtsPoland,0003,0,5.607182268,1.120624,0.900046
GtsPoland,0004,0,6.566580308,1.344564,0.90002125
GtsRomania,0000,0,1.060047673,1.3192185,0.90001
GtsRomania,0001,0,1.246290567,1.481737,0.899995
GtsRomania,0002,0,1.166762859,1.033897,0.900053
GtsRomania,0003,0,1.388864954,1.5041605,0.899981
GtsRomania,0004,0,1.264766157,1.4860335,0.89998
GtsSlovakia,0000,0,8.102701663,1.6009848333333334,0.9000135
GtsSlovakia,0001,0,11.087536025,1.6317453333333332,0.89995
GtsSlovakia,0002,0,9.498387372,1.3163103333333332,0.9000018333333334
GtsSlovakia,0003,0,9.530566776,1.5327306666666667,0.8999723333333334
GtsSlovakia,0004,0,7.436304596,1.5389845,0.900013
Harnet,0000,0,1.213233431,1.3863256102973813,0.9000458055925431
Harnet,0001,0,1.062473663,1.23868655126498,0.8999785
Harnet,0002,0,1.367074691,1.7888978251220593,0.913513892587661
Harnet,0003,0,1.136622075,0.9064142032845096,0.9000658677319129
Harnet,0004,0,0.947223056,0.9635739014647137,0.8999964491788727
Heanet,0000,0,0.182771345,1.525681,1.083629
Heanet,0001,0,0.170226436,1.2456468333333333,1.1544575
Heanet,0002,0,0.178799754,1.4278496666666665,1.213517
Heanet,0003,0,0.213144976,1.259999,1.00883
Heanet,0004,0,0.175310346,0.9394635,0.9394635
HiberniaCanada,0000,0,0.458369941,0.9848585,0.900068
HiberniaCanada,0001,0,0.440948169,0.974045,0.902285
HiberniaCanada,0002,0,0.529111487,1.04008,0.900004
HiberniaCanada,0003,0,0.348103532,1.158054,0.899998
HiberniaCanada,0004,0,0.403611805,1.248499,0.900004
HiberniaGlobal,0000,0,100.552159434,1.667433,0.8998245
HiberniaGlobal,0001,0,84.802084382,1.6847075,0.899828
HiberniaGlobal,0002,0,98.20684596,1.6712835,0.899853
HiberniaGlobal,0003,0,98.567309305,1.73043525,0.89983275
HiberniaGlobal,0004,0,89.217620085,1.677241375,0.899824375
HiberniaIreland,0000,0,0.188623317,1.109221,0.922527
HiberniaIreland,0001,0,0.184695725,0.934059,0.901332
HiberniaIreland,0002,0,0.189400688,0.92977,0.901695
HiberniaIreland,0003,0,0.177577334,1.084278,0.927488
HiberniaIreland,0004,0,0.180691573,1.033772,0.900924
HiberniaNireland,0000,0,0.754275407,1.0833698333333335,0.9000346666666666
HiberniaNireland,0001,0,0.891580609,1.1519693333333334,0.9018868333333334
HiberniaNireland,0002,0,0.773591471,1.2221675,0.899997
HiberniaNireland,0003,0,0.794575867,1.3035783333333333,0.9000521666666668
HiberniaNireland,0004,0,0.735198384,1.0589783333333336,0.9000603333333334
HiberniaUk,0000,0,0.500182832,1.18647,0.900074
HiberniaUk,0001,0,0.491987452,1.059136,0.900002
HiberniaUk,0002,0,0.564417446,1.140335,0.900059
HiberniaUk,0003,0,0.530147231,0.904381,0.900022
HiberniaUk,0004,0,0.385081184,0.903784,0.900533
HiberniaUs,0000,0,1.205620131,1.229120625,0.899958
HiberniaUs,0001,0,1.332023518,1.3003363472222222,0.899958
HiberniaUs,0002,0,1.484276371,1.312005875,0.900038625
HiberniaUs,0003,0,1.102635137,0.899965,0.899965
HiberniaUs,0004,0,1.324137175,0.899955,0.899955
Highwinds,0000,0,1.168246575,1.369458520833333,0.9000526180555555
Highwinds,0001,0,1.630546318,1.3007418833333335,0.9000644189814816
Highwinds,0002,0,1.34177588,1.1709404333333333,0.9000184833333331
Highwinds,0003,0,1.323693492,1.435085727777778,0.899997310185185
Highwinds,0004,0,1.201292731,1.1925104666666668,0.8999928999999999
HostwayInternational,0000,0,0.722704777,1.255871,0.9000715
HostwayInternational,0001,0,0.471632084,0.899976,0.899976
HostwayInternational,0002,0,0.477189478,0.899974,0.899974
HostwayInternational,0003,0,0.672833438,1.2144663333333334,0.9000428333333332
HostwayInternational,0004,0,0.553085821,0.956655,0.899976
HurricaneElectric,0000,0,1.924390249,1.3286320000000003,0.9000046666666668
HurricaneElectric,0001,0,2.221433281,1.685797,0.8999985
HurricaneElectric,0002,0,1.970229818,1.399607111111111,0.900017
HurricaneElectric,0003,0,4.879279581,1.7691926666666666,0.9082468333333333
HurricaneElectric,0004,0,2.49170498,1.376653861111111,0.9000084166666665
Ibm,0000,0,2.468080003,1.1738222222222223,0.8998555555555555
Ibm,0001,0,1.057437102,1.6093555555555557,0.8998888888888888
Ibm,0002,0,1.324578742,1.0862444444444443,0.8997777777777778
Ibm,0003,0,0.972844013,1.2171574074074074,0.8997916666666667
Ibm,0004,0,1.095224794,1.215850925925926,0.8998444444444444
Iij,0000,0,13.237472726,1.2267730419854896,0.9253195931391461
Iij,0001,0,12.369574801,1.5090386619620197,1.12988655
Iij,0002,0,12.443650403,1.201259467565801,1.026588119695216
Iij,0003,0,15.322487425,1.3415402259355709,0.9000333642109268
Iij,0004,0,13.931061514,1.083474769121335,0.9339329849054784
Iinet,0000,0,10.567254221,1.811158,0.90005825
Iinet,0001,0,6.941207583,1.47487075,0.900071
Iinet,0002,0,8.99872014,1.3403495,0.900059
Iinet,0003,0,6.175565595,1.40639675,0.900031
Iinet,0004,0,8.752111655,1.37533575,0.900092
Ilan,0000,0,0.432693315,0.9161258333333333,0.9011733333333333
Ilan,0001,0,0.479193232,1.1145498333333335,0.9000623333333333
Ilan,0002,0,0.878933222,1.0772775,0.9000296666666667
Ilan,0003,0,0.522024774,0.9988771666666667,0.9034213333333334
Ilan,0004,0,0.626062357,1.0072555,0.9000628333333334
Integra,0000,0,3.295720173,1.37438875,0.90004775
Integra,0001,0,2.88269828,1.4051414166666665,0.900055
Integra,0002,0,3.510084488,1.06792975,0.90002625
Integra,0003,0,2.90675615,1.1854025,0.8999995
Integra,0004,0,3.179678849,1.0883085833333332,0.9000055
Intellifiber,0000,0,304.963757244,1.2242573333333335,0.8998145
Intellifiber,0001,0,377.324682686,1.4220760000000003,0.8998385
Intellifiber,0002,0,416.239217806,1.3985970277777775,0.8998383680555555
Intellifiber,0003,0,348.691445076,1.3804811666666668,0.8997805
Intellifiber,0004,0,412.99967623,1.394062,0.8998113958333332
Internetmci,0000,0,1.600847697,1.5703193548387098,0.8999222222222222
Internetmci,0001,0,1.227749868,1.0734666666666666,0.8999333333333335
Internetmci,0002,0,2.553910036,1.5510698924731183,0.9309870967741936
Internetmci,0003,0,1.694509013,1.758709677419355,0.9653118279569893
Internetmci,0004,0,1.209395554,1.366785185185185,0.8999962962962962
Internode,0000,0,187.630319338,1.5740564583333334,1.2119702372950565
Internode,0001,0,196.301086193,1.7385339583333332,1.13229625
Internode,0002,0,184.698848363,1.877145,1.3384756188648905
Internode,0003,0,193.196409062,1.6921379166666666,1.1322808333333334
Internode,0004,0,203.460622004,1.7367202083333333,1.1330975
Interoute,0000,1,-,-,-
Interoute,0001,1,-,-,-
Interoute,0002,1,-,-,-
Interoute,0003,1,-,-,-
Interoute,0004,1,-,-,-
Intranetwork,0000,0,11.652141422,0.899881,0.899881
Intranetwork,0001,0,12.21114003,0.89987,0.89987
Intranetwork,0002,0,11.85475197,0.899877,0.899877
Intranetwork,0003,0,12.608697103,0.9567145,0.899882
Intranetwork,0004,0,12.380218462,0.899883,0.899883
Ion,0000,1,-,-,-
Ion,0001,1,-,-,-
Ion,0002,1,-,-,-
Ion,0003,1,-,-,-
Ion,0004,1,-,-,-
IowaStatewideFiberMap,0000,0,8.245739724,1.62593375,0.90001975
IowaStatewideFiberMap,0001,0,6.380174546,1.53233,0.900041
IowaStatewideFiberMap,0002,0,6.094316311,1.64421875,0.90002
IowaStatewideFiberMap,0003,0,7.716682612,1.71679575,0.9000095
IowaStatewideFiberMap,0004,0,7.652598765,1.408259,0.9000435
Iris,0000,0,56.204355997,1.51681875,0.89986925
Iris,0001,0,54.489822008,1.49946125,0.8998815
Iris,0002,0,56.193697635,1.55736725,0.89989275
Iris,0003,0,53.062493232,1.5581415,0.89994025
Iris,0004,0,51.420125487,1.575083,0.8998695
Istar,0000,0,0.956387764,0.899945,0.899945
Istar,0001,0,1.156014506,0.899945,0.899945
Istar,0002,0,1.20191737,0.899944,0.899944
Istar,0003,0,1.163337109,0.899948,0.899948
Istar,0004,0,1.148413316,0.899949,0.899949
Itnet,0000,0,0.209101202,0.899995,0.899995
Itnet,0001,0,0.22169991,0.899994,0.899994
Itnet,0002,0,0.214500389,0.899995,0.899995
Itnet,0003,0,0.215191829,0.899994,0.899994
Itnet,0004,0,0.214747941,0.899995,0.899995
Janetbackbone,0000,0,6.774645846,1.7821865833333332,0.8999900000000001
Janetbackbone,0001,0,6.728149143,2.113225,0.9000585
Janetbackbone,0002,0,5.993599786,1.5807060833333333,0.900061
Janetbackbone,0003,0,6.740677424,1.7790295,0.900056
Janetbackbone,0004,0,6.713955587,1.8281994166666664,0.900088
JanetExternal,0000,0,0.205612566,0.8999952,0.8999952
JanetExternal,0001,0,0.197154181,0.8999956,0.8999956
JanetExternal,0002,0,0.19685088,0.8999948,0.8999948
JanetExternal,0003,0,0.194119304,0.8999944,0.8999944
JanetExternal,0004,0,0.193800938,0.8999952,0.8999952
Janetlense,0000,0,1.214495244,1.562631,1.1536495
Janetlense,0001,0,1.301853477,1.414758833333333,1.0306240833333333
Janetlense,0002,0,1.511313068,1.193208166666667,0.900465
Janetlense,0003,0,1.246446524,1.153866333333333,0.9000645
Janetlense,0004,0,1.371306663,1.0470613333333332,0.9000685
Jgn2Plus,0000,0,0.605495741,0.899963,0.899963
Jgn2Plus,0001,0,0.600066,0.899966,0.899966
Jgn2Plus,0002,0,0.618731315,0.899964,0.899964
Jgn2Plus,0003,0,0.55748845,0.899959,0.899959
Jgn2Plus,0004,0,0.561614223,0.899959,0.899959
Karen,0000,0,2.01234227,1.4016143,0.9899956
Karen,0001,0,2.033217751,1.22368265,0.9899956
Karen,0002,0,2.128576351,1.1631183,0.9899958
Karen,0003,0,1.77999929,1.17987165,0.9899967
Karen,0004,0,1.572055042,0.9899964,0.9899964
KentmanApr2007,0000,0,1.079276081,0.89968,0.89968
KentmanApr2007,0001,0,1.079761135,0.89969,0.89969
KentmanApr2007,0002,0,1.05205787,0.89972,0.89972
KentmanApr2007,0003,0,1.101379052,0.89971,0.89971
KentmanApr2007,0004,0,1.055268185,0.89972,0.89972
KentmanAug2005,0000,0,2.340160076,1.151658064516129,0.8996516129032258
KentmanAug2005,0001,0,1.95183129,0.8996580645161291,0.8996580645161291
KentmanAug2005,0002,0,2.348776518,1.3120064516129033,0.8996258064516129
KentmanAug2005,0003,0,2.103771457,1.1926322580645161,0.8996516129032258
KentmanAug2005,0004,0,2.684989503,1.5748709677419355,0.8997967741935484
KentmanFeb2008,0000,0,1.491864019,0.8997,0.8997
KentmanFeb2008,0001,0,1.624951712,0.9928224153211498,0.9928224153211498
KentmanFeb2008,0002,0,1.419742922,0.89968,0.89968
KentmanFeb2008,0003,0,1.599429088,0.89969,0.89969
KentmanFeb2008,0004,0,1.681762405,0.89966,0.89966
KentmanJan2011,0000,0,8.142945053,0.899932,0.899932
KentmanJan2011,0001,0,8.242013705,0.899914,0.899914
KentmanJan2011,0002,0,8.257400676,0.899913,0.899913
KentmanJan2011,0003,0,8.517996306,0.89992,0.89992
KentmanJan2011,0004,0,7.786026382,0.899933,0.899933
KentmanJul2005,0000,0,0.540590146,0.8995294117647059,0.8995294117647059
KentmanJul2005,0001,0,0.536902569,1.0952935483870967,0.8995294117647059
KentmanJul2005,0002,0,0.550620896,0.9645225806451613,0.8996470588235295
KentmanJul2005,0003,0,0.650101111,1.1199129032258064,0.9232387096774194
KentmanJul2005,0004,0,0.633574532,1.0099903225806453,0.8999645161290323
Kreonet,0000,0,0.342889546,0.8999992,0.8999992
Kreonet,0001,0,0.346320666,0.89999925,0.89999925
Kreonet,0002,0,0.402298381,0.89999925,0.89999925
Kreonet,0003,0,0.334271577,0.89999925,0.89999925
Kreonet,0004,0,0.338737736,0.89999925,0.89999925
LambdaNet,0000,0,13.517965333,1.0407665,0.8999225
LambdaNet,0001,0,13.742292758,1.125329,0.899935
LambdaNet,0002,0,14.413913054,1.0969675,0.899947
LambdaNet,0003,0,13.650320762,1.191726,0.8999145
LambdaNet,0004,0,13.562882418,1.0362805,0.8999055
Latnet,0000,0,148.611614032,0.89704,0.89704
Latnet,0001,0,150.038582799,0.99698,0.89693
Latnet,0002,0,132.271109485,0.89705,0.89705
Latnet,0003,0,135.671591705,0.89709,0.89709
Latnet,0004,0,153.575347102,1.034755,0.89701
Layer42,0000,0,0.17080353,1.1844815,0.9003525
Layer42,0001,0,0.167485099,0.95122,0.9021375
Layer42,0002,0,0.166484127,1.149145,0.9029095
Layer42,0003,0,0.177893097,1.3073735,0.974519
Layer42,0004,0,0.164186715,0.9302995,0.9071055
Litnet,0000,0,12.543211789,0.946706,0.899905
Litnet,0001,0,12.681976512,1.115487,0.89995
Litnet,0002,0,13.219574964,0.942885,0.899959
Litnet,0003,0,16.912436106,1.156748,0.899922
Litnet,0004,0,14.792740977,1.243692,0.911342
Marnet,0000,0,1.005804478,2.357032258064516,2.357032258064516
Marnet,0001,0,0.932491888,2.932135483870968,2.932135483870968
Marnet,0002,0,1.045278763,2.4704516129032257,2.4704516129032257
Marnet,0003,0,0.941134344,2.932141935483871,2.932141935483871
Marnet,0004,0,0.938061215,2.9321225806451614,2.9321225806451614
Marwan,0000,0,0.518783739,1.03668402082499,0.9139660926445068
Marwan,0001,0,0.561736246,0.9969723668402083,0.8997917501001201
Marwan,0002,0,0.600551688,1.1096342277399545,0.9002162595114137
Marwan,0003,0,0.634958463,1.2650353757842747,0.8998451475103457
Marwan,0004,0,0.540931978,0.99933253237218,0.9323908690428514
Missouri,0000,0,194.179393673,1.155353,0.89981975
Missouri,0001,0,183.2930634,1.1936195,0.899827
Missouri,0002,0,179.40421682,1.1670445,0.89976
Missouri,0003,0,192.757182615,1.3122345,0.899762
Missouri,0004,0,183.186119231,1.201821875,0.899866
Mren,0000,0,0.192754426,0.899997,0.899997
Mren,0001,0,0.162884445,0.899997,0.899997
Mren,0002,0,0.161093994,0.899996,0.899996
Mren,0003,0,0.163901354,0.899998,0.899998
Mren,0004,0,0.16490753,0.899997,0.899997
Myren,0000,0,10.520088611,1.3330635048231512,0.95108922829582
Myren,0001,0,8.706843207,1.250447,1.1515128617363344
Myren,0002,0,6.196555396,1.1978096774193547,1.024841935483871
Myren,0003,0,6.077024003,0.89956,0.89956
Myren,0004,0,6.52519714,1.2008354838709678,0.89966
Napnet,0000,0,0.169214963,1.327288888888889,1.0766444444444445
Napnet,0001,0,0.173754595,1.1784,0.9329333333333333
Napnet,0002,0,0.168944676,1.2523777777777778,0.8999555555555555
Napnet,0003,0,0.166723727,1.4760888888888888,1.0675555555555556
Napnet,0004,0,0.16462896,1.1335333333333333,0.8999555555555555
Navigata,0000,0,0.479697835,1.13005525,0.900068
Navigata,0001,0,0.493827598,1.03409,0.900073
Navigata,0002,0,0.378295369,1.04190075,0.900013
Navigata,0003,0,0.484717506,1.02011,0.9000215
Navigata,0004,0,0.467116316,1.09470725,0.90008
Netrail,0000,0,0.186120925,1.4626444444444444,0.9661777777777778
Netrail,0001,0,0.174078589,1.587611111111111,0.9525333333333333
Netrail,0002,0,0.172566776,1.2421333333333333,0.9749222222222222
Netrail,0003,0,0.183396102,1.3282222222222222,0.9883444444444445
Netrail,0004,0,0.178200436,1.9009111111111112,1.1820666666666666
NetworkUsa,0000,0,6.68913291,1.367548,0.8999985
NetworkUsa,0001,0,5.838097109,1.0809965,0.8999655
NetworkUsa,0002,0,6.740163496,1.26527,0.9000005
NetworkUsa,0003,0,7.727036422,1.326755,0.899997
NetworkUsa,0004,0,6.757740221,1.277645,0.8999765
Nextgen,0000,0,0.682356417,0.899974,0.899974
Nextgen,0001,0,0.593941881,0.899972,0.899972
Nextgen,0002,0,0.631774389,0.899971,0.899971
Nextgen,0003,0,0.629610802,0.899968,0.899968
Nextgen,0004,0,0.610549825,0.899971,0.899971
Niif,0000,0,6.019983009,0.950783,0.899971
Niif,0001,0,5.768960175,0.928186,0.899981
Niif,0002,0,5.548447589,1.12823,0.90004
Niif,0003,0,5.678124043,1.280344,0.899994
Niif,0004,0,5.786893733,1.285851,0.899986
Noel,0000,0,0.870712567,1.159300375,0.900042
Noel,0001,0,0.836115495,1.019829625,0.901306
Noel,0002,0,0.994026503,1.0617375,0.9000535
Noel,0003,0,0.999718634,1.2270555,0.90004675
Noel,0004,0,0.949880717,1.34781775,0.900055
Nordu1989,0000,0,0.171552769,0.89921875,0.89921875
Nordu1989,0001,0,0.160709906,0.89921875,0.89921875
Nordu1989,0002,0,0.17083708,0.899375,0.899375
Nordu1989,0003,0,0.165821859,0.89921875,0.89921875
Nordu1989,0004,0,0.184334405,0.89921875,0.89921875
Nordu1997,0000,0,0.351670668,0.899978,0.899978
Nordu1997,0001,0,0.349946254,0.899979,0.899979
Nordu1997,0002,0,0.348768284,0.899978,0.899978
Nordu1997,0003,0,0.39862381,0.899981,0.899981
Nordu1997,0004,0,0.342178164,0.899979,0.899979
Nordu2005,0000,0,0.185630406,1.02007565,0.9218342
Nordu2005,0001,0,0.18801072,1.3499996,1.3499996
Nordu2005,0002,0,0.194025302,1.3499997,1.3499997
Nordu2005,0003,0,0.181092258,1.0587268,1.0587268
Nordu2005,0004,0,0.191635289,1.3012885,0.9489916
Nordu2010,0000,0,0.38560912,0.89998,0.89998
Nordu2010,0001,0,0.385073808,0.902863,0.899982
Nordu2010,0002,0,0.483515422,1.063535,0.899981
Nordu2010,0003,0,0.380372147,0.899979,0.899979
Nordu2010,0004,0,0.382037415,0.899985,0.899985
Nsfcnet,0000,0,0.201808871,1.241706,0.8999985
Nsfcnet,0001,0,0.331786262,1.472395,0.900006
Nsfcnet,0002,0,0.302632384,1.03439,0.899998
Nsfcnet,0003,0,0.19218042,1.124705,0.90079
Nsfcnet,0004,0,0.434189365,1.46741,0.900098
Nsfnet,0000,0,0.583064776,1.45110103626943,0.8957253886010362
Nsfnet,0001,0,0.46050252,1.5939119170984455,0.8989637305699482
Nsfnet,0002,0,0.45772026,1.41580310880829,0.9012305699481865
Nsfnet,0003,0,1.215468061,1.5705958549222798,0.9183937823834197
Nsfnet,0004,0,0.603912729,1.4060880829015545,0.9012305699481865
Ntelos,0000,0,26.504881224,0.9435215,0.899852
Ntelos,0001,0,25.885226165,0.899861,0.899861
Ntelos,0002,0,26.513674938,1.0094704166666666,0.899862
Ntelos,0003,0,26.649957999,1.0558932083333332,0.899861
Ntelos,0004,0,26.098111488,0.9209188333333334,0.899861
Ntt,0000,0,34.263055682,1.6473109474608225,1.235779991501246
Ntt,0001,0,28.825368748,1.9852991254322525,1.7255993058392336
Ntt,0002,0,27.790331479,1.4348963507507073,1.2216000093613835
Ntt,0003,0,27.596795382,1.9199815317741553,1.0995335133387711
Ntt,0004,0,29.555476191,1.5580884414305063,1.6923130985611845
Oteglobe,0000,0,864.844759073,1.84566225,0.9028950000000002
Oteglobe,0001,0,731.217802824,1.7170200833333333,0.9014383333333333
Oteglobe,0002,0,700.791202288,1.60593,0.9019146666666666
Oteglobe,0003,0,749.829142911,1.5219294166666664,0.8998033333333334
Oteglobe,0004,0,735.961487016,1.8279180833333335,0.9010155
Oxford,0000,0,1.087789627,1.2044355,0.900046
Oxford,0001,0,1.017773854,1.01246,0.900049
Oxford,0002,0,1.066438376,1.116148,0.899995
Oxford,0003,0,0.961672221,1.1137335,0.899995
Oxford,0004,0,1.072695277,1.130622,0.900032
Pacificwave,0000,0,0.79260244,1.01940665,0.9000381
Pacificwave,0001,0,0.797234162,1.0195301,0.9000515
Pacificwave,0002,0,0.74244851,0.91109505,0.90004905
Pacificwave,0003,0,0.697740836,0.90714935,0.90010855
Pacificwave,0004,0,0.783791648,1.31563375,1.00765305
Packetexchange,0000,0,1.17132899,0.899956,0.899956
Packetexchange,0001,0,1.165000004,0.899955,0.899955
Packetexchange,0002,0,1.137451544,0.899951,0.899951
Packetexchange,0003,0,1.098106227,0.899955,0.899955
Packetexchange,0004,0,0.875961766,0.899952,0.899952
Padi,0000,0,0.166262927,0.89997,0.89997
Padi,0001,0,0.172016674,0.8994,0.8994
Padi,0002,0,0.1663831,0.8994,0.8994
Padi,0003,0,0.169140883,0.8994,0.8994
Padi,0004,0,0.165867476,0.8994,0.8994
Palmetto,0000,0,31.016552515,1.2954625,0.899933
Palmetto,0001,0,29.5307483,1.336745,0.899987
Palmetto,0002,0,29.253881333,1.193757,0.899964
Palmetto,0003,0,32.433288022,1.389689,0.8999455
Palmetto,0004,0,31.460952879,1.280707111111111,0.8999685000000002
Peer1,0000,0,0.629571899,1.605462,0.9000405
Peer1,0001,0,0.588169437,1.1680935,0.899985
Peer1,0002,0,0.755150038,1.232464875,0.899995625
Peer1,0003,0,2.083916326,1.7754615,0.90006875
Peer1,0004,0,1.432164869,1.188801,0.900018
Pern,0000,1,-,-,-
Pern,0001,1,-,-,-
Pern,0002,1,-,-,-
Pern,0003,1,-,-,-
Pern,0004,1,-,-,-
PionierL1,0000,0,7.798014106,1.468748,0.8999445
PionierL1,0001,0,7.453013874,1.2670435,0.89999225
PionierL1,0002,0,7.312433307,1.31453925,0.89994375
PionierL1,0003,0,9.086125685,1.399054,0.9
PionierL1,0004,0,7.413248935,1.3059205,0.8999605
PionierL3,0000,0,17.6658366,1.8337921733333333,0.9004263916666666
PionierL3,0001,0,15.290967862,1.568693375,0.902122475
PionierL3,0002,0,13.248437092,1.3666471800000002,0.90112015
PionierL3,0003,0,19.322649172,1.77301465,0.9074524425000001
PionierL3,0004,0,15.056306534,1.917617825,0.90053095
Psinet,0000,0,1.447913951,1.1815444444444445,0.8992555555555556
Psinet,0001,0,1.487112091,1.0455777777777777,0.8993
Psinet,0002,0,1.422010497,1.1241777777777777,0.8992666666666667
Psinet,0003,0,1.398940876,1.1420777777777777,0.8992666666666667
Psinet,0004,0,1.411686016,1.099888888888889,0.8992222222222223
Quest,0000,0,1.543782511,1.6697147916666668,0.900040375
Quest,0001,0,2.027050778,1.717805,0.9002085
Quest,0002,0,5.838094125,1.974797875,0.9109655
Quest,0003,0,1.476996406,1.6682945,0.900044
Quest,0004,0,4.796132695,1.3606589166666665,0.90321675
RedBestel,0000,0,746.982092979,1.6076288333333335,0.8996235
RedBestel,0001,0,909.410384864,1.553995,0.8997065
RedBestel,0002,0,727.165414251,1.3803065,0.899532
RedBestel,0003,0,595.048050201,1.2386185833333334,0.8995835833333332
RedBestel,0004,0,640.080930832,1.230106,0.899538
Rediris,0000,0,1.226232171,1.3853628,1.0471964
Rediris,0001,0,1.339236577,1.5062252,0.9107148
Rediris,0002,0,1.319064066,1.444356,0.9707072
Rediris,0003,0,1.532755108,1.3232691,0.9337512
Rediris,0004,0,1.033838551,1.419375,1.2141504
Renam,0000,0,0.170754726,0.89975,0.89975
Renam,0001,0,0.150246327,0.899875,0.899875
Renam,0002,0,0.152908246,0.89875,0.89875
Renam,0003,0,0.148542019,0.899899033607385,0.899899033607385
Renam,0004,0,0.153970726,0.89875,0.89875
Renater1999,0000,0,1.445017312,0.8996387096774193,0.8996387096774193
Renater1999,0001,0,1.595149937,0.8996645161290323,0.8996645161290323
Renater1999,0002,0,1.192439508,0.8996580645161291,0.8996580645161291
Renater1999,0003,0,1.305396042,0.8996451612903226,0.8996451612903226
Renater1999,0004,0,1.285897645,0.8996580645161291,0.8996580645161291
Renater2001,0000,0,1.877189461,1.3418258064516129,0.9568903225806452
Renater2001,0001,0,1.777026936,1.523458064516129,1.175083870967742
Renater2001,0002,0,1.723144781,1.2977677419354838,0.9475870967741935
Renater2001,0003,0,1.567870775,0.8998322580645162,0.8998322580645162
Renater2001,0004,0,1.821162864,1.1529935483870968,0.8999612903225807
Renater2004,0000,0,7.469251107,2.4401568,0.95132
Renater2004,0001,0,10.014198491,2.7341345,0.9304596
Renater2004,0002,0,6.794580606,3.0299213,0.9076696
Renater2004,0003,0,11.407403888,2.856817,0.9039574
Renater2004,0004,0,6.943688672,2.6297352,0.9028145
Renater2006,0000,0,9.161315357,2.0801573,0.9000352
Renater2006,0001,0,9.864737717,1.8852697,0.9000604
Renater2006,0002,0,11.763953028,2.555125,0.9000674
Renater2006,0003,0,8.016819654,1.614265,0.9000348
Renater2006,0004,0,11.147204543,2.3220229,0.900034
Renater2008,0000,0,9.490380033,2.160252,0.900256
Renater2008,0001,0,8.804041716,2.5690206,0.900043
Renater2008,0002,0,10.95689122,2.8838384,0.900042
Renater2008,0003,0,10.126661148,2.3463435,0.9000632
Renater2008,0004,0,11.013329833,2.6730131,0.899988
Renater2010,0000,0,30.837056676,1.5956244623655915,0.899669623655914
Renater2010,0001,0,26.357877272,1.6047408602150537,0.8997
Renater2010,0002,0,29.78066944,1.7077287634408604,0.8996790322580646
Renater2010,0003,0,39.152464224,2.1403430107526877,0.8997032258064516
Renater2010,0004,0,25.088944227,1.4881309139784948,0.8997016129032258
Restena,0000,0,0.66152016,0.9989564,0.9663665
Restena,0001,0,0.836380242,1.0118598,0.9543519
Restena,0002,0,0.904509962,1.014663,0.9512085
Restena,0003,0,0.974025281,1.0046734,0.941696
Restena,0004,0,0.965117823,1.0038766,0.9403142
Reuna,0000,0,6.922261415,0.8993707317073171,0.8993707317073171
Reuna,0001,0,6.900361355,0.8993853658536586,0.8993853658536586
Reuna,0002,0,6.688075919,0.899380487804878,0.899380487804878
Reuna,0003,0,6.830824303,0.8994750830564784,0.8994750830564784
Reuna,0004,0,6.684227972,0.8993756097560975,0.8993756097560975
Rhnet,0000,0,0.438049325,0.899974,0.899974
Rhnet,0001,0,0.436146611,0.899981,0.899981
Rhnet,0002,0,0.434799829,0.899979,0.899979
Rhnet,0003,0,0.443817922,0.899976,0.899976
Rhnet,0004,0,0.445848146,0.899982,0.899982
Rnp,0000,0,3.865507351,0.8999904,0.8999904
Rnp,0001,0,3.987959782,0.94170035,0.8999746666666667
Rnp,0002,0,3.895842592,1.16367565,0.899975
Rnp,0003,0,3.882200121,1.07809245,0.8999915
Rnp,0004,0,3.950203654,1.44623445,0.8999743333333333
Roedunet,0000,0,12.54588455,1.0959012824294523,1.0959012824294523
Roedunet,0001,0,14.431777417,1.2592721193415637,1.2592721193415637
Roedunet,0002,0,14.533724268,1.2593171296296297,1.2593171296296297
Roedunet,0003,0,10.868544637,1.2594071502057613,1.2594071502057613
Roedunet,0004,0,14.209916404,1.1738302923040187,1.1738302923040187
RoedunetFibre,0000,0,23.801792696,0.899786,0.899786
RoedunetFibre,0001,0,23.054627668,0.899795,0.899795
RoedunetFibre,0002,0,23.131005928,0.899788,0.899788
RoedunetFibre,0003,0,23.14611003,0.8998,0.8998
RoedunetFibre,0004,0,23.904042692,0.899794,0.899794
Sago,0000,0,0.570156171,0.899956,0.899956
Sago,0001,0,0.645639427,0.899956,0.899956
Sago,0002,0,0.564982407,0.899957,0.899957
Sago,0003,0,0.568076629,0.899965,0.899965
Sago,0004,0,0.59412614,0.89996,0.89996
Sanet,0000,0,14.936938276,1.23998535,0.89999305
Sanet,0001,0,15.754699434,1.097555,0.90005575
Sanet,0002,0,15.228557348,1.0606609,0.90007845
Sanet,0003,0,15.054413787,1.06646225,0.9000488
Sanet,0004,0,13.820587177,0.96671235,0.90006245
Sanren,0000,0,0.169764238,1.010696,0.905035
Sanren,0001,0,0.171770078,1.198272,0.957107
Sanren,0002,0,0.178813193,0.999735,0.920595
Sanren,0003,0,0.17324117,1.022554,0.93441
Sanren,0004,0,0.165814404,0.96753,0.96753
Savvis,0000,0,1.107297252,1.1903777777777778,0.8996
Savvis,0001,0,0.959890285,1.0243222222222221,0.8995777777777778
Savvis,0002,0,0.98141511,1.4527333333333334,0.8995777777777778
Savvis,0003,0,0.861628644,0.9389333333333333,0.8995111111111112
Savvis,0004,0,0.886746357,1.1173222222222223,0.8997777777777778
Shentel,0000,0,2.937609734,0.96145,0.899942
Shentel,0001,0,2.767400551,1.308556,0.899936
Shentel,0002,0,2.749053608,0.899931,0.899931
Shentel,0003,0,3.076314818,1.018769,0.899931
Shentel,0004,0,2.839780703,1.220364,0.899937
Sinet,0000,0,271.387494919,1.051486275,0.901844375
Sinet,0001,0,244.317091812,1.310252075,0.9000134625
Sinet,0002,0,234.192267586,1.107133625,0.899999575
Sinet,0003,0,244.737838324,1.3492811875,0.9273150875
Sinet,0004,0,237.429357847,0.9918518,0.9001341
Singaren,0000,0,0.210489846,0.899993,0.899993
Singaren,0001,0,0.217308342,0.899995,0.899995
Singaren,0002,0,0.20726971,0.899995,0.899995
Singaren,0003,0,0.214090711,0.899994,0.899994
Singaren,0004,0,0.21284859,0.899995,0.899995
Spiralight,0000,0,0.532830416,1.013379,0.900025
Spiralight,0001,0,0.515692363,0.969837,0.900019
Spiralight,0002,0,0.531997942,1.0723635,0.9000195
Spiralight,0003,0,0.57484683,1.1667975,0.9014965
Spiralight,0004,0,0.588709275,1.095295,0.900002
Sprint,0000,0,0.412175506,1.4913870370370372,1.0488777777777778
Sprint,0001,0,0.372585389,1.344735185185185,0.9733333333333334
Sprint,0002,0,0.535578249,1.410825925925926,0.9371740740740739
Sprint,0003,0,0.35407383,1.8536962962962966,0.9789888888888889
Sprint,0004,0,0.360354532,2.157661111111111,1.0148
Sunet,0000,0,2.749849066,0.9737285,0.9001235
Sunet,0001,0,2.648599264,1.0806421666666668,0.9000555
Sunet,0002,0,3.159990458,1.067359,0.8999745
Sunet,0003,0,2.618027006,1.0928763333333333,0.899985
Sunet,0004,0,3.441156662,1.157868,0.8999835
Surfnet,0000,0,75.188955942,2.194641,0.8999995
Surfnet,0001,0,50.634807806,1.429521,0.899936
Surfnet,0002,0,60.110079455,2.3552525,0.900002
Surfnet,0003,0,59.443848864,2.16367425,0.8999555208333333
Surfnet,0004,0,66.606024109,2.0834645,0.90002625
Switch,0000,0,287.622421515,1.204614,0.8999801
Switch,0001,0,295.124969765,1.1942826,0.8999486
Switch,0002,0,312.71912919,1.3008211,0.8999446
Switch,0003,0,287.800735391,1.14386635,0.90000105
Switch,0004,0,274.042468579,1.118974,0.8999335666666666
SwitchL3,0000,0,22.165846832,1.2163770333333332,0.9385876
SwitchL3,0001,0,24.225547369,1.2385571666666668,0.9593757
SwitchL3,0002,0,21.953625134,1.1508077166666666,0.9710912
SwitchL3,0003,0,20.825094942,1.0795493833333334,0.9701358
SwitchL3,0004,0,22.363369498,1.2460767,0.9418402
Syringa,0000,0,198.334718488,0.945074,0.899726
Syringa,0001,0,198.668712691,0.901789,0.899588
Syringa,0002,0,204.617345486,1.029522,0.899592
Syringa,0003,0,196.383831088,0.899568,0.899568
Syringa,0004,0,199.228639715,0.899564,0.899564
TataNld,0000,1,-,-,-
TataNld,0001,1,-,-,-
TataNld,0002,1,-,-,-
TataNld,0003,1,-,-,-
TataNld,0004,1,-,-,-
Telcove,0000,0,151.440560697,0.89935,0.89935
Telcove,0001,0,149.36557871,0.899364,0.899364
Telcove,0002,0,151.372680011,0.899391,0.899391
Telcove,0003,0,147.823326936,0.899365,0.899365
Telcove,0004,0,151.019766304,0.899382,0.899382
Telecomserbia,0000,0,0.166211285,1.0220276,0.9182584
Telecomserbia,0001,0,0.22048429,1.0770148,0.9117864
Telecomserbia,0002,0,0.171646429,1.114587,0.906383
Telecomserbia,0003,0,0.174621517,1.0034322,0.9151986
Telecomserbia,0004,0,0.169846212,0.9939776,0.9201728
Tinet,0000,0,64.27879646,0.9560901770833333,0.8998978229166668
Tinet,0001,0,68.379563521,1.0939517187499999,0.89985171875
Tinet,0002,0,67.687727293,1.0071258125,0.8998751875
Tinet,0003,0,66.121454902,0.9852445833333332,0.8999205833333332
Tinet,0004,0,67.565146994,0.92920903125,0.8998485277777777
TLex,0000,0,0.357679001,2.282100471999845,1.9480904662331118
TLex,0001,0,0.358061473,1.9440372463121984,2.203147867035608
TLex,0002,0,0.367508353,1.7958414402779663,1.7958414402779663
TLex,0003,0,0.357385258,1.528690709259726,1.964401174426719
TLex,0004,0,0.368718069,1.3826057880555933,1.3826057880555933
Tw,0000,0,644.311941104,2.0570923194444446,0.91757175
Tw,0001,0,627.505013829,1.9155302500000002,0.9095151666666667
Tw,0002,0,546.500034913,2.104199986111111,0.9143210833333333
Tw,0003,0,540.735794453,2.106716416666667,0.934156875
Tw,0004,0,579.239845507,2.0048630000000003,0.9079031666666666
Twaren,0000,0,0.950918203,1.0691815,0.899983
Twaren,0001,0,0.936688492,1.0369355,0.8999815
Twaren,0002,0,0.814825179,0.963638,0.899989
Twaren,0003,0,1.08194615,1.014509,0.9000285
Twaren,0004,0,0.979791588,0.956189,0.900725
Ulaknet,0000,0,218.219607806,0.89985,0.89985
Ulaknet,0001,0,233.594172661,0.899832,0.899832
Ulaknet,0002,0,219.494959766,0.899846,0.899846
Ulaknet,0003,0,236.961166384,0.9538447,0.9538447
Ulaknet,0004,0,240.206604658,0.899844,0.899844
UniC,0000,0,2.16179438,1.382386,0.899962
UniC,0001,0,2.470222723,1.757081,0.899966
UniC,0002,0,1.829868159,1.275868,0.8999625
UniC,0003,0,2.109047853,1.682823,0.899968
UniC,0004,0,2.709383079,1.53656,0.899962
Uninet,0000,0,0.462508156,0.9335836111111111,0.9000805
Uninet,0001,0,0.532534697,1.2644443333333333,0.9000525555555555
Uninet,0002,0,0.708382664,1.2483043333333335,0.9004178333333334
Uninet,0003,0,0.538883734,1.324833,0.9000261666666667
Uninet,0004,0,0.568848126,1.0795916666666667,0.9022795
Uninett2010,0000,0,301.700092136,1.2090461333333333,0.899835
Uninett2010,0001,0,294.231114054,1.4949295999999999,0.899832
Uninett2010,0002,0,309.98023311,1.6153090666666667,0.90002
Uninett2010,0003,0,296.298260067,1.4192458,0.899827
Uninett2010,0004,0,349.042743623,1.647816,0.90000975
Uninett2011,0000,0,247.154941864,1.383463,0.9709605
Uninett2011,0001,0,219.989495807,1.050272,1.050272
Uninett2011,0002,0,211.05136333,1.088386,1.088386
Uninett2011,0003,0,326.318544629,1.8452563333333332,0.900965
Uninett2011,0004,0,234.689453504,1.8572925,1.5051045
Uran,0000,0,1.370506479,1.303191,1.252659
Uran,0001,0,1.376618614,1.326201,1.201474
Uran,0002,0,1.487830076,1.323488,1.237587
Uran,0003,0,1.431574951,0.941708,0.899945
Uran,0004,0,1.566354229,1.348164,1.236725
UsCarrier,0000,1,-,-,-
UsCarrier,0001,1,-,-,-
UsCarrier,0002,1,-,-,-
UsCarrier,0003,1,-,-,-
UsCarrier,0004,1,-,-,-
UsSignal,0000,0,151.824318451,1.642148041666667,0.8999775833333332
UsSignal,0001,0,151.572806559,1.8756094166666668,0.89990975
UsSignal,0002,0,144.00965529,1.761955375,0.899907875
UsSignal,0003,0,146.116385037,1.7407317708333332,0.8999973333333332
UsSignal,0004,0,149.23209242,1.9076792083333336,0.899940125
Uunet,0000,0,52.479024139,1.3970633333333333,0.8986855555555557
Uunet,0001,0,46.558142893,1.2308748148148148,0.8987033333333334
Uunet,0002,0,62.731516452,1.2931307407407406,0.8986687037037037
Uunet,0003,0,62.974254249,1.4602370370370368,0.8989333333333331
Uunet,0004,0,51.793326268,1.243591141975309,0.8986296296296297
Vinaren,0000,0,1.348279375,0.8994774193548387,0.8994774193548387
Vinaren,0001,0,1.534086929,0.8995290322580645,0.8995290322580645
Vinaren,0002,0,1.469813183,0.8995032258064516,0.8995032258064516
Vinaren,0003,0,1.519453723,0.8994903225806452,0.8994903225806452
Vinaren,0004,0,1.401303566,0.899541935483871,0.899541935483871
VisionNet,0000,0,1.349822855,0.899945,0.899945
VisionNet,0001,0,1.35710488,0.899937,0.899937
VisionNet,0002,0,1.257191627,0.899939,0.899939
VisionNet,0003,0,1.497719285,0.899932,0.899932
VisionNet,0004,0,1.479370045,0.89994,0.89994
VtlWavenet2008,0000,0,586.874637537,1.19503825,0.89958875
VtlWavenet2008,0001,0,619.43418956,1.21758025,0.89961825
VtlWavenet2008,0002,0,579.450796103,1.240024,0.8995875
VtlWavenet2008,0003,0,651.845180512,1.2682195,0.899621
VtlWavenet2008,0004,0,614.511534347,1.3774205,0.899576
VtlWavenet2011,0000,0,769.526702053,1.26645725,0.8995425
VtlWavenet2011,0001,0,759.896550064,1.28255625,0.89951225
VtlWavenet2011,0002,0,734.796247364,1.235433,0.899582
VtlWavenet2011,0003,0,729.34641664,1.25259575,0.89951425
VtlWavenet2011,0004,0,773.132564179,1.3095715,0.8995295
WideJpn,0000,0,3.264924729,0.9899885,0.9899885
WideJpn,0001,0,3.05645152,0.899949,0.899949
WideJpn,0002,0,3.454337112,0.9899915,0.9899915
WideJpn,0003,0,3.152480023,0.899945,0.899945
WideJpn,0004,0,3.110665373,0.989989,0.989989
Xeex,0000,0,2.399485504,2.04754325,0.8999945
Xeex,0001,0,4.715450503,2.027592,0.935229
Xeex,0002,0,3.43184899,1.8414665,0.900018
Xeex,0003,0,7.649963954,1.8207608333333332,0.926116
Xeex,0004,0,4.244432335,2.0668305,0.93537675
Xspedius,0000,0,11.975240487,1.8022669166666667,0.900004
Xspedius,0001,0,14.963165664,1.9062206666666668,0.9000226666666666
Xspedius,0002,0,11.281331021,1.870212416666667,0.8999853333333335
Xspedius,0003,0,10.813167056,1.7328986666666668,0.900093
Xspedius,0004,0,11.249719393,1.8833255833333333,0.90001425
York,0000,0,1.455091007,1.1445145,0.8999735
York,0001,0,1.24014812,0.994221,0.900005
York,0002,0,1.266738339,1.038601,0.900021
York,0003,0,1.226201651,0.9351215,0.9000445
York,0004,0,1.210078238,0.9553565,0.8999845
Zamren,0000,0,5.167840387,0.89855,0.89855
Zamren,0001,0,5.064954236,0.89854,0.89854
Zamren,0002,0,5.156138778,0.89852,0.89852
Zamren,0003,0,5.089506764,0.89848,0.89848
Zamren,0004,0,4.992552979,0.89863,0.89863
