Topology,DemandFile,Exit code,Preprocessing time,ILP solve time,Total  time,uMax
Aarnet,0000,0,0.074,0.212,0.286,0.9432922
Aarnet,0001,0,0.074,0.254,0.328,0.9335895
Aarnet,0002,0,0.074,0.196,0.27,0.9634367
Aarnet,0003,0,0.074,0.22,0.294,0.9720654
Aarnet,0004,0,0.074,0.208,0.282,1.1249961
Abilene,0000,0,0.036,0.157,0.193,0.9000680177790638
Abilene,0001,0,0.036,0.156,0.192,0.900000100469393
Abilene,0002,0,0.036,0.226,0.262,0.9000290356545781
Abilene,0003,0,0.036,0.208,0.244,0.9000860018004115
Abilene,0004,0,0.036,0.195,0.231,0.9000281314300411
Abvt,0000,0,0.26,1.007,1.267,0.900042
Abvt,0001,0,0.26,1.027,1.287,0.899982
Abvt,0002,0,0.26,1.049,1.309,0.9000049999999999
Abvt,0003,0,0.26,0.95,1.21,0.899993
Abvt,0004,0,0.26,0.965,1.225,0.899971
Aconet,0000,0,0.229,0.874,1.103,0.9000538867924528
Aconet,0001,0,0.229,0.809,1.038,0.9000063396226415
Aconet,0002,0,0.229,0.71,0.939,0.9000617358490566
Aconet,0003,0,0.229,0.904,1.133,0.9000224905660378
Aconet,0004,0,0.229,0.697,0.9259999999999999,0.9000529811320754
Agis,0000,0,0.095,0.445,0.54,0.8997999999999999
Agis,0001,0,0.095,0.654,0.749,0.8997555555555553
Agis,0002,0,0.095,0.419,0.514,0.8997354838709677
Agis,0003,0,0.095,0.619,0.714,0.8997777777777772
Agis,0004,0,0.095,0.581,0.6759999999999999,0.8997548387096774
Ai3,0000,0,0.02,0.031,0.051000000000000004,0.899993
Ai3,0001,0,0.02,0.03,0.05,0.899994
Ai3,0002,0,0.02,0.029,0.049,0.899992
Ai3,0003,0,0.02,0.029,0.049,0.899993
Ai3,0004,0,0.02,0.03,0.05,0.899991
Airtel,0000,0,0.066,0.593,0.659,1.375849
Airtel,0001,0,0.066,0.556,0.6220000000000001,1.3364199999999968
Airtel,0002,0,0.066,0.683,0.7490000000000001,2.1392979999999966
Airtel,0003,0,0.066,0.828,0.8939999999999999,1.438076
Airtel,0004,0,0.066,1.124,1.1900000000000002,1.383419
Amres,0000,0,0.042,0.058,0.1,0.899929
Amres,0001,0,0.042,0.056,0.098,0.899926
Amres,0002,0,0.042,0.052,0.094,0.899926
Amres,0003,0,0.042,0.06,0.10200000000000001,0.899926
Amres,0004,0,0.042,0.08,0.122,0.899943
Ans,0000,0,0.178,0.968,1.146,0.8997555555555555
Ans,0001,0,0.178,2.485,2.663,0.8998666666666667
Ans,0002,0,0.178,0.817,0.9949999999999999,0.8998
Ans,0003,0,0.178,1.295,1.4729999999999999,0.8997333333333334
Ans,0004,0,0.178,1.277,1.4549999999999998,0.8997111111111111
Arn,0000,0,0.046,0.063,0.109,0.8964583333333334
Arn,0001,0,0.046,0.057,0.10300000000000001,0.89675
Arn,0002,0,0.046,0.068,0.114,0.8967916666666667
Arn,0003,0,0.046,0.078,0.124,0.8964583333333334
Arn,0004,0,0.046,0.068,0.114,0.8967916666666667
Arnes,0000,0,0.228,1.469,1.697,0.90004875
Arnes,0001,0,0.228,1.508,1.736,0.90003425
Arnes,0002,0,0.228,1.283,1.511,0.9000595
Arnes,0003,0,0.228,1.456,1.684,0.900038
Arnes,0004,0,0.228,1.059,1.287,0.9000625
Arpanet196912,0000,0,0.014,0.05,0.064,0.962446
Arpanet196912,0001,0,0.014,0.047,0.061,1.132629
Arpanet196912,0002,0,0.014,0.042,0.056,0.923963
Arpanet196912,0003,0,0.014,0.028,0.042,0.961027
Arpanet196912,0004,0,0.014,0.029,0.043000000000000003,1.208269
Arpanet19706,0000,0,0.02,0.037,0.056999999999999995,0.899989
Arpanet19706,0001,0,0.02,0.061,0.081,0.899991
Arpanet19706,0002,0,0.02,0.04,0.06,0.899989
Arpanet19706,0003,0,0.02,0.04,0.06,0.899991
Arpanet19706,0004,0,0.02,0.044,0.064,0.899991
Arpanet19719,0000,0,0.077,0.357,0.434,0.90004
Arpanet19719,0001,0,0.077,0.369,0.446,0.899983
Arpanet19719,0002,0,0.077,0.368,0.445,0.900046
Arpanet19719,0003,0,0.077,0.322,0.399,0.899988
Arpanet19719,0004,0,0.077,0.412,0.489,0.899997
Arpanet19723,0000,0,0.121,0.49,0.611,0.899969
Arpanet19723,0001,0,0.121,0.479,0.6,0.900032
Arpanet19723,0002,0,0.121,0.506,0.627,0.900002
Arpanet19723,0003,0,0.121,0.638,0.759,0.899974
Arpanet19723,0004,0,0.121,0.538,0.659,0.900045
Arpanet19728,0000,0,0.42,2.691,3.1109999999999998,0.900005
Arpanet19728,0001,0,0.42,2.001,2.421,0.899984
Arpanet19728,0002,0,0.42,2.255,2.675,0.900017
Arpanet19728,0003,0,0.42,2.009,2.429,0.9000469999999999
Arpanet19728,0004,0,0.42,2.041,2.461,0.9000089999999998
AsnetAm,0000,0,0.934,3.749,4.683,0.899725
AsnetAm,0001,0,0.934,3.854,4.788,0.899732
AsnetAm,0002,0,0.934,3.62,4.554,0.899717
AsnetAm,0003,0,0.934,3.614,4.548,0.899718
AsnetAm,0004,0,0.934,4.0,4.934,0.899883
Atmnet,0000,0,0.058,0.293,0.351,0.8998838709677419
Atmnet,0001,0,0.058,0.395,0.453,0.8999096774193549
Atmnet,0002,0,0.058,0.299,0.357,0.8999225806451613
Atmnet,0003,0,0.058,0.304,0.362,0.8998645161290323
Atmnet,0004,0,0.058,0.242,0.3,0.8998451612903224
AttMpls,0000,0,2.381,1478.165,1480.546,0.900067
AttMpls,0001,0,2.381,1425.268,1427.6490000000001,0.900092
AttMpls,0002,0,2.381,15.846,18.227,0.900057
AttMpls,0003,0,2.381,19.894,22.275,0.900072
AttMpls,0004,0,2.381,29.886,32.266999999999996,0.900052
Azrena,0000,0,0.036,0.053,0.089,0.89996
Azrena,0001,0,0.036,0.063,0.099,0.899949
Azrena,0002,0,0.036,0.05,0.086,0.899956
Azrena,0003,0,0.036,0.049,0.08499999999999999,0.899946
Azrena,0004,0,0.036,0.067,0.10300000000000001,0.899962
Bandcon,0000,0,0.129,0.559,0.6880000000000001,0.899985
Bandcon,0001,0,0.129,0.483,0.612,0.900046
Bandcon,0002,0,0.129,0.48,0.609,0.900022
Bandcon,0003,0,0.129,0.549,0.678,0.89999
Bandcon,0004,0,0.129,0.478,0.607,0.900012
Basnet,0000,0,0.017,0.028,0.045,0.8997419354838709
Basnet,0001,0,0.017,0.039,0.056,0.8996129032258064
Basnet,0002,0,0.017,0.028,0.045,0.8996129032258064
Basnet,0003,0,0.017,0.027,0.044,0.8996129032258064
Basnet,0004,0,0.017,0.048,0.065,0.8997419354838709
Bbnplanet,0000,0,0.057,0.273,0.33,0.8990666666666667
Bbnplanet,0001,0,0.057,0.266,0.323,0.8991777777777777
Bbnplanet,0002,0,0.057,0.22,0.277,0.8989999999999996
Bbnplanet,0003,0,0.057,0.197,0.254,0.8989333333333334
Bbnplanet,0004,0,0.057,0.203,0.26,0.8990444444444443
Bellcanada,0000,0,2.452,12.017,14.469,0.89991
Bellcanada,0001,0,2.452,12.01,14.462,0.899929
Bellcanada,0002,0,2.452,14.158,16.61,0.899949
Bellcanada,0003,0,2.452,14.027,16.479,0.899899
Bellcanada,0004,0,2.452,11.813,14.265,0.899957
Bellsouth,0000,0,2.514,5.268,7.782,0.899881
Bellsouth,0001,0,2.514,5.467,7.981,0.899906
Bellsouth,0002,0,2.514,5.32,7.834,0.899886
Bellsouth,0003,0,2.514,5.444,7.958,0.899881
Bellsouth,0004,0,2.514,5.276,7.789999999999999,0.899977
Belnet2003,0000,0,0.194,1.171,1.365,2.4653276
Belnet2003,0001,0,0.194,1.01,1.204,3.254952
Belnet2003,0002,0,0.194,0.989,1.183,3.0215004
Belnet2003,0003,0,0.194,0.581,0.7749999999999999,1.723648
Belnet2003,0004,0,0.194,1.131,1.325,2.902152
Belnet2004,0000,0,0.197,1.007,1.204,3.1735944
Belnet2004,0001,0,0.197,1.281,1.478,1.2184356
Belnet2004,0002,0,0.197,1.174,1.371,2.3108296
Belnet2004,0003,0,0.197,1.145,1.342,2.162098
Belnet2004,0004,0,0.197,1.204,1.401,2.3697643999999998
Belnet2005,0000,0,0.189,1.281,1.47,1.082918
Belnet2005,0001,0,0.189,0.834,1.023,0.9000769999999999
Belnet2005,0002,0,0.189,1.413,1.602,0.9000376
Belnet2005,0003,0,0.189,0.964,1.153,1.069371
Belnet2005,0004,0,0.189,1.221,1.4100000000000001,1.45338
Belnet2006,0000,0,0.198,3.363,3.561,1.071694
Belnet2006,0001,0,0.198,1.401,1.599,4.255964
Belnet2006,0002,0,0.198,1.142,1.3399999999999999,1.1469392
Belnet2006,0003,0,0.198,1.984,2.182,1.4076339999999998
Belnet2006,0004,0,0.198,0.654,0.8520000000000001,0.9000419999999999
Belnet2007,0000,0,0.114,0.45,0.5640000000000001,0.900051
Belnet2007,0001,0,0.114,0.451,0.5650000000000001,0.900006
Belnet2007,0002,0,0.114,0.522,0.636,0.899999
Belnet2007,0003,0,0.114,0.411,0.525,0.900032
Belnet2007,0004,0,0.114,0.393,0.507,0.8999780000000001
Belnet2008,0000,0,0.124,0.435,0.5589999999999999,0.899984
Belnet2008,0001,0,0.124,0.477,0.601,0.919783
Belnet2008,0002,0,0.124,0.426,0.55,0.900051
Belnet2008,0003,0,0.124,0.473,0.597,0.899985
Belnet2008,0004,0,0.124,0.395,0.519,0.900027
Belnet2009,0000,0,0.126,0.449,0.575,0.900014
Belnet2009,0001,0,0.126,0.422,0.548,0.900004
Belnet2009,0002,0,0.126,0.518,0.644,0.90006
Belnet2009,0003,0,0.126,0.468,0.5940000000000001,0.900063
Belnet2009,0004,0,0.126,0.468,0.5940000000000001,0.90005
Belnet2010,0000,0,0.098,0.466,0.5640000000000001,0.899992
Belnet2010,0001,0,0.098,0.472,0.57,0.899975
Belnet2010,0002,0,0.098,0.43,0.528,0.911669
Belnet2010,0003,0,0.098,0.396,0.494,0.90005
Belnet2010,0004,0,0.098,0.418,0.516,0.900022
BeyondTheNetwork,0000,0,2.23,7.856,10.086,0.899996
BeyondTheNetwork,0001,0,2.23,8.087,10.317,0.899959
BeyondTheNetwork,0002,0,2.23,7.98,10.21,0.899975
BeyondTheNetwork,0003,0,2.23,7.554,9.784,0.899979
BeyondTheNetwork,0004,0,2.23,9.008,11.238,0.899958
Bics,0000,0,1.746,4.246,5.992000000000001,0.9
Bics,0001,0,1.746,3.987,5.7330000000000005,0.899956
Bics,0002,0,1.746,4.456,6.202,0.900004
Bics,0003,0,1.746,4.768,6.513999999999999,0.900025
Bics,0004,0,1.746,4.605,6.351000000000001,0.899961
Biznet,0000,0,0.108,0.709,0.817,0.899965
Biznet,0001,0,0.108,0.511,0.619,0.899999
Biznet,0002,0,0.108,0.492,0.6,0.90002
Biznet,0003,0,0.108,0.607,0.715,0.8999469999999998
Biznet,0004,0,0.108,0.62,0.728,0.899997
Bren,0000,0,0.083,0.166,0.249,0.8999578651685394
Bren,0001,0,0.083,0.198,0.281,0.899936797752809
Bren,0002,0,0.083,0.211,0.294,0.8999634831460674
Bren,0003,0,0.083,0.182,0.265,0.8999676966292135
Bren,0004,0,0.083,0.24,0.323,0.899996
BsonetEurope,0000,0,0.113,0.463,0.5760000000000001,0.9000319999999998
BsonetEurope,0001,0,0.113,0.331,0.444,1.057139
BsonetEurope,0002,0,0.113,0.502,0.615,0.900029
BsonetEurope,0003,0,0.113,0.33,0.443,1.06848
BsonetEurope,0004,0,0.113,0.332,0.445,1.046675
BtAsiaPac,0000,0,0.176,2.724,2.9000000000000004,0.900055
BtAsiaPac,0001,0,0.176,7.306,7.482,0.900086
BtAsiaPac,0002,0,0.176,6.717,6.893,0.900046
BtAsiaPac,0003,0,0.176,0.854,1.03,0.9000349999999999
BtAsiaPac,0004,0,0.176,1.59,1.766,0.900067
BtEurope,0000,0,0.42,2.135,2.5549999999999997,0.900051
BtEurope,0001,0,0.42,1.865,2.285,0.900037
BtEurope,0002,0,0.42,2.038,2.4579999999999997,0.900074
BtEurope,0003,0,0.42,1.424,1.8439999999999999,0.900036
BtEurope,0004,0,0.42,2.054,2.4739999999999998,1.1317949999999999
BtLatinAmerica,0000,0,0.206,0.658,0.864,0.899748
BtLatinAmerica,0001,0,0.206,0.593,0.7989999999999999,0.899738
BtLatinAmerica,0002,0,0.206,0.637,0.843,0.899758
BtLatinAmerica,0003,0,0.206,0.584,0.7899999999999999,0.899746
BtLatinAmerica,0004,0,0.206,0.575,0.7809999999999999,0.89975
BtNorthAmerica,0000,0,23.252,273.264,296.516,0.900073
BtNorthAmerica,0001,0,23.252,66.564,89.81599999999999,0.900047
BtNorthAmerica,0002,0,23.252,80.67,103.922,0.900069
BtNorthAmerica,0003,0,23.252,717.172,740.424,0.900068
BtNorthAmerica,0004,0,23.252,51.041,74.29299999999999,0.9000269999999999
Canerie,0000,0,0.287,1.169,1.456,0.899955
Canerie,0001,0,0.287,1.101,1.388,0.899983
Canerie,0002,0,0.287,1.27,1.557,0.899955
Canerie,0003,0,0.287,1.031,1.3179999999999998,0.9000209999999996
Canerie,0004,0,0.287,1.404,1.6909999999999998,0.900005
Carnet,0000,0,0.072,0.085,0.157,0.899842
Carnet,0001,0,0.072,0.084,0.156,0.899832
Carnet,0002,0,0.072,0.082,0.154,0.899832
Carnet,0003,0,0.072,0.082,0.154,0.899839
Carnet,0004,0,0.072,0.081,0.153,0.899834
Cernet,0000,0,0.146,0.423,0.569,1.3497806451612904
Cernet,0001,0,0.146,0.516,0.662,1.1322193548387096
Cernet,0002,0,0.146,0.533,0.679,1.0376609397061496
Cernet,0003,0,0.146,0.408,0.5539999999999999,1.3497161290322581
Cernet,0004,0,0.146,0.441,0.587,1.3497096774193549
Cesnet1993,0000,0,0.021,0.06,0.081,0.8981666666666667
Cesnet1993,0001,0,0.021,0.048,0.069,0.8975
Cesnet1993,0002,0,0.021,0.045,0.066,0.8975
Cesnet1993,0003,0,0.021,0.031,0.052000000000000005,0.8975
Cesnet1993,0004,0,0.021,0.03,0.051000000000000004,0.8985
Cesnet1997,0000,0,0.028,0.042,0.07,0.8994705882352941
Cesnet1997,0001,0,0.028,0.033,0.061,0.8995
Cesnet1997,0002,0,0.028,0.047,0.075,0.8994705882352941
Cesnet1997,0003,0,0.028,0.054,0.082,0.8993529411764706
Cesnet1997,0004,0,0.028,0.054,0.082,0.8993823529411765
Cesnet1999,0000,0,0.024,0.061,0.08499999999999999,0.8998774193548387
Cesnet1999,0001,0,0.024,0.033,0.057,0.8998529411764706
Cesnet1999,0002,0,0.024,0.037,0.061,0.89925
Cesnet1999,0003,0,0.024,0.046,0.07,0.8992258064516129
Cesnet1999,0004,0,0.024,0.033,0.057,0.8998529411764706
Cesnet2001,0000,0,0.036,0.065,0.101,1.0581070126807588
Cesnet2001,0001,0,0.036,0.051,0.087,1.0581070126807588
Cesnet2001,0002,0,0.036,0.062,0.098,1.0581092801387684
Cesnet2001,0003,0,0.036,0.089,0.125,1.0581002103067303
Cesnet2001,0004,0,0.036,0.071,0.10699999999999998,1.0581070126807588
Cesnet200304,0000,0,0.055,0.284,0.33899999999999997,0.900074
Cesnet200304,0001,0,0.055,0.14,0.195,0.8999583333333333
Cesnet200304,0002,0,0.055,0.26,0.315,0.9000408
Cesnet200304,0003,0,0.055,0.174,0.22899999999999998,0.900026
Cesnet200304,0004,0,0.055,0.293,0.348,0.8999533333333333
Cesnet200511,0000,0,0.194,0.718,0.9119999999999999,0.9000408
Cesnet200511,0001,0,0.194,0.703,0.897,0.900104
Cesnet200511,0002,0,0.194,0.719,0.913,0.9000688
Cesnet200511,0003,0,0.194,0.94,1.134,0.9000468
Cesnet200511,0004,0,0.194,0.84,1.034,0.900063263695022
Cesnet200603,0000,0,0.184,0.758,0.942,0.9001051999999999
Cesnet200603,0001,0,0.184,0.677,0.861,0.899922
Cesnet200603,0002,0,0.184,0.672,0.8560000000000001,0.9001020000000001
Cesnet200603,0003,0,0.184,0.721,0.905,0.9000764
Cesnet200603,0004,0,0.184,0.866,1.05,0.9000428
Cesnet200706,0000,0,0.231,0.9,1.131,0.9000364
Cesnet200706,0001,0,0.231,0.883,1.114,0.9000306191613141
Cesnet200706,0002,0,0.231,0.765,0.996,0.9001344
Cesnet200706,0003,0,0.231,0.9,1.131,0.9000947362085103
Cesnet200706,0004,0,0.231,0.887,1.118,0.9000051999999998
Cesnet201006,0000,0,0.666,2.699,3.3649999999999998,0.9000186719321176
Cesnet201006,0001,0,0.666,3.054,3.7199999999999998,0.9000400403557944
Cesnet201006,0002,0,0.666,3.056,3.722,0.8999723736808178
Cesnet201006,0003,0,0.666,2.707,3.3729999999999998,0.8999723736808178
Cesnet201006,0004,0,0.666,2.884,3.55,0.9000115491242253
Chinanet,0000,0,2.931,9.449,12.379999999999999,0.900044
Chinanet,0001,0,2.931,11.612,14.543,1.192499
Chinanet,0002,0,2.931,11.698,14.629000000000001,0.900035
Chinanet,0003,0,2.931,12.857,15.788,0.900062
Chinanet,0004,0,2.931,11.585,14.516000000000002,1.260922
Claranet,0000,0,0.039,0.294,0.33299999999999996,0.900078
Claranet,0001,0,0.039,0.202,0.24100000000000002,0.900058
Claranet,0002,0,0.039,0.171,0.21000000000000002,0.900027
Claranet,0003,0,0.039,0.339,0.378,0.9000279999999999
Claranet,0004,0,0.039,0.148,0.187,0.90004
Cogentco,0000,1,-,-,-,-
Cogentco,0001,1,-,-,-,-
Cogentco,0002,1,-,-,-,-
Cogentco,0003,1,-,-,-,-
Cogentco,0004,1,-,-,-,-
Colt,0000,0,209.685,454.322,664.0070000000001,0.898647
Colt,0001,0,209.685,460.603,670.288,0.898706
Colt,0002,0,209.685,464.003,673.688,0.898778
Colt,0003,0,209.685,451.322,661.0070000000001,0.898713
Colt,0004,0,209.685,462.265,671.95,0.898665
Columbus,0000,0,11.892,58.986,70.878,0.899817
Columbus,0001,0,11.892,47.307,59.199,0.899767
Columbus,0002,0,11.892,59.417,71.309,0.899792
Columbus,0003,0,11.892,55.562,67.454,0.899748
Columbus,0004,0,11.892,48.774,60.666,0.899726
Compuserve,0000,0,0.048,0.756,0.804,0.8999555555555555
Compuserve,0001,0,0.048,0.781,0.8290000000000001,0.8998666666666667
Compuserve,0002,0,0.048,1.502,1.55,0.9001111111111111
Compuserve,0003,0,0.048,0.386,0.434,0.8999111111111111
Compuserve,0004,0,0.048,0.319,0.367,0.8999111111111111
CrlNetworkServices,0000,0,0.258,1.696,1.954,0.8991555555555556
CrlNetworkServices,0001,0,0.258,1.814,2.072,0.8986444444444444
CrlNetworkServices,0002,0,0.258,1.759,2.017,0.8986444444444445
CrlNetworkServices,0003,0,0.258,1.423,1.681,0.8986444444444445
CrlNetworkServices,0004,0,0.258,1.365,1.623,0.8987111111111109
Cudi,0000,0,0.137,0.221,0.358,0.8998870833333332
Cudi,0001,0,0.137,0.205,0.34199999999999997,0.8999529166666667
Cudi,0002,0,0.137,0.147,0.28400000000000003,0.8998883333333332
Cudi,0003,0,0.137,0.227,0.364,0.8998845833333333
Cudi,0004,0,0.137,0.163,0.30000000000000004,0.8998883333333334
Cwix,0000,0,0.273,1.287,1.56,0.8988
Cwix,0001,0,0.273,1.359,1.6320000000000001,0.8989333333333334
Cwix,0002,0,0.273,1.174,1.447,0.8989111111111111
Cwix,0003,0,0.273,1.455,1.7280000000000002,0.8988666666666667
Cwix,0004,0,0.273,1.458,1.7309999999999999,0.8989333333333334
Cynet,0000,0,0.061,0.085,0.14600000000000002,0.8994971804511278
Cynet,0001,0,0.061,0.067,0.128,0.8994501879699248
Cynet,0002,0,0.061,0.059,0.12,0.8994736842105263
Cynet,0003,0,0.061,0.059,0.12,0.8995112781954887
Cynet,0004,0,0.061,0.06,0.121,0.8994736842105263
Darkstrand,0000,0,0.141,0.691,0.832,0.900037
Darkstrand,0001,0,0.141,0.832,0.973,0.899953
Darkstrand,0002,0,0.141,0.676,0.8170000000000001,0.89999
Darkstrand,0003,0,0.141,0.801,0.9420000000000001,0.90003
Darkstrand,0004,0,0.141,0.699,0.84,0.900031
Dataxchange,0000,0,0.023,0.092,0.11499999999999999,1.0392666666666666
Dataxchange,0001,0,0.023,0.058,0.081,1.0802222222222222
Dataxchange,0002,0,0.023,0.054,0.077,1.2024
Dataxchange,0003,0,0.023,0.074,0.097,0.8999333333333334
Dataxchange,0004,0,0.023,0.067,0.09,1.432511111111111
Deltacom,0000,1,3549.747,2176.036,5725.782999999999,6.154845952987671
Deltacom,0001,1,3549.747,2108.339,5658.085999999999,6.715105
Deltacom,0002,1,3549.747,2122.174,5671.921,5.757318
Deltacom,0003,1,3549.747,2117.074,5666.821,7.191555
Deltacom,0004,1,3549.747,2167.726,5717.473,6.399327993392944
DeutscheTelekom,0000,0,1.58,4.286,5.866,0.900039
DeutscheTelekom,0001,0,1.58,3.319,4.899,0.899957
DeutscheTelekom,0002,0,1.58,3.423,5.003,0.899957
DeutscheTelekom,0003,0,1.58,3.601,5.181,0.899961
DeutscheTelekom,0004,0,1.58,3.772,5.352,0.89996
Dfn,0000,0,26.553,26.09,52.643,0.900018
Dfn,0001,0,26.553,47.581,74.134,0.900096
Dfn,0002,0,26.553,27.862,54.415,0.900035
Dfn,0003,0,26.553,32.438,58.991,0.900036
Dfn,0004,0,26.553,34.053,60.605999999999995,0.900156
DialtelecomCz,0000,0,164.425,614.868,779.2930000000001,0.899231
DialtelecomCz,0001,0,164.425,748.447,912.8720000000001,0.899228
DialtelecomCz,0002,0,164.425,603.212,767.637,0.89927
DialtelecomCz,0003,0,164.425,696.738,861.163,0.899303
DialtelecomCz,0004,0,164.425,676.274,840.6990000000001,0.899269
Digex,0000,0,0.271,1.234,1.505,0.8988888888888888
Digex,0001,0,0.271,1.126,1.3969999999999998,0.8988666666666666
Digex,0002,0,0.271,1.21,1.4809999999999999,0.8988444444444444
Digex,0003,0,0.271,1.17,1.4409999999999998,0.8988222222222219
Digex,0004,0,0.271,1.137,1.408,0.8988
Easynet,0000,0,0.085,0.365,0.45,0.900044
Easynet,0001,0,0.085,0.306,0.391,0.89999
Easynet,0002,0,0.085,0.308,0.393,0.899991
Easynet,0003,0,0.085,0.361,0.446,0.899985
Easynet,0004,0,0.085,0.381,0.466,0.90003
Eenet,0000,0,0.028,0.045,0.073,1.907983
Eenet,0001,0,0.028,0.051,0.079,1.907977
Eenet,0002,0,0.028,0.056,0.084,1.907978
Eenet,0003,0,0.028,0.052,0.08,1.90798
Eenet,0004,0,0.028,0.06,0.088,1.907982
EliBackbone,0000,0,0.261,0.958,1.2189999999999999,0.900067
EliBackbone,0001,0,0.261,1.076,1.3370000000000002,0.900035
EliBackbone,0002,0,0.261,1.147,1.408,0.900007
EliBackbone,0003,0,0.261,1.423,1.6840000000000002,0.900077
EliBackbone,0004,0,0.261,1.078,1.339,0.900068
Epoch,0000,0,0.033,0.056,0.089,0.9926666666666667
Epoch,0001,0,0.033,0.087,0.12,0.9006666666666653
Epoch,0002,0,0.033,0.094,0.127,0.9004888888888889
Epoch,0003,0,0.033,0.079,0.112,0.9094888888888882
Epoch,0004,0,0.033,0.145,0.178,0.9004444444444445
Ernet,0000,0,0.104,0.346,0.44999999999999996,0.899951
Ernet,0001,0,0.104,0.266,0.37,0.899946
Ernet,0002,0,0.104,0.27,0.374,0.899949
Ernet,0003,0,0.104,0.267,0.371,0.899947
Ernet,0004,0,0.104,0.256,0.36,0.899949
Esnet,0000,0,1.349,9.495,10.844,1.3116113
Esnet,0001,0,1.349,9.082,10.431000000000001,1.3115699
Esnet,0002,0,1.349,9.181,10.53,1.3114368
Esnet,0003,0,1.349,8.438,9.787,1.311444579124323
Esnet,0004,0,1.349,9.036,10.385,1.3115858
Eunetworks,0000,0,0.045,0.281,0.326,0.899998
Eunetworks,0001,0,0.045,0.21,0.255,0.900068
Eunetworks,0002,0,0.045,0.203,0.248,0.899992
Eunetworks,0003,0,0.045,0.238,0.283,0.900007
Eunetworks,0004,0,0.045,0.248,0.293,0.899998
Evolink,0000,0,0.281,0.997,1.278,0.899935
Evolink,0001,0,0.281,0.993,1.274,0.89994
Evolink,0002,0,0.281,1.109,1.3900000000000001,0.899976
Evolink,0003,0,0.281,1.197,1.4780000000000002,0.899928
Evolink,0004,0,0.281,1.246,1.5270000000000001,0.899983
Fatman,0000,0,0.051,0.189,0.24,0.899978
Fatman,0001,0,0.051,0.158,0.209,0.899977
Fatman,0002,0,0.051,0.159,0.21,0.899971
Fatman,0003,0,0.051,0.17,0.221,0.899973
Fatman,0004,0,0.051,0.16,0.211,0.899973
Fccn,0000,0,0.048,0.176,0.22399999999999998,0.900058
Fccn,0001,0,0.048,0.186,0.23399999999999999,0.899969
Fccn,0002,0,0.048,0.144,0.192,0.900026
Fccn,0003,0,0.048,0.126,0.174,0.8999889999999999
Fccn,0004,0,0.048,0.216,0.264,0.900003
Forthnet,0000,0,0.148,0.146,0.294,0.8999888888888888
Forthnet,0001,0,0.148,0.143,0.291,0.8999883888888889
Forthnet,0002,0,0.148,0.193,0.34099999999999997,0.8999891111111111
Forthnet,0003,0,0.148,0.212,0.36,0.8999876111111111
Forthnet,0004,0,0.148,0.165,0.313,0.8999896111111111
Funet,0000,0,0.148,0.646,0.794,0.900025
Funet,0001,0,0.148,0.702,0.85,0.8999780000000001
Funet,0002,0,0.148,0.635,0.783,0.899992
Funet,0003,0,0.148,0.61,0.758,0.9000109999999999
Funet,0004,0,0.148,0.774,0.922,0.900004
Gambia,0000,0,0.062,0.108,0.16999999999999998,0.89968
Gambia,0001,0,0.062,0.1,0.162,0.8996500000000001
Gambia,0002,0,0.062,0.093,0.155,0.89968
Gambia,0003,0,0.062,0.098,0.16,0.899655
Gambia,0004,0,0.062,0.094,0.156,0.89966
Garr199901,0000,0,0.034,0.221,0.255,0.900029
Garr199901,0001,0,0.034,0.463,0.497,0.900075
Garr199901,0002,0,0.034,0.172,0.206,0.9000630000000001
Garr199901,0003,0,0.034,0.163,0.197,0.900046
Garr199901,0004,0,0.034,0.225,0.259,0.900043
Garr199904,0000,0,0.044,0.173,0.21699999999999997,0.8999677419354838
Garr199904,0001,0,0.044,0.291,0.33499999999999996,0.8999870967741935
Garr199904,0002,0,0.044,0.203,0.247,0.8999225806451613
Garr199904,0003,0,0.044,0.197,0.241,0.8999870967741912
Garr199904,0004,0,0.044,0.177,0.22099999999999997,0.8999096774193548
Garr199905,0000,0,0.043,0.577,0.62,0.899974193548387
Garr199905,0001,0,0.043,0.169,0.21200000000000002,0.8999225806451613
Garr199905,0002,0,0.043,0.188,0.23099999999999998,0.8999548387096774
Garr199905,0003,0,0.043,0.408,0.45099999999999996,0.8999806451612903
Garr199905,0004,0,0.043,0.218,0.261,0.8999806451612903
Garr200109,0000,0,0.038,0.264,0.302,0.8999548387096774
Garr200109,0001,0,0.038,0.154,0.192,0.8999419354838709
Garr200109,0002,0,0.038,0.225,0.263,0.9
Garr200109,0003,0,0.038,0.147,0.185,0.8999290322580644
Garr200109,0004,0,0.038,0.198,0.23600000000000002,0.8999483870967743
Garr200112,0000,0,0.053,0.201,0.254,0.899890322580645
Garr200112,0001,0,0.053,0.263,0.316,0.8998645161290322
Garr200112,0002,0,0.053,0.206,0.259,0.8999677419354839
Garr200112,0003,0,0.053,0.161,0.214,0.8999096774193546
Garr200112,0004,0,0.053,0.242,0.295,0.8999290322580645
Garr200212,0000,0,0.057,0.146,0.20299999999999999,0.8998387096774193
Garr200212,0001,0,0.057,0.168,0.225,1.151116129032258
Garr200212,0002,0,0.057,0.148,0.205,1.124883870967742
Garr200212,0003,0,0.057,0.263,0.32,0.8998322580645162
Garr200212,0004,0,0.057,0.164,0.221,0.8997870967741934
Garr200404,0000,0,0.041,0.176,0.217,0.8999870967741935
Garr200404,0001,0,0.041,0.175,0.216,0.8999612903225805
Garr200404,0002,0,0.041,0.188,0.229,0.8999419354838709
Garr200404,0003,0,0.041,0.481,0.522,0.8999806451612903
Garr200404,0004,0,0.041,0.229,0.27,0.8999999999999999
Garr200902,0000,0,0.487,5.354,5.841,0.953722
Garr200902,0001,0,0.487,5.757,6.244,0.9286592
Garr200902,0002,0,0.487,4.052,4.539,0.9000488
Garr200902,0003,0,0.487,2.195,2.682,0.899902
Garr200902,0004,0,0.487,2.719,3.206,1.1025216
Garr200908,0000,0,0.486,3.896,4.382,0.9000235999999999
Garr200908,0001,0,0.486,4.091,4.577,0.9000536
Garr200908,0002,0,0.486,2.33,2.816,0.9111936
Garr200908,0003,0,0.486,3.959,4.445,0.9000704
Garr200908,0004,0,0.486,2.065,2.551,0.984247
Garr200909,0000,0,0.49,4.168,4.658,0.9314172
Garr200909,0001,0,0.49,1.924,2.4139999999999997,0.8999169230769231
Garr200909,0002,0,0.49,4.131,4.621,0.9535413714102154
Garr200909,0003,0,0.49,2.646,3.136,0.9001292
Garr200909,0004,0,0.49,2.193,2.683,0.9000467999999999
Garr200912,0000,0,0.446,3.884,4.33,0.9469738922897688
Garr200912,0001,0,0.446,3.738,4.184,0.9454816
Garr200912,0002,0,0.446,1.925,2.371,0.8999138461538462
Garr200912,0003,0,0.446,2.119,2.5650000000000004,0.8999261538461538
Garr200912,0004,0,0.446,5.762,6.207999999999999,0.9332749
Garr201001,0000,0,0.533,2.785,3.318,0.9453376
Garr201001,0001,0,0.533,2.449,2.9819999999999998,1.091937
Garr201001,0002,0,0.533,2.632,3.165,0.905651
Garr201001,0003,0,0.533,6.709,7.242,0.9001892
Garr201001,0004,0,0.533,2.494,3.027,1.007009
Garr201003,0000,0,0.473,3.664,4.1370000000000005,0.9109338461538462
Garr201003,0001,0,0.473,2.257,2.73,1.019401
Garr201003,0002,0,0.473,3.845,4.3180000000000005,0.8999184615384616
Garr201003,0003,0,0.473,5.123,5.596,0.9087786597283565
Garr201003,0004,0,0.473,3.443,3.916,0.8999169230769231
Garr201004,0000,0,0.472,15.605,16.077,0.9446123076923076
Garr201004,0001,0,0.472,6.198,6.67,0.9931732
Garr201004,0002,0,0.472,1.938,2.41,1.204614
Garr201004,0003,0,0.472,2.019,2.491,0.8999230769230768
Garr201004,0004,0,0.472,10.103,10.575,0.9928584
Garr201005,0000,0,0.479,4.313,4.792,0.9000272
Garr201005,0001,0,0.479,4.99,5.469,0.9375320187793427
Garr201005,0002,0,0.479,5.733,6.212,1.0407042253521126
Garr201005,0003,0,0.479,4.97,5.449,0.9000725320867986
Garr201005,0004,0,0.479,5.526,6.005,0.9239896000000001
Garr201007,0000,0,0.465,4.225,4.6899999999999995,0.8999246153846154
Garr201007,0001,0,0.465,2.632,3.097,1.119515
Garr201007,0002,0,0.465,6.543,7.008,0.9050392
Garr201007,0003,0,0.465,6.161,6.6259999999999994,0.904954622839032
Garr201007,0004,0,0.465,17.322,17.787,0.9409023
Garr201008,0000,0,0.475,3.791,4.266,0.8999061538461536
Garr201008,0001,0,0.475,3.835,4.31,0.900038
Garr201008,0002,0,0.475,2.683,3.158,1.0335088000000001
Garr201008,0003,0,0.475,4.473,4.9479999999999995,0.9067045
Garr201008,0004,0,0.475,2.178,2.653,1.221674
Garr201010,0000,0,0.486,5.615,6.101,0.900066
Garr201010,0001,0,0.486,4.018,4.504,0.900102
Garr201010,0002,0,0.486,4.483,4.968999999999999,0.9000723999999999
Garr201010,0003,0,0.486,4.217,4.702999999999999,1.0808904
Garr201010,0004,0,0.486,7.314,7.8,0.9270439
Garr201012,0000,0,0.558,4.961,5.519,0.9000732
Garr201012,0001,0,0.558,6.201,6.7589999999999995,0.9165496
Garr201012,0002,0,0.558,5.204,5.762,0.9000676
Garr201012,0003,0,0.558,8.79,9.347999999999999,0.9183309932638019
Garr201012,0004,0,0.558,4.657,5.215,0.9000491999999999
Garr201101,0000,0,0.559,5.88,6.439,0.9626648
Garr201101,0001,0,0.559,5.072,5.631,0.9000148
Garr201101,0002,0,0.559,6.558,7.117,1.1090263999999999
Garr201101,0003,0,0.559,7.205,7.764,0.9000736
Garr201101,0004,0,0.559,3.734,4.293,0.9673555079575126
Garr201102,0000,0,0.59,3.229,3.819,0.89994
Garr201102,0001,0,0.59,3.303,3.893,0.8999499999999969
Garr201102,0002,0,0.59,3.072,3.662,0.899945
Garr201102,0003,0,0.59,2.931,3.521,0.89995
Garr201102,0004,0,0.59,3.488,4.078,0.899944
Garr201103,0000,0,0.619,3.144,3.763,0.899941
Garr201103,0001,0,0.619,3.311,3.9299999999999997,0.899944
Garr201103,0002,0,0.619,4.445,5.064,0.950317
Garr201103,0003,0,0.619,3.352,3.971,0.992136
Garr201103,0004,0,0.619,3.339,3.958,1.024876
Garr201104,0000,0,0.688,4.465,5.153,0.899941
Garr201104,0001,0,0.688,4.189,4.877,1.247638
Garr201104,0002,0,0.688,4.273,4.960999999999999,1.799943
Garr201104,0003,0,0.688,4.291,4.979,0.899941
Garr201104,0004,0,0.688,6.564,7.252,0.899939
Garr201105,0000,0,0.645,3.581,4.226,1.09697
Garr201105,0001,0,0.645,5.078,5.723000000000001,0.899947
Garr201105,0002,0,0.645,3.773,4.418,0.899943
Garr201105,0003,0,0.645,3.786,4.431,0.943398
Garr201105,0004,0,0.645,5.158,5.803000000000001,0.9000192
Garr201107,0000,0,0.661,4.282,4.943,0.925796
Garr201107,0001,0,0.661,3.792,4.452999999999999,1.302537
Garr201107,0002,0,0.661,6.845,7.506,0.909163
Garr201107,0003,0,0.661,3.757,4.418,1.09726
Garr201107,0004,0,0.661,3.896,4.557,1.130553
Garr201108,0000,0,0.674,3.66,4.3340000000000005,1.0897679999999994
Garr201108,0001,0,0.674,5.294,5.968,0.8999748
Garr201108,0002,0,0.674,3.397,4.071,0.8999664
Garr201108,0003,0,0.674,4.965,5.639,0.8999835999999999
Garr201108,0004,0,0.674,5.635,6.309,0.900046
Garr201109,0000,0,0.715,5.38,6.095,0.9000328
Garr201109,0001,0,0.715,3.915,4.63,0.8999656
Garr201109,0002,0,0.715,4.118,4.833,0.9000688
Garr201109,0003,0,0.715,6.129,6.843999999999999,0.900054
Garr201109,0004,0,0.715,3.881,4.596,0.8999884
Garr201110,0000,0,0.636,3.775,4.411,0.899938
Garr201110,0001,0,0.636,4.67,5.306,0.9000456
Garr201110,0002,0,0.636,3.112,3.748,0.899966
Garr201110,0003,0,0.636,3.611,4.247,0.9000012
Garr201110,0004,0,0.636,5.189,5.825,0.9000248
Garr201111,0000,0,0.606,2.782,3.388,0.899962
Garr201111,0001,0,0.606,4.298,4.904,0.9000108
Garr201111,0002,0,0.606,3.77,4.376,0.9000368
Garr201111,0003,0,0.606,4.138,4.744,0.89998
Garr201111,0004,0,0.606,3.119,3.725,0.899964
Garr201112,0000,0,0.616,3.154,3.77,0.9000684
Garr201112,0001,0,0.616,4.117,4.733,0.899982
Garr201112,0002,0,0.616,2.934,3.5500000000000003,0.9000236
Garr201112,0003,0,0.616,3.1,3.716,0.899938
Garr201112,0004,0,0.616,4.374,4.989999999999999,0.89999
Garr201201,0000,0,0.64,3.626,4.266,0.9000156
Garr201201,0001,0,0.64,6.207,6.8469999999999995,0.9608076
Garr201201,0002,0,0.64,3.209,3.849,1.1010239999999998
Garr201201,0003,0,0.64,3.374,4.014,1.277966
Garr201201,0004,0,0.64,3.903,4.543,0.9000756
Gblnet,0000,0,0.016,0.033,0.049,0.899993
Gblnet,0001,0,0.016,0.046,0.062,0.899993
Gblnet,0002,0,0.016,0.043,0.059,0.899993
Gblnet,0003,0,0.016,0.029,0.045,0.899993
Gblnet,0004,0,0.016,0.027,0.043,0.899992
Geant2001,0000,0,0.341,2.345,2.6860000000000004,0.975044
Geant2001,0001,0,0.341,1.066,1.407,0.9000241157556269
Geant2001,0002,0,0.341,1.481,1.822,0.9442032
Geant2001,0003,0,0.341,1.209,1.55,0.9276296
Geant2001,0004,0,0.341,1.334,1.675,0.8999710610932474
Geant2009,0000,0,1.732,9.06,10.792,0.9000799
Geant2009,0001,0,1.732,8.963,10.694999999999999,0.9384986
Geant2009,0002,0,1.732,9.079,10.811,0.9001458
Geant2009,0003,0,1.732,7.805,9.536999999999999,0.9000859
Geant2009,0004,0,1.732,8.21,9.942,0.9000674
Geant2010,0000,0,0.503,5.547,6.05,0.9000361
Geant2010,0001,0,0.503,8.136,8.639,0.9000867
Geant2010,0002,0,0.503,18.151,18.654,0.9001978625954199
Geant2010,0003,0,0.503,6.342,6.845,0.9000818
Geant2010,0004,0,0.503,5.168,5.671,0.9000925801526718
Geant2012,0000,0,0.572,6.869,7.441,0.9001081
Geant2012,0001,0,0.572,7.879,8.450999999999999,0.900143
Geant2012,0002,0,0.572,9.711,10.283,0.9000635999999999
Geant2012,0003,0,0.572,9.452,10.024,0.9000351
Geant2012,0004,0,0.572,7.593,8.165,0.9001168
Getnet,0000,0,0.024,0.057,0.081,0.9060222222222223
Getnet,0001,0,0.024,0.071,0.095,0.9126888888888889
Getnet,0002,0,0.024,0.058,0.082,0.9024222222222222
Getnet,0003,0,0.024,0.07,0.094,0.9014
Getnet,0004,0,0.024,0.047,0.07100000000000001,0.9246444444444445
Globalcenter,0000,0,0.063,0.536,0.599,1.3514
Globalcenter,0001,0,0.063,0.807,0.8700000000000001,1.6360666666666666
Globalcenter,0002,0,0.063,0.623,0.6859999999999999,1.1823777777777777
Globalcenter,0003,0,0.063,0.571,0.6339999999999999,1.3111111111111111
Globalcenter,0004,0,0.063,1.011,1.0739999999999998,1.5756666666666668
Globenet,0000,0,35.993,63.644,99.637,1.161995
Globenet,0001,0,35.993,63.801,99.79400000000001,1.0449439999999999
Globenet,0002,0,35.993,58.399,94.392,1.221443
Globenet,0003,0,35.993,59.508,95.501,1.1140439999999998
Globenet,0004,0,35.993,57.229,93.22200000000001,1.108822
Goodnet,0000,0,0.219,15.842,16.061,0.8999555555555555
Goodnet,0001,0,0.219,0.942,1.161,0.9410000000000001
Goodnet,0002,0,0.219,1.193,1.4120000000000001,1.2745333333333333
Goodnet,0003,0,0.219,5.471,5.69,0.8999555555555555
Goodnet,0004,0,0.219,2.864,3.0829999999999997,0.8999333333333334
Grena,0000,0,0.03,0.05,0.08,0.899971
Grena,0001,0,0.03,0.039,0.069,0.899962
Grena,0002,0,0.03,0.038,0.068,0.899965
Grena,0003,0,0.03,0.039,0.069,0.899964
Grena,0004,0,0.03,0.039,0.069,0.899968
Gridnet,0000,1,0.044,1802.649,1802.693,0.9002640835057151
Gridnet,0001,1,0.044,1801.422,1801.4660000000001,0.9000422025055871
Gridnet,0002,1,0.044,1801.275,1801.3190000000002,0.900085438646799
Gridnet,0003,1,0.044,1801.439,1801.4830000000002,0.9001525220721598
Gridnet,0004,1,0.044,1803.488,1803.5320000000002,0.9003554699956408
Grnet,0000,0,0.097,0.326,0.42300000000000004,0.899951
Grnet,0001,0,0.097,0.268,0.365,0.900007
Grnet,0002,0,0.097,0.344,0.44099999999999995,0.899947
Grnet,0003,0,0.097,0.249,0.346,0.899951
Grnet,0004,0,0.097,0.248,0.345,0.89995
GtsCe,0000,1,-,-,-,-
GtsCe,0001,1,-,-,-,-
GtsCe,0002,1,-,-,-,-
GtsCe,0003,1,-,-,-,-
GtsCe,0004,1,-,-,-,-
GtsCzechRepublic,0000,0,0.121,0.371,0.492,0.900017
GtsCzechRepublic,0001,0,0.121,0.407,0.528,0.899992
GtsCzechRepublic,0002,0,0.121,0.345,0.46599999999999997,0.900014
GtsCzechRepublic,0003,0,0.121,0.422,0.5429999999999999,0.899949
GtsCzechRepublic,0004,0,0.121,0.452,0.573,0.899991
GtsHungary,0000,0,0.099,0.193,0.29200000000000004,0.899968
GtsHungary,0001,0,0.099,0.178,0.277,0.8999889999999999
GtsHungary,0002,0,0.099,0.188,0.28700000000000003,0.900003
GtsHungary,0003,0,0.099,0.188,0.28700000000000003,0.900009
GtsHungary,0004,0,0.099,0.178,0.277,0.900009
GtsPoland,0000,0,0.282,1.672,1.954,0.900042
GtsPoland,0001,0,0.282,2.257,2.539,0.900023
GtsPoland,0002,0,0.282,1.729,2.011,0.900027
GtsPoland,0003,0,0.282,1.333,1.615,0.900033
GtsPoland,0004,0,0.282,1.794,2.076,0.900019
GtsRomania,0000,0,0.052,0.202,0.254,0.9000279999999999
GtsRomania,0001,0,0.052,0.189,0.241,0.899993
GtsRomania,0002,0,0.052,0.175,0.22699999999999998,0.899999
GtsRomania,0003,0,0.052,0.172,0.22399999999999998,0.899981
GtsRomania,0004,0,0.052,0.176,0.22799999999999998,0.89998
GtsSlovakia,0000,0,0.134,0.38,0.514,0.899995
GtsSlovakia,0001,0,0.134,0.446,0.5800000000000001,0.9000119999999999
GtsSlovakia,0002,0,0.134,0.39,0.524,0.8999469999999999
GtsSlovakia,0003,0,0.134,0.442,0.5760000000000001,0.89996
GtsSlovakia,0004,0,0.134,0.377,0.511,0.899971
Harnet,0000,0,0.08,0.256,0.336,1.1346599201065246
Harnet,0001,0,0.08,0.252,0.332,1.0694263648468707
Harnet,0002,0,0.08,0.264,0.34400000000000003,1.2312905459387484
Harnet,0003,0,0.08,0.296,0.376,0.9000617842876165
Harnet,0004,0,0.08,0.253,0.333,0.9000553928095872
Heanet,0000,0,0.026,0.108,0.134,1.188591
Heanet,0001,0,0.026,0.082,0.108,2.308915
Heanet,0002,0,0.026,0.082,0.108,2.159488
Heanet,0003,0,0.026,0.081,0.107,1.0088299999999997
Heanet,0004,0,0.026,0.265,0.29100000000000004,0.902664
HiberniaCanada,0000,0,0.029,0.105,0.134,0.900052
HiberniaCanada,0001,0,0.029,0.245,0.274,0.902284
HiberniaCanada,0002,0,0.029,0.109,0.138,0.900066
HiberniaCanada,0003,0,0.029,0.103,0.132,0.90002
HiberniaCanada,0004,0,0.029,0.222,0.251,0.899996
HiberniaGlobal,0000,0,24.49,40.018,64.508,0.899822
HiberniaGlobal,0001,0,24.49,36.349,60.839,0.899888
HiberniaGlobal,0002,0,24.49,40.454,64.944,0.89982
HiberniaGlobal,0003,0,24.49,39.497,63.986999999999995,0.899855
HiberniaGlobal,0004,0,24.49,34.222,58.712,0.899885
HiberniaIreland,0000,0,0.022,0.07,0.092,0.903995
HiberniaIreland,0001,0,0.022,0.068,0.09,0.900041
HiberniaIreland,0002,0,0.022,0.067,0.089,0.900001
HiberniaIreland,0003,0,0.022,0.05,0.07200000000000001,0.9
HiberniaIreland,0004,0,0.022,0.056,0.078,0.900042
HiberniaNireland,0000,0,0.114,0.477,0.591,0.900034
HiberniaNireland,0001,0,0.114,0.646,0.76,0.900038
HiberniaNireland,0002,0,0.114,0.382,0.496,0.9
HiberniaNireland,0003,0,0.114,0.537,0.651,0.9000289999999708
HiberniaNireland,0004,0,0.114,0.395,0.509,0.900047
HiberniaUk,0000,0,0.045,0.07,0.115,0.900014
HiberniaUk,0001,0,0.045,0.135,0.18,0.900028
HiberniaUk,0002,0,0.045,0.113,0.158,0.900021
HiberniaUk,0003,0,0.045,0.171,0.21600000000000003,0.900022
HiberniaUk,0004,0,0.045,0.099,0.14400000000000002,0.900071
HiberniaUs,0000,0,0.235,0.72,0.955,0.899958
HiberniaUs,0001,0,0.235,0.65,0.885,0.899958
HiberniaUs,0002,0,0.235,0.772,1.0070000000000001,0.9000269999999999
HiberniaUs,0003,0,0.235,0.728,0.963,0.899965
HiberniaUs,0004,0,0.235,0.663,0.898,0.899955
Highwinds,0000,0,0.379,1.285,1.664,1.800059
Highwinds,0001,0,0.379,1.256,1.635,1.800116
Highwinds,0002,0,0.379,1.253,1.632,1.800122
Highwinds,0003,0,0.379,1.268,1.647,1.800023
Highwinds,0004,0,0.379,1.258,1.637,1.800105
HostwayInternational,0000,0,0.062,0.279,0.341,0.900044
HostwayInternational,0001,0,0.062,0.23,0.29200000000000004,0.899976
HostwayInternational,0002,0,0.062,0.229,0.29100000000000004,0.899974
HostwayInternational,0003,0,0.062,0.285,0.347,0.9000659999999999
HostwayInternational,0004,0,0.062,0.229,0.29100000000000004,0.899976
HurricaneElectric,0000,0,0.33,1.562,1.8920000000000001,0.900074
HurricaneElectric,0001,0,0.33,1.351,1.681,0.899996
HurricaneElectric,0002,0,0.33,1.258,1.588,0.900075
HurricaneElectric,0003,0,0.33,1.771,2.101,0.900073
HurricaneElectric,0004,0,0.33,1.209,1.5390000000000001,0.900064
Ibm,0000,0,0.156,1.768,1.924,0.8998222222222222
Ibm,0001,0,0.156,0.864,1.02,0.8998
Ibm,0002,0,0.156,1.118,1.274,0.8998222222222222
Ibm,0003,0,0.156,1.141,1.297,0.8998444444444444
Ibm,0004,0,0.156,0.842,0.998,0.8998444444444444
Iij,0000,0,3.1,5.268,8.368,0.9000420966756688
Iij,0001,0,3.1,5.335,8.435,1.0440097133809156
Iij,0002,0,3.1,5.274,8.374,1.026588119695216
Iij,0003,0,3.1,5.758,8.858,0.9000608844521605
Iij,0004,0,3.1,5.808,8.908,0.900048727655607
Iinet,0000,0,0.154,0.603,0.757,0.9000429999999999
Iinet,0001,0,0.154,0.499,0.653,0.900054
Iinet,0002,0,0.154,0.569,0.723,0.900037
Iinet,0003,0,0.154,0.502,0.656,0.900031
Iinet,0004,0,0.154,0.7,0.854,0.900005
Ilan,0000,0,0.038,0.238,0.27599999999999997,0.900051
Ilan,0001,0,0.038,0.197,0.23500000000000001,0.900029
Ilan,0002,0,0.038,0.249,0.287,0.90008
Ilan,0003,0,0.038,0.178,0.216,0.900082
Ilan,0004,0,0.038,0.141,0.179,0.908743
Integra,0000,0,0.547,1.903,2.45,0.900043
Integra,0001,0,0.547,2.049,2.596,0.900016
Integra,0002,0,0.547,1.981,2.528,0.899968
Integra,0003,0,0.547,1.761,2.308,0.900011
Integra,0004,0,0.547,2.323,2.87,0.900053
Intellifiber,0000,0,17.322,54.619,71.941,0.899759
Intellifiber,0001,0,17.322,60.985,78.307,0.8998109999999999
Intellifiber,0002,0,17.322,57.319,74.641,0.899818
Intellifiber,0003,0,17.322,68.215,85.537,0.899755
Intellifiber,0004,0,17.322,59.254,76.576,0.899765
Internetmci,0000,0,0.137,0.656,0.793,1.8000222222222222
Internetmci,0001,0,0.137,0.738,0.875,1.7998222222222222
Internetmci,0002,0,0.137,0.773,0.91,1.6322666666666663
Internetmci,0003,0,0.137,1.188,1.325,1.5408193548387097
Internetmci,0004,0,0.137,0.761,0.898,1.7999333333333334
Internode,0000,0,0.327,1.649,1.976,1.2119702372950563
Internode,0001,0,0.327,1.751,2.078,1.132475
Internode,0002,0,0.327,1.323,1.65,1.3384756188648905
Internode,0003,0,0.327,1.764,2.091,1.1323022222222223
Internode,0004,0,0.327,1.626,1.9529999999999998,1.1331386666666667
Interoute,0000,1,1842.645,2058.988,3901.633,5.369308948516846
Interoute,0001,1,1842.645,2030.729,3873.374,5.243840932846069
Interoute,0002,1,1842.645,2082.96,3925.605,5.575876951217651
Interoute,0003,1,1842.645,2050.987,3893.632,5.010996
Interoute,0004,1,1842.645,2073.964,3916.609,5.172534942626953
Intranetwork,0000,0,0.652,3.06,3.712,1.221881
Intranetwork,0001,0,0.652,2.875,3.527,1.035221
Intranetwork,0002,0,0.652,2.685,3.337,1.038016
Intranetwork,0003,0,0.652,2.96,3.612,1.086011
Intranetwork,0004,0,0.652,2.802,3.454,0.997462
Ion,0000,0,553.552,802.865,1356.417,0.899497
Ion,0001,0,553.552,728.45,1282.002,0.899416
Ion,0002,0,553.552,716.396,1269.9479999999999,0.899391
Ion,0003,0,553.552,754.893,1308.4450000000002,0.899434
Ion,0004,0,553.552,745.001,1298.5529999999999,0.899439
IowaStatewideFiberMap,0000,0,0.531,3.104,3.6350000000000002,0.900035
IowaStatewideFiberMap,0001,0,0.531,3.046,3.577,0.900003
IowaStatewideFiberMap,0002,0,0.531,2.375,2.906,0.900004
IowaStatewideFiberMap,0003,0,0.531,2.541,3.072,0.900017
IowaStatewideFiberMap,0004,0,0.531,3.837,4.368,0.900029
Iris,0000,0,2.971,11.519,14.49,0.899936
Iris,0001,0,2.971,10.786,13.757,0.899902
Iris,0002,0,2.971,12.167,15.138,0.899861
Iris,0003,0,2.971,12.165,15.136,0.899856
Iris,0004,0,2.971,11.237,14.208,0.899853
Istar,0000,0,0.038,0.098,0.136,0.899945
Istar,0001,0,0.038,0.113,0.151,0.899945
Istar,0002,0,0.038,0.11,0.148,0.899944
Istar,0003,0,0.038,0.108,0.146,0.899948
Istar,0004,0,0.038,0.08,0.118,0.899949
Itnet,0000,0,0.023,0.067,0.09,0.899995
Itnet,0001,0,0.023,0.049,0.07200000000000001,0.899994
Itnet,0002,0,0.023,0.054,0.077,0.899995
Itnet,0003,0,0.023,0.046,0.069,0.899994
Itnet,0004,0,0.023,0.046,0.069,0.899995
Janetbackbone,0000,0,2.023,4.313,6.336,0.900041
Janetbackbone,0001,0,2.023,4.651,6.6739999999999995,0.900062
Janetbackbone,0002,0,2.023,4.924,6.947000000000001,0.900029
Janetbackbone,0003,0,2.023,4.906,6.929,0.900031
Janetbackbone,0004,0,2.023,8.458,10.481,0.8999849999999999
JanetExternal,0000,0,0.022,0.051,0.073,0.8999952
JanetExternal,0001,0,0.022,0.049,0.07100000000000001,0.8999956
JanetExternal,0002,0,0.022,0.051,0.073,0.8999948
JanetExternal,0003,0,0.022,0.044,0.066,0.8999944
JanetExternal,0004,0,0.022,0.051,0.073,0.8999952
Janetlense,0000,0,0.32,0.726,1.046,1.350002
Janetlense,0001,0,0.32,0.697,1.017,1.211573
Janetlense,0002,0,0.32,0.939,1.259,1.155199
Janetlense,0003,0,0.32,0.733,1.053,0.90004
Janetlense,0004,0,0.32,0.76,1.08,0.999798
Jgn2Plus,0000,0,0.032,0.042,0.07400000000000001,0.899963
Jgn2Plus,0001,0,0.032,0.041,0.07300000000000001,0.899966
Jgn2Plus,0002,0,0.032,0.041,0.07300000000000001,0.899964
Jgn2Plus,0003,0,0.032,0.041,0.07300000000000001,0.899959
Jgn2Plus,0004,0,0.032,0.04,0.07200000000000001,0.899959
Karen,0000,0,0.088,0.249,0.33699999999999997,0.9899956
Karen,0001,0,0.088,0.265,0.353,0.9899956
Karen,0002,0,0.088,0.268,0.356,0.9899958
Karen,0003,0,0.088,0.251,0.33899999999999997,0.9899967
Karen,0004,0,0.088,0.258,0.346,0.9899964
KentmanApr2007,0000,0,0.049,0.182,0.23099999999999998,0.89968
KentmanApr2007,0001,0,0.049,0.136,0.185,0.89969
KentmanApr2007,0002,0,0.049,0.178,0.22699999999999998,0.89972
KentmanApr2007,0003,0,0.049,0.128,0.177,0.89971
KentmanApr2007,0004,0,0.049,0.179,0.22799999999999998,0.89972
KentmanAug2005,0000,0,0.057,0.144,0.20099999999999998,0.8996516129032258
KentmanAug2005,0001,0,0.057,0.155,0.212,0.8996580645161291
KentmanAug2005,0002,0,0.057,0.147,0.204,0.8996258064516129
KentmanAug2005,0003,0,0.057,0.145,0.20199999999999999,0.8996516129032258
KentmanAug2005,0004,0,0.057,0.27,0.327,0.8998064516129033
KentmanFeb2008,0000,0,0.06,0.168,0.228,0.8997
KentmanFeb2008,0001,0,0.06,0.246,0.306,0.9928224153211498
KentmanFeb2008,0002,0,0.06,0.237,0.297,0.89968
KentmanFeb2008,0003,0,0.06,0.15,0.21,0.89969
KentmanFeb2008,0004,0,0.06,0.154,0.214,0.89966
KentmanJan2011,0000,0,0.073,0.126,0.199,0.899932
KentmanJan2011,0001,0,0.073,0.141,0.21399999999999997,0.899914
KentmanJan2011,0002,0,0.073,0.087,0.15999999999999998,0.899913
KentmanJan2011,0003,0,0.073,0.109,0.182,0.89992
KentmanJan2011,0004,0,0.073,0.11,0.183,0.899933
KentmanJul2005,0000,0,0.033,0.102,0.135,0.8995294117647059
KentmanJul2005,0001,0,0.033,0.139,0.17200000000000001,0.8995294117647059
KentmanJul2005,0002,0,0.033,0.087,0.12,0.8996470588235294
KentmanJul2005,0003,0,0.033,0.192,0.225,0.8999096774193548
KentmanJul2005,0004,0,0.033,0.169,0.202,0.8999225806451612
Kreonet,0000,0,0.023,0.053,0.076,0.8999992
Kreonet,0001,0,0.023,0.064,0.087,0.89999925
Kreonet,0002,0,0.023,0.033,0.056,0.89999925
Kreonet,0003,0,0.023,0.032,0.055,0.89999925
Kreonet,0004,0,0.023,0.053,0.076,0.89999925
LambdaNet,0000,0,0.268,1.834,2.1020000000000003,0.899946
LambdaNet,0001,0,0.268,2.024,2.292,0.899916
LambdaNet,0002,0,0.268,2.5,2.768,0.899954
LambdaNet,0003,0,0.268,2.048,2.316,0.899912
LambdaNet,0004,0,0.268,1.699,1.967,0.8999
Latnet,0000,0,0.333,0.48,0.813,0.89704
Latnet,0001,0,0.333,0.506,0.839,0.8969299999999999
Latnet,0002,0,0.333,0.425,0.758,0.89705
Latnet,0003,0,0.333,0.455,0.788,0.8970899999999999
Latnet,0004,0,0.333,0.474,0.8069999999999999,0.89701
Layer42,0000,0,0.019,0.073,0.092,0.904542
Layer42,0001,0,0.019,0.088,0.107,0.90265
Layer42,0002,0,0.019,0.065,0.084,0.90378
Layer42,0003,0,0.019,0.044,0.063,0.974519
Layer42,0004,0,0.019,0.039,0.057999999999999996,0.900035
Litnet,0000,0,0.097,0.204,0.301,0.89992
Litnet,0001,0,0.097,0.199,0.29600000000000004,0.899932
Litnet,0002,0,0.097,0.222,0.319,0.899885
Litnet,0003,0,0.097,0.147,0.244,0.899924
Litnet,0004,0,0.097,0.164,0.261,0.899901
Marnet,0000,0,0.032,0.077,0.109,2.357032258064516
Marnet,0001,0,0.032,0.085,0.117,2.932135483870968
Marnet,0002,0,0.032,0.043,0.075,2.4704516129032257
Marnet,0003,0,0.032,0.044,0.076,2.932141935483871
Marnet,0004,0,0.032,0.043,0.075,2.9321225806451614
Marwan,0000,0,0.048,0.222,0.27,0.8998317981577894
Marwan,0001,0,0.048,0.223,0.271,0.9610252302763316
Marwan,0002,0,0.048,0.153,0.201,1.1998718462154585
Marwan,0003,0,0.048,0.143,0.191,0.8998317981577894
Marwan,0004,0,0.048,0.151,0.199,0.8997677212655186
Missouri,0000,0,17.029,50.026,67.055,0.899827
Missouri,0001,0,17.029,51.249,68.278,0.899758
Missouri,0002,0,17.029,57.301,74.33,0.89978
Missouri,0003,0,17.029,49.94,66.969,0.899837
Missouri,0004,0,17.029,56.243,73.272,0.899777
Mren,0000,0,0.017,0.049,0.066,0.899997
Mren,0001,0,0.017,0.044,0.061,0.899997
Mren,0002,0,0.017,0.046,0.063,0.899996
Mren,0003,0,0.017,0.026,0.043,0.899998
Mren,0004,0,0.017,0.043,0.06,0.899997
Myren,0000,0,0.102,0.29,0.39199999999999996,1.44885
Myren,0001,0,0.102,0.286,0.38799999999999996,1.550329
Myren,0002,0,0.102,0.34,0.442,0.8998129032258063
Myren,0003,0,0.102,0.241,0.34299999999999997,0.89956
Myren,0004,0,0.102,0.274,0.376,0.89964
Napnet,0000,0,0.018,0.08,0.098,1.0766444444444445
Napnet,0001,0,0.018,0.081,0.099,0.9019111111111111
Napnet,0002,0,0.018,0.067,0.085,0.8999555555555555
Napnet,0003,0,0.018,0.067,0.085,1.0675555555555554
Napnet,0004,0,0.018,0.041,0.059,0.8999555555555555
Navigata,0000,0,0.046,0.248,0.294,0.900037
Navigata,0001,0,0.046,0.177,0.22299999999999998,0.900009
Navigata,0002,0,0.046,0.139,0.185,0.899998
Navigata,0003,0,0.046,0.134,0.18,0.900032
Navigata,0004,0,0.046,0.198,0.244,0.900037
Netrail,0000,0,0.035,0.218,0.253,0.9185555555555555
Netrail,0001,0,0.035,0.172,0.207,0.9245111111111111
Netrail,0002,0,0.035,0.276,0.31100000000000005,0.9004888888888888
Netrail,0003,0,0.035,0.178,0.213,0.9542888888888889
Netrail,0004,0,0.035,0.104,0.139,0.9616888888888889
NetworkUsa,0000,0,0.176,1.097,1.273,0.8999479999999981
NetworkUsa,0001,0,0.176,0.805,0.9810000000000001,0.899939
NetworkUsa,0002,0,0.176,0.826,1.002,0.899961
NetworkUsa,0003,0,0.176,0.909,1.085,0.900013
NetworkUsa,0004,0,0.176,1.009,1.1849999999999998,0.899955
Nextgen,0000,0,0.045,0.144,0.189,0.899974
Nextgen,0001,0,0.045,0.126,0.17099999999999999,0.899972
Nextgen,0002,0,0.045,0.211,0.256,0.899971
Nextgen,0003,0,0.045,0.119,0.16399999999999998,0.899968
Nextgen,0004,0,0.045,0.19,0.235,0.899971
Niif,0000,0,0.078,0.173,0.251,0.899989
Niif,0001,0,0.078,0.194,0.272,0.900012
Niif,0002,0,0.078,0.15,0.22799999999999998,0.899996
Niif,0003,0,0.078,0.155,0.23299999999999998,0.90001
Niif,0004,0,0.078,0.147,0.22499999999999998,0.900007
Noel,0000,0,0.126,0.388,0.514,0.899983
Noel,0001,0,0.126,0.334,0.46,0.9000689999999999
Noel,0002,0,0.126,0.402,0.528,0.9000699999999999
Noel,0003,0,0.126,0.348,0.474,0.900033
Noel,0004,0,0.126,0.416,0.542,0.900047
Nordu1989,0000,0,0.018,0.038,0.055999999999999994,0.89921875
Nordu1989,0001,0,0.018,0.041,0.059,0.89921875
Nordu1989,0002,0,0.018,0.05,0.068,0.899375
Nordu1989,0003,0,0.018,0.045,0.063,0.89921875
Nordu1989,0004,0,0.018,0.046,0.064,0.89921875
Nordu1997,0000,0,0.028,0.059,0.087,0.899978
Nordu1997,0001,0,0.028,0.068,0.096,0.899979
Nordu1997,0002,0,0.028,0.063,0.091,0.899978
Nordu1997,0003,0,0.028,0.055,0.083,0.899981
Nordu1997,0004,0,0.028,0.059,0.087,0.899979
Nordu2005,0000,0,0.022,0.068,0.09,1.0737555
Nordu2005,0001,0,0.022,0.032,0.054,1.3499996
Nordu2005,0002,0,0.022,0.032,0.054,1.3499997
Nordu2005,0003,0,0.022,0.031,0.053,1.0587268
Nordu2005,0004,0,0.022,0.051,0.073,1.3499993
Nordu2010,0000,0,0.03,0.068,0.098,0.89998
Nordu2010,0001,0,0.03,0.042,0.07200000000000001,0.899982
Nordu2010,0002,0,0.03,0.046,0.076,0.899981
Nordu2010,0003,0,0.03,0.042,0.07200000000000001,0.899979
Nordu2010,0004,0,0.03,0.04,0.07,0.899985
Nsfcnet,0000,0,0.025,0.118,0.143,0.900035
Nsfcnet,0001,0,0.025,0.058,0.083,0.900006
Nsfcnet,0002,0,0.025,0.048,0.07300000000000001,0.899998
Nsfcnet,0003,0,0.025,0.135,0.16,0.90007
Nsfcnet,0004,0,0.025,0.082,0.10700000000000001,0.9000449999999999
Nsfnet,0000,0,0.039,0.239,0.27799999999999997,0.8957253886010362
Nsfnet,0001,1,0.039,1805.278,1805.317,0.8963724780425896
Nsfnet,0002,0,0.039,0.393,0.432,0.8976683937823834
Nsfnet,0003,1,0.039,1801.952,1801.991,0.9177460338887411
Nsfnet,0004,1,0.039,1800.312,1800.3509999999999,0.898315741112271
Ntelos,0000,0,3.323,11.917,15.24,0.899852
Ntelos,0001,0,3.323,11.469,14.792,0.899861
Ntelos,0002,0,3.323,11.607,14.93,0.899862
Ntelos,0003,0,3.323,12.178,15.501000000000001,0.899861
Ntelos,0004,0,3.323,11.551,14.874,0.899861
Ntt,0000,0,7.454,40.17,47.624,3.1326546625835907
Ntt,0001,0,7.454,32.92,40.374,4.50537511252572
Ntt,0002,0,7.454,25.935,33.388999999999996,4.683031422807356
Ntt,0003,0,7.454,42.799,50.253,2.99619843910751
Ntt,0004,0,7.454,97.792,105.246,3.402074793434928
Oteglobe,0000,0,26.544,125.952,152.496,0.899734
Oteglobe,0001,0,26.544,116.87,143.41400000000002,0.912256
Oteglobe,0002,0,26.544,125.052,151.596,0.899753
Oteglobe,0003,0,26.544,122.828,149.372,0.899791
Oteglobe,0004,0,26.544,102.458,129.002,0.899739
Oxford,0000,0,0.081,0.321,0.402,0.900012
Oxford,0001,0,0.081,0.322,0.403,0.900013
Oxford,0002,0,0.081,0.305,0.386,0.900042
Oxford,0003,0,0.081,0.367,0.448,0.900032
Oxford,0004,0,0.081,0.409,0.49,0.900037
Pacificwave,0000,0,0.056,0.1,0.156,1.8001449
Pacificwave,0001,0,0.056,0.091,0.147,1.800174
Pacificwave,0002,0,0.056,0.08,0.136,1.8000572
Pacificwave,0003,0,0.056,0.08,0.136,1.800084
Pacificwave,0004,0,0.056,0.088,0.144,1.800016
Packetexchange,0000,0,0.116,0.342,0.458,0.899956
Packetexchange,0001,0,0.116,0.363,0.479,0.899955
Packetexchange,0002,0,0.116,0.341,0.457,0.899951
Packetexchange,0003,0,0.116,0.357,0.473,0.899955
Packetexchange,0004,0,0.116,0.329,0.445,0.899952
Padi,0000,0,0.026,0.071,0.09699999999999999,0.89997
Padi,0001,0,0.026,0.041,0.067,0.8994
Padi,0002,0,0.026,0.045,0.071,0.8994
Padi,0003,0,0.026,0.037,0.063,0.8994
Padi,0004,0,0.026,0.025,0.051000000000000004,0.8994
Palmetto,0000,0,7.192,18.433,25.625,1.013857
Palmetto,0001,0,7.192,16.863,24.055,0.914641
Palmetto,0002,0,7.192,18.129,25.321,1.10229
Palmetto,0003,0,7.192,17.273,24.465,0.99587
Palmetto,0004,0,7.192,18.594,25.786,0.95853
Peer1,0000,0,0.069,0.419,0.488,0.899983
Peer1,0001,0,0.069,0.272,0.341,0.8999849999999991
Peer1,0002,0,0.069,0.25,0.319,0.90002
Peer1,0003,0,0.069,0.615,0.6839999999999999,0.900063
Peer1,0004,0,0.069,0.535,0.6040000000000001,0.900079
Pern,0000,0,2.155,3.51,5.664999999999999,0.898501
Pern,0001,0,2.155,3.316,5.471,0.898509
Pern,0002,0,2.155,3.67,5.824999999999999,0.898502
Pern,0003,0,2.155,3.524,5.679,0.898533
Pern,0004,0,2.155,3.496,5.651,0.898505
PionierL1,0000,0,0.388,2.097,2.485,0.899962
PionierL1,0001,0,0.388,1.947,2.335,0.899935
PionierL1,0002,0,0.388,2.053,2.441,0.899964
PionierL1,0003,0,0.388,2.321,2.709,0.899947
PionierL1,0004,0,0.388,1.997,2.3850000000000002,0.8999699999999997
PionierL3,0000,0,0.547,3.447,3.994,1.466546
PionierL3,0001,0,0.547,3.12,3.6670000000000003,1.3623599
PionierL3,0002,0,0.547,3.313,3.8600000000000003,1.32880425
PionierL3,0003,0,0.547,2.779,3.326,1.6821411000000002
PionierL3,0004,0,0.547,2.819,3.366,1.6468374499999994
Psinet,0000,0,0.081,0.351,0.432,0.8992444444444444
Psinet,0001,0,0.081,0.388,0.46900000000000003,0.8993333333333333
Psinet,0002,0,0.081,0.199,0.28,0.8991777777777777
Psinet,0003,0,0.081,0.278,0.35900000000000004,0.8992444444444445
Psinet,0004,0,0.081,0.269,0.35000000000000003,0.8992444444444444
Quest,0000,0,0.3,1.388,1.688,0.900002
Quest,0001,0,0.3,10.507,10.807,0.900057
Quest,0002,0,0.3,163.688,163.988,0.900057
Quest,0003,0,0.3,1.101,1.401,0.900063
Quest,0004,0,0.3,8.88,9.180000000000001,0.900074
RedBestel,0000,0,17.892,57.858,75.75,1.12546
RedBestel,0001,0,17.892,58.355,76.247,1.172223
RedBestel,0002,0,17.892,58.231,76.123,0.995595
RedBestel,0003,0,17.892,56.342,74.234,0.960022
RedBestel,0004,0,17.892,56.527,74.419,1.040689
Rediris,0000,0,0.136,0.624,0.76,0.9000824000000001
Rediris,0001,0,0.136,0.535,0.671,0.9000844
Rediris,0002,0,0.136,0.575,0.711,0.9000828
Rediris,0003,0,0.136,0.823,0.959,0.9000536
Rediris,0004,0,0.136,0.782,0.918,0.9000712
Renam,0000,0,0.019,0.026,0.045,0.89975
Renam,0001,0,0.019,0.036,0.05499999999999999,0.899875
Renam,0002,0,0.019,0.037,0.055999999999999994,0.89875
Renam,0003,0,0.019,0.025,0.044,0.899899033607385
Renam,0004,0,0.019,0.024,0.043,0.89875
Renater1999,0000,0,0.035,0.063,0.098,0.8996387096774193
Renater1999,0001,0,0.035,0.055,0.09,0.8996645161290323
Renater1999,0002,0,0.035,0.052,0.087,0.8996580645161291
Renater1999,0003,0,0.035,0.079,0.114,0.8996451612903226
Renater1999,0004,0,0.035,0.081,0.116,0.8996580645161291
Renater2001,0000,0,0.057,0.285,0.34199999999999997,0.899925
Renater2001,0001,0,0.057,0.174,0.23099999999999998,0.8999806451612903
Renater2001,0002,0,0.057,0.183,0.24,0.8998322580645162
Renater2001,0003,0,0.057,0.128,0.185,0.8998322580645162
Renater2001,0004,0,0.057,0.144,0.20099999999999998,0.8999612903225807
Renater2004,0000,0,0.194,1.009,1.2029999999999998,0.9000768
Renater2004,0001,0,0.194,0.938,1.132,0.9001068
Renater2004,0002,0,0.194,1.047,1.2409999999999999,0.9000828
Renater2004,0003,0,0.194,2.222,2.416,0.9000816
Renater2004,0004,0,0.194,0.831,1.025,0.9000603999999999
Renater2006,0000,0,0.46,2.033,2.493,0.899994
Renater2006,0001,0,0.46,1.919,2.379,0.9000376
Renater2006,0002,0,0.46,4.426,4.886,0.9000608
Renater2006,0003,0,0.46,1.844,2.3040000000000003,0.9000143999999999
Renater2006,0004,0,0.46,2.289,2.749,0.9000428
Renater2008,0000,0,0.497,1.851,2.348,0.9000208
Renater2008,0001,0,0.497,1.847,2.344,0.9000232
Renater2008,0002,0,0.497,2.548,3.045,0.9000596
Renater2008,0003,0,0.497,1.822,2.319,0.9000188
Renater2008,0004,0,0.497,2.398,2.895,0.9000524
Renater2010,0000,0,2.489,8.364,10.853000000000002,0.8996387096774193
Renater2010,0001,0,2.489,7.979,10.468,0.8996645161290322
Renater2010,0002,0,2.489,8.142,10.631,0.8997032258064516
Renater2010,0003,0,2.489,11.937,14.425999999999998,0.8997096774193548
Renater2010,0004,0,2.489,8.096,10.585,0.8997032258064516
Restena,0000,0,0.037,0.22,0.257,0.8999996
Restena,0001,0,0.037,0.138,0.17500000000000002,0.9001157000000001
Restena,0002,0,0.037,0.13,0.167,0.9000538
Restena,0003,0,0.037,0.155,0.192,0.900088
Restena,0004,0,0.037,0.198,0.23500000000000001,0.90005
Reuna,0000,0,0.075,0.095,0.16999999999999998,0.8993707317073171
Reuna,0001,0,0.075,0.11,0.185,0.8993853658536586
Reuna,0002,0,0.075,0.103,0.178,0.899380487804878
Reuna,0003,0,0.075,0.115,0.19,0.8994750830564784
Reuna,0004,0,0.075,0.1,0.175,0.8993756097560975
Rhnet,0000,0,0.041,0.105,0.146,0.899974
Rhnet,0001,0,0.041,0.111,0.152,0.899981
Rhnet,0002,0,0.041,0.11,0.151,0.899979
Rhnet,0003,0,0.041,0.105,0.146,0.899976
Rhnet,0004,0,0.041,0.105,0.146,0.899982
Rnp,0000,0,0.107,0.347,0.45399999999999996,0.8999904
Rnp,0001,0,0.107,0.33,0.437,0.8999746666666667
Rnp,0002,0,0.107,0.31,0.417,0.899975
Rnp,0003,0,0.107,0.313,0.42,0.8999915
Rnp,0004,0,0.107,0.307,0.414,0.8999743333333333
Roedunet,0000,0,0.105,0.089,0.194,2.1918025648589046
Roedunet,0001,0,0.105,0.08,0.185,1.2592721193415637
Roedunet,0002,0,0.105,0.077,0.182,1.4329920076412006
Roedunet,0003,0,0.105,0.119,0.22399999999999998,1.8847479423868312
Roedunet,0004,0,0.105,0.124,0.22899999999999998,2.3476605846080374
RoedunetFibre,0000,0,0.54,2.887,3.427,0.899786
RoedunetFibre,0001,0,0.54,2.856,3.396,0.899795
RoedunetFibre,0002,0,0.54,2.661,3.201,0.899788
RoedunetFibre,0003,0,0.54,2.744,3.2840000000000003,0.8998
RoedunetFibre,0004,0,0.54,2.975,3.515,0.899794
Sago,0000,0,0.04,0.05,0.09,0.899956
Sago,0001,0,0.04,0.045,0.08499999999999999,0.899956
Sago,0002,0,0.04,0.041,0.081,0.899957
Sago,0003,0,0.04,0.04,0.08,0.899965
Sago,0004,0,0.04,0.042,0.082,0.89996
Sanet,0000,0,0.22,1.169,1.389,0.9002091
Sanet,0001,0,0.22,1.489,1.709,0.9000527
Sanet,0002,0,0.22,1.366,1.586,0.9000102
Sanet,0003,0,0.22,1.172,1.392,0.9002046
Sanet,0004,0,0.22,1.147,1.367,0.9001005
Sanren,0000,0,0.018,0.069,0.08700000000000001,0.90248
Sanren,0001,0,0.018,0.068,0.08600000000000001,0.9571069999999999
Sanren,0002,0,0.018,0.074,0.092,0.90986
Sanren,0003,0,0.018,0.045,0.063,0.9008349999999999
Sanren,0004,0,0.018,0.06,0.078,0.921459
Savvis,0000,0,0.063,0.171,0.234,0.8996666666666667
Savvis,0001,0,0.063,0.166,0.229,0.8996222222222222
Savvis,0002,0,0.063,0.177,0.24,0.8995777777777778
Savvis,0003,0,0.063,0.16,0.223,0.8995111111111112
Savvis,0004,0,0.063,0.25,0.313,0.8994666666666666
Shentel,0000,0,0.255,0.878,1.133,0.899942
Shentel,0001,0,0.255,0.982,1.237,0.899936
Shentel,0002,0,0.255,0.992,1.2469999999999999,0.899931
Shentel,0003,0,0.255,0.941,1.196,0.899931
Shentel,0004,0,0.255,1.065,1.3199999999999998,0.899937
Sinet,0000,0,0.698,2.061,2.759,0.90453015
Sinet,0001,0,0.698,1.839,2.537,0.90786715
Sinet,0002,0,0.698,1.882,2.58,0.9017151
Sinet,0003,0,0.698,1.768,2.466,0.9060982000000001
Sinet,0004,0,0.698,1.893,2.591,0.9017897
Singaren,0000,0,0.022,0.034,0.056,0.899993
Singaren,0001,0,0.022,0.032,0.054,0.899995
Singaren,0002,0,0.022,0.03,0.052,0.899995
Singaren,0003,0,0.022,0.03,0.052,0.899994
Singaren,0004,0,0.022,0.03,0.052,0.899995
Spiralight,0000,0,0.058,0.215,0.273,0.899991
Spiralight,0001,0,0.058,0.2,0.258,0.900072
Spiralight,0002,0,0.058,0.226,0.28400000000000003,0.900075
Spiralight,0003,0,0.058,0.205,0.263,0.900042
Spiralight,0004,0,0.058,0.212,0.27,0.900018
Sprint,0000,0,0.074,0.436,0.51,0.8999555555555556
Sprint,0001,0,0.074,8.606,8.68,0.9
Sprint,0002,0,0.074,1.01,1.084,0.8999111111111111
Sprint,0003,1,0.074,1801.63,1801.7040000000002,0.9000221476744098
Sprint,0004,0,0.074,0.29,0.364,0.9659777777777775
Sunet,0000,0,0.229,1.034,1.2630000000000001,1.51693
Sunet,0001,0,0.229,0.87,1.099,1.509564
Sunet,0002,0,0.229,0.97,1.199,1.799949
Sunet,0003,0,0.229,0.947,1.176,1.349993
Sunet,0004,0,0.229,0.823,1.052,1.483969
Surfnet,0000,0,6.322,17.358,23.68,1.053419
Surfnet,0001,0,6.322,15.972,22.294,1.146207
Surfnet,0002,0,6.322,20.419,26.741,0.899983
Surfnet,0003,0,6.322,15.866,22.188,1.219621
Surfnet,0004,0,6.322,15.35,21.672,1.243916
Switch,0000,0,20.703,58.418,79.121,0.8999728
Switch,0001,0,20.703,59.79,80.493,0.8999812
Switch,0002,0,20.703,61.551,82.254,0.8999732
Switch,0003,0,20.703,60.152,80.855,0.8999524
Switch,0004,0,20.703,59.095,79.798,0.8999404
SwitchL3,0000,0,1.342,5.998,7.34,0.8999938
SwitchL3,0001,0,1.342,5.318,6.66,0.900048
SwitchL3,0002,0,1.342,5.29,6.632,0.9000215
SwitchL3,0003,0,1.342,5.837,7.179,0.9000456
SwitchL3,0004,0,1.342,5.686,7.0280000000000005,0.900035
Syringa,0000,0,0.496,0.774,1.27,0.899689
Syringa,0001,0,0.496,0.781,1.2770000000000001,0.899588
Syringa,0002,0,0.496,0.779,1.275,0.899636
Syringa,0003,0,0.496,0.779,1.275,0.899568
Syringa,0004,0,0.496,0.831,1.327,0.899564
TataNld,0000,1,-,-,-,-
TataNld,0001,1,-,-,-,-
TataNld,0002,1,-,-,-,-
TataNld,0003,1,-,-,-,-
TataNld,0004,1,-,-,-,-
Telcove,0000,0,0.187,0.182,0.369,0.89935
Telcove,0001,0,0.187,0.19,0.377,0.899364
Telcove,0002,0,0.187,0.141,0.32799999999999996,0.899391
Telcove,0003,0,0.187,0.187,0.374,0.899365
Telcove,0004,0,0.187,0.148,0.33499999999999996,0.899382
Telecomserbia,0000,0,0.022,0.044,0.066,0.9191779999999999
Telecomserbia,0001,0,0.022,0.046,0.068,0.9037868
Telecomserbia,0002,0,0.022,0.046,0.068,0.9405584
Telecomserbia,0003,0,0.022,0.057,0.079,0.9544168000000001
Telecomserbia,0004,0,0.022,0.04,0.062,0.9027136
Tinet,0000,0,51.34,52.999,104.339,0.899854
Tinet,0001,0,51.34,53.91,105.25,0.89991
Tinet,0002,0,51.34,54.233,105.57300000000001,0.899896
Tinet,0003,0,51.34,49.574,100.914,0.899871
Tinet,0004,0,51.34,49.755,101.095,0.899841
TLex,0000,0,0.033,0.062,0.095,1.4800004300819942
TLex,0001,0,0.033,0.068,0.101,1.5540116352323168
TLex,0002,0,0.033,0.073,0.106,1.1430723785593828
TLex,0003,0,0.033,0.086,0.119,1.1714165992265793
TLex,0004,0,0.033,0.063,0.096,1.0131456681656943
Tw,0000,0,822.004,719.604,1541.6080000000002,0.899934
Tw,0001,0,822.004,866.563,1688.567,0.899961
Tw,0002,0,822.004,813.628,1635.632,0.899989
Tw,0003,0,822.004,953.223,1775.2269999999999,0.900012
Tw,0004,0,822.004,917.745,1739.749,0.899998
Twaren,0000,0,0.04,0.173,0.213,0.900046
Twaren,0001,0,0.04,0.084,0.124,0.900012
Twaren,0002,0,0.04,0.083,0.123,0.900014
Twaren,0003,0,0.04,0.175,0.215,0.900063
Twaren,0004,0,0.04,0.129,0.169,0.900027
Ulaknet,0000,0,0.222,0.184,0.406,0.89985
Ulaknet,0001,0,0.222,0.19,0.41200000000000003,0.899832
Ulaknet,0002,0,0.222,0.16,0.382,0.899846
Ulaknet,0003,0,0.222,0.163,0.385,0.9538447
Ulaknet,0004,0,0.222,0.167,0.389,0.899844
UniC,0000,0,0.07,0.205,0.275,1.7999239999999999
UniC,0001,0,0.07,0.208,0.278,1.650283
UniC,0002,0,0.07,0.245,0.315,1.799925
UniC,0003,0,0.07,0.285,0.355,1.612914
UniC,0004,0,0.07,0.243,0.313,1.799924
Uninet,0000,0,0.052,0.208,0.26,1.350088
Uninet,0001,0,0.052,0.257,0.309,1.350108
Uninet,0002,0,0.052,0.236,0.288,1.0424
Uninet,0003,0,0.052,0.196,0.248,1.350125
Uninet,0004,0,0.052,0.196,0.248,1.278923
Uninett2010,0000,0,5.93,28.101,34.031,0.899835
Uninett2010,0001,0,5.93,29.65,35.58,0.8998344
Uninett2010,0002,0,5.93,29.796,35.726,1.0688952
Uninett2010,0003,0,5.93,29.861,35.791,1.0120669999999998
Uninett2010,0004,0,5.93,38.036,43.966,1.063672
Uninett2011,0000,0,5.392,24.276,29.668,0.899902
Uninett2011,0001,0,5.392,24.756,30.148,0.899979
Uninett2011,0002,0,5.392,30.561,35.953,0.899992
Uninett2011,0003,0,5.392,25.12,30.512,0.899998
Uninett2011,0004,0,5.392,30.601,35.993,0.900021
Uran,0000,0,0.041,0.086,0.127,0.90002
Uran,0001,0,0.041,0.063,0.10400000000000001,0.899982
Uran,0002,0,0.041,0.106,0.147,0.900052
Uran,0003,0,0.041,0.086,0.127,0.899945
Uran,0004,0,0.041,0.095,0.136,0.900006
UsCarrier,0000,0,949.624,1573.543,2523.167,0.898599
UsCarrier,0001,0,949.624,1698.369,2647.993,0.898603
UsCarrier,0002,0,949.624,1491.009,2440.633,0.89859
UsCarrier,0003,0,949.624,1545.673,2495.297,0.898685
UsCarrier,0004,0,949.624,1721.711,2671.335,0.898703
UsSignal,0000,0,28.188,62.36,90.548,0.899929
UsSignal,0001,0,28.188,53.207,81.395,0.928273
UsSignal,0002,0,28.188,61.134,89.322,0.899949
UsSignal,0003,0,28.188,52.038,80.226,0.899933
UsSignal,0004,0,28.188,61.517,89.705,0.899886
Uunet,0000,0,32.235,32.121,64.356,0.8986444444444445
Uunet,0001,0,32.235,32.976,65.211,0.8986444444444445
Uunet,0002,0,32.235,37.521,69.756,0.8986666666666666
Uunet,0003,0,32.235,41.174,73.40899999999999,0.8989111111111111
Uunet,0004,0,32.235,33.791,66.026,0.8986444444444445
Vinaren,0000,0,0.047,0.102,0.149,0.8994774193548387
Vinaren,0001,0,0.047,0.073,0.12,0.8995290322580645
Vinaren,0002,0,0.047,0.071,0.118,0.8995032258064516
Vinaren,0003,0,0.047,0.086,0.133,0.8994903225806452
Vinaren,0004,0,0.047,0.073,0.12,0.899541935483871
VisionNet,0000,0,0.053,0.056,0.109,0.899945
VisionNet,0001,0,0.053,0.054,0.107,0.899937
VisionNet,0002,0,0.053,0.052,0.105,0.899939
VisionNet,0003,0,0.053,0.05,0.10300000000000001,0.899932
VisionNet,0004,0,0.053,0.054,0.107,0.89994
VtlWavenet2008,0000,0,19.963,69.008,88.971,0.899565
VtlWavenet2008,0001,0,19.963,71.21,91.173,0.899623
VtlWavenet2008,0002,0,19.963,68.653,88.61600000000001,0.899574
VtlWavenet2008,0003,0,19.963,67.637,87.6,0.89954
VtlWavenet2008,0004,0,19.963,69.239,89.202,0.89961
VtlWavenet2011,0000,0,22.867,77.887,100.754,0.899504
VtlWavenet2011,0001,0,22.867,79.878,102.745,0.899548
VtlWavenet2011,0002,0,22.867,79.655,102.522,0.899548
VtlWavenet2011,0003,0,22.867,76.55,99.417,0.89949
VtlWavenet2011,0004,0,22.867,78.946,101.813,0.899577
WideJpn,0000,0,0.064,0.109,0.173,0.9899885
WideJpn,0001,0,0.064,0.065,0.129,0.899949
WideJpn,0002,0,0.064,0.065,0.129,0.9899915
WideJpn,0003,0,0.064,0.074,0.138,0.899945
WideJpn,0004,0,0.064,0.098,0.162,0.989989
Xeex,0000,0,0.433,1.802,2.235,0.900001
Xeex,0001,0,0.433,3.114,3.5469999999999997,0.900052
Xeex,0002,0,0.433,2.458,2.891,0.90006
Xeex,0003,0,0.433,2.178,2.6109999999999998,0.900067
Xeex,0004,0,0.433,1.698,2.131,0.900017
Xspedius,0000,0,2.072,7.03,9.102,0.900046
Xspedius,0001,0,2.072,8.016,10.088000000000001,0.900032
Xspedius,0002,0,2.072,7.255,9.327,0.900042
Xspedius,0003,0,2.072,7.857,9.929,0.900022
Xspedius,0004,0,2.072,6.534,8.606,0.900031
York,0000,0,0.061,0.24,0.301,0.900007
York,0001,0,0.061,0.238,0.299,0.899985
York,0002,0,0.061,0.237,0.298,0.900006
York,0003,0,0.061,0.256,0.317,0.899983
York,0004,0,0.061,0.248,0.309,0.900024
Zamren,0000,0,0.075,0.08,0.155,0.89855
Zamren,0001,0,0.075,0.071,0.146,0.89854
Zamren,0002,0,0.075,0.121,0.196,0.89852
Zamren,0003,0,0.075,0.078,0.153,0.89848
Zamren,0004,0,0.075,0.08,0.155,0.89863
