Topology,DemandFile,2-SR_preprocTime,3-SR_preprocTime,2-SR_paths,3-SR_paths
Aarnet,0000,0.058,0.062,1416,3701
Aarnet,0001,0.046,0.046,1257,2588
Aarnet,0002,0.038,0.049,1239,2465
Aarnet,0003,0.045,0.059,1648,4602
Aarnet,0004,0.04,0.056,1358,2996
Abilene,0000,0.034,0.026,425,869
Abilene,0001,0.033,0.03,305,490
Abilene,0002,0.025,0.038,459,1035
Abilene,0003,0.021,0.031,370,708
Abilene,0004,0.031,0.029,386,760
Abvt,0000,0.078,0.086,3116,10922
Abvt,0001,0.055,0.082,2789,8423
Abvt,0002,0.055,0.075,2325,5251
Abvt,0003,0.055,0.09,2963,9690
Abvt,0004,0.057,0.095,3032,8195
Aconet,0000,0.052,0.079,2979,5998
Aconet,0001,0.053,0.104,2894,6265
Aconet,0002,0.081,0.084,2571,5949
Aconet,0003,0.053,0.077,2903,7566
Aconet,0004,0.049,0.082,3201,7593
Agis,0000,0.057,0.078,2723,6983
Agis,0001,0.058,0.079,2619,7030
Agis,0002,0.047,0.067,2563,5737
Agis,0003,0.054,0.079,2874,7431
Agis,0004,0.061,0.075,2707,7383
Airtel,0000,0.048,0.078,1552,5900
Airtel,0001,0.035,0.068,1602,5739
Airtel,0002,0.035,0.071,1492,5912
Airtel,0003,0.04,0.067,1562,5662
Airtel,0004,0.033,0.068,1548,5746
Ans,0000,0.039,0.065,1734,5894
Ans,0001,0.036,0.062,1702,5233
Ans,0002,0.043,0.07,1830,6173
Ans,0003,0.036,0.079,1933,7434
Ans,0004,0.036,0.087,1609,5118
Arnes,0000,0.089,0.137,6483,18679
Arnes,0001,0.092,0.138,5513,15341
Arnes,0002,0.089,0.17,7327,27496
Arnes,0003,0.091,0.176,6804,23359
Arnes,0004,0.089,0.198,7383,28117
Arpanet196912,0001,0.018,0.015,22,22
Arpanet196912,0004,0.014,0.017,25,25
Arpanet19706,0002,0.021,0.024,151,178
Arpanet19719,0000,0.034,0.059,1140,1967
Arpanet19719,0001,0.036,0.05,1051,1970
Arpanet19719,0002,0.035,0.06,1368,3509
Arpanet19719,0003,0.034,0.058,1251,2410
Arpanet19719,0004,0.035,0.056,1293,2603
Arpanet19723,0000,0.059,0.074,2082,3762
Arpanet19723,0001,0.061,0.081,2449,5558
Arpanet19723,0002,0.06,0.075,2172,3757
Arpanet19723,0003,0.062,0.077,2271,4358
Arpanet19723,0004,0.058,0.077,2312,4749
Arpanet19728,0000,0.069,0.101,3545,8769
Arpanet19728,0001,0.067,0.11,3607,10223
Arpanet19728,0002,0.076,0.111,3638,10762
Arpanet19728,0003,0.074,0.112,3821,11333
Arpanet19728,0004,0.076,0.107,3660,9703
AsnetAm,0000,0.28,0.558,21210,76213
AsnetAm,0001,0.245,0.404,22068,62006
AsnetAm,0002,0.294,0.369,19511,42910
AsnetAm,0003,0.237,0.496,25092,87073
AsnetAm,0004,0.321,0.52,22658,57055
Atmnet,0000,0.048,0.05,1116,1698
Atmnet,0001,0.049,0.059,1157,1693
Atmnet,0002,0.052,0.056,1294,2435
Atmnet,0003,0.046,0.05,1139,1635
Atmnet,0004,0.044,0.055,1126,1954
AttMpls,0000,0.069,0.669,8143,77116
AttMpls,0001,0.087,0.625,7911,75078
AttMpls,0002,0.073,0.62,8058,74838
AttMpls,0003,0.073,0.767,8526,86177
AttMpls,0004,0.074,0.448,7400,63588
Bandcon,0000,0.055,0.085,2485,8508
Bandcon,0001,0.051,0.071,2190,6404
Bandcon,0002,0.052,0.071,2443,7405
Bandcon,0003,0.053,0.081,2200,6127
Bandcon,0004,0.044,0.073,2286,6566
Bbnplanet,0000,0.062,0.067,1643,2668
Bbnplanet,0001,0.063,0.064,2104,3910
Bbnplanet,0002,0.063,0.075,1825,2957
Bbnplanet,0003,0.057,0.073,1779,2691
Bbnplanet,0004,0.055,0.069,1802,3007
Bellcanada,0000,0.186,0.633,19057,90468
Bellcanada,0001,0.227,0.721,18673,93464
Bellcanada,0002,0.21,0.537,17120,81428
Bellcanada,0003,0.184,0.447,16576,70968
Bellcanada,0004,0.246,1.065,22300,143968
Bellsouth,0000,0.22,2.287,29786,284375
Bellsouth,0001,0.203,1.7,28767,245778
Bellsouth,0002,0.197,0.414,21633,76929
Bellsouth,0003,0.199,2.21,29711,275493
Bellsouth,0004,0.187,0.31,16714,42180
Belnet2003,0000,0.044,0.094,4256,10157
Belnet2003,0001,0.054,0.132,4352,19643
Belnet2003,0002,0.057,0.118,4720,18626
Belnet2003,0003,0.061,0.249,4596,34773
Belnet2003,0004,0.051,0.12,3037,18446
Belnet2004,0000,0.066,0.108,4842,14554
Belnet2004,0001,0.043,0.111,4447,16565
Belnet2004,0002,0.055,0.112,4603,17340
Belnet2004,0003,0.048,0.108,4579,16067
Belnet2004,0004,0.053,0.11,4008,16009
Belnet2005,0000,0.049,0.178,5359,21045
Belnet2005,0001,0.053,0.106,4395,13319
Belnet2005,0002,0.055,0.175,5421,24375
Belnet2005,0003,0.058,0.243,5576,39211
Belnet2005,0004,0.056,0.153,5260,23202
Belnet2006,0000,0.048,0.122,4965,18837
Belnet2006,0001,0.055,0.116,4661,13439
Belnet2006,0002,0.047,0.115,4822,17794
Belnet2006,0003,0.055,0.107,4755,15139
Belnet2006,0004,0.049,0.107,3589,14039
Belnet2007,0000,0.05,0.059,1709,3461
Belnet2007,0001,0.057,0.06,1761,3249
Belnet2007,0002,0.049,0.063,1665,3515
Belnet2007,0003,0.043,0.065,1693,3533
Belnet2007,0004,0.051,0.056,1697,3151
Belnet2008,0000,0.043,0.059,1395,3022
Belnet2008,0001,0.044,0.063,1533,3199
Belnet2008,0002,0.045,0.082,1727,3076
Belnet2008,0003,0.052,0.061,1631,2853
Belnet2008,0004,0.051,0.07,1923,4407
Belnet2009,0000,0.046,0.066,1640,3325
Belnet2009,0001,0.085,0.073,1712,4353
Belnet2009,0002,0.051,0.061,1818,3386
Belnet2009,0003,0.052,0.067,1623,3144
Belnet2009,0004,0.045,0.065,2074,5326
Belnet2010,0000,0.051,0.069,2204,4790
Belnet2010,0001,0.046,0.063,1906,4454
Belnet2010,0002,0.054,0.063,2016,4577
Belnet2010,0003,0.047,0.057,1639,3879
Belnet2010,0004,0.052,0.069,1992,4532
BeyondTheNetwork,0000,0.225,0.631,21082,92621
BeyondTheNetwork,0001,0.215,0.509,20846,90087
BeyondTheNetwork,0002,0.228,0.615,22335,106184
BeyondTheNetwork,0003,0.218,0.638,23018,111787
BeyondTheNetwork,0004,0.22,0.415,18688,67613
Bics,0000,0.096,0.284,8783,43349
Bics,0001,0.09,0.251,8408,42217
Bics,0002,0.096,0.263,8484,43600
Bics,0003,0.081,0.203,7775,36757
Bics,0004,0.096,0.306,9136,49177
Biznet,0000,0.078,0.114,3078,6407
Biznet,0001,0.121,0.096,3195,7131
Biznet,0002,0.078,0.098,2889,6023
Biznet,0003,0.071,0.091,2841,5590
Biznet,0004,0.07,0.1,2778,5155
Bren,0000,0.097,0.102,2778,3164
Bren,0001,0.103,0.102,3104,3673
Bren,0002,0.101,0.117,3213,4044
Bren,0003,0.1,0.107,2820,3200
Bren,0004,0.097,0.115,3287,4239
BsonetEurope,0000,0.037,0.051,1269,2693
BsonetEurope,0001,0.037,0.054,1276,3125
BsonetEurope,0002,0.038,0.055,1431,3451
BsonetEurope,0003,0.035,0.05,1210,2779
BsonetEurope,0004,0.035,0.048,1179,2347
BtAsiaPac,0000,0.076,0.089,2813,11017
BtAsiaPac,0001,0.04,0.082,2481,8257
BtAsiaPac,0002,0.045,0.087,2723,10849
BtAsiaPac,0003,0.042,0.091,2870,10660
BtAsiaPac,0004,0.044,0.086,2662,11538
BtEurope,0000,0.062,0.122,4369,19307
BtEurope,0001,0.063,0.113,3912,15688
BtEurope,0002,0.057,0.128,4419,20138
BtEurope,0003,0.062,0.154,4256,16635
BtEurope,0004,0.063,0.128,4113,14831
BtNorthAmerica,0000,0.151,7.695,25772,426069
BtNorthAmerica,0001,0.13,2.136,19217,214959
BtNorthAmerica,0002,0.131,8.227,26201,437130
BtNorthAmerica,0003,0.128,6.697,24795,391083
BtNorthAmerica,0004,0.142,9.199,26639,455674
Canerie,0000,0.088,0.137,5172,15556
Canerie,0001,0.081,0.172,5884,20883
Canerie,0002,0.085,0.127,5137,15587
Canerie,0003,0.089,0.129,5206,14903
Canerie,0004,0.08,0.124,5147,14706
Cernet,0000,0.104,0.159,6125,14045
Cernet,0001,0.139,0.221,9163,29961
Cernet,0002,0.104,0.181,7945,22973
Cernet,0003,0.114,0.156,7680,17403
Cernet,0004,0.108,0.145,7245,16548
Cesnet2001,0000,0.049,0.053,669,672
Cesnet2001,0004,0.049,0.044,669,672
Cesnet200304,0000,0.062,0.083,2602,4387
Cesnet200304,0001,0.071,0.086,2810,4693
Cesnet200304,0002,0.073,0.079,2431,4283
Cesnet200304,0003,0.068,0.073,2484,4262
Cesnet200304,0004,0.07,0.075,2290,3383
Cesnet200511,0000,0.1,0.132,5873,11688
Cesnet200511,0001,0.107,0.128,5997,11365
Cesnet200511,0002,0.11,0.135,5010,8591
Cesnet200511,0003,0.121,0.142,5730,12244
Cesnet200511,0004,0.107,0.139,6374,14627
Cesnet200603,0000,0.107,0.16,5379,10564
Cesnet200603,0001,0.105,0.131,6309,14393
Cesnet200603,0002,0.11,0.132,6033,13451
Cesnet200603,0003,0.106,0.128,6343,13332
Cesnet200603,0004,0.112,0.136,6412,14031
Cesnet200706,0000,0.12,0.19,9416,24262
Cesnet200706,0001,0.125,0.168,8418,17184
Cesnet200706,0002,0.186,0.147,7949,17059
Cesnet200706,0003,0.129,0.181,9545,23668
Cesnet200706,0004,0.13,0.166,8519,21819
Cesnet201006,0000,0.167,0.255,13443,37144
Cesnet201006,0001,0.193,0.301,14508,44212
Cesnet201006,0002,0.197,0.26,13272,33289
Cesnet201006,0003,0.181,0.319,15455,48733
Cesnet201006,0004,0.191,0.369,17082,59827
Chinanet,0000,0.138,1.3,20789,182078
Chinanet,0001,0.142,0.775,18024,121988
Chinanet,0002,0.135,0.573,16763,103629
Chinanet,0003,0.128,0.665,17829,116625
Chinanet,0004,0.139,0.843,19508,133195
Claranet,0000,0.028,0.04,657,1150
Claranet,0001,0.035,0.033,676,1234
Claranet,0002,0.035,0.041,638,1090
Claranet,0003,0.036,0.032,660,1173
Claranet,0004,0.031,0.042,772,1500
Cogentco,0000,19.761,1800.044,1175126,-1
Cogentco,0001,19.03,1800.069,1103955,-1
Cogentco,0002,19.321,1800.679,1232536,-1
Cogentco,0003,20.284,1800.568,1187661,-1
Cogentco,0004,17.941,1800.078,1107973,-1
Colt,0000,6.193,50.346,310397,2583470
Colt,0001,6.302,37.158,283520,2046925
Colt,0002,6.086,41.869,307381,2443335
Colt,0003,5.714,32.479,269406,2128867
Colt,0004,6.193,66.628,333431,2999573
Columbus,0000,0.549,1.313,37108,183031
Columbus,0001,0.478,2.728,48459,336278
Columbus,0002,0.495,2.023,44461,242621
Columbus,0003,0.473,1.148,35774,164521
Columbus,0004,0.522,1.517,38450,195535
Compuserve,0000,0.029,0.04,627,1108
Compuserve,0001,0.036,0.033,650,1567
Compuserve,0002,0.03,0.034,721,1682
Compuserve,0003,0.03,0.037,821,2146
Compuserve,0004,0.027,0.038,678,1427
CrlNetworkServices,0000,0.091,0.138,4865,13257
CrlNetworkServices,0001,0.09,0.129,4857,12253
CrlNetworkServices,0002,0.101,0.136,4824,13493
CrlNetworkServices,0003,0.088,0.135,4695,12222
CrlNetworkServices,0004,0.093,0.127,4958,13858
Cwix,0000,0.095,0.136,5834,14799
Cwix,0001,0.095,0.113,5386,12416
Cwix,0002,0.092,0.134,6319,19191
Cwix,0003,0.1,0.141,5409,12609
Cwix,0004,0.093,0.128,5579,14167
Darkstrand,0000,0.098,0.091,3016,6214
Darkstrand,0001,0.069,0.085,2789,4766
Darkstrand,0002,0.064,0.112,2976,6496
Darkstrand,0003,0.076,0.101,3160,7274
Darkstrand,0004,0.072,0.083,2815,6618
Dataxchange,0000,0.018,0.019,124,308
Dataxchange,0002,0.026,0.02,140,325
Dataxchange,0003,0.027,0.022,136,300
Dataxchange,0004,0.017,0.019,124,245
Deltacom,0000,2.911,247.268,283884,4578024
Deltacom,0001,3.306,339.3,306456,5385686
Deltacom,0002,2.74,183.955,271121,4150767
Deltacom,0003,2.847,214.235,277954,4246839
Deltacom,0004,3.003,225.661,282063,4537502
DeutscheTelekom,0000,0.085,0.408,8451,50284
DeutscheTelekom,0001,0.081,0.388,8831,56566
DeutscheTelekom,0002,0.078,0.966,11168,111596
DeutscheTelekom,0003,0.081,1.049,11425,116562
DeutscheTelekom,0004,0.086,0.618,10182,83227
Dfn,0000,0.276,2.034,37183,252316
Dfn,0001,0.32,2.741,40923,314892
Dfn,0002,0.329,3.087,41295,324822
Dfn,0003,0.309,3.755,45415,378598
Dfn,0004,0.319,3.864,47239,398136
DialtelecomCz,0000,4.641,13.089,165846,970524
DialtelecomCz,0001,4.546,11.187,162188,875098
DialtelecomCz,0002,4.615,20.224,204928,1420530
DialtelecomCz,0003,4.614,15.434,193878,1230101
DialtelecomCz,0004,4.758,15.385,182121,1146522
Digex,0000,0.082,0.173,3848,9388
Digex,0001,0.089,0.129,3748,7843
Digex,0002,0.08,0.127,4154,9086
Digex,0003,0.087,0.11,3907,8967
Digex,0004,0.083,0.115,3756,8081
Easynet,0000,0.046,0.067,1752,5712
Easynet,0001,0.046,0.055,1387,2941
Easynet,0002,0.038,0.051,1339,3051
Easynet,0003,0.04,0.068,1919,6683
Easynet,0004,0.047,0.065,1745,5146
Eenet,0000,0.027,0.026,221,221
Eenet,0001,0.031,0.027,271,271
Eenet,0002,0.038,0.027,215,215
Eenet,0003,0.034,0.034,262,262
EliBackbone,0000,0.052,0.089,2533,10196
EliBackbone,0001,0.05,0.077,2352,8670
EliBackbone,0002,0.044,0.111,3032,14563
EliBackbone,0003,0.05,0.086,2482,9280
EliBackbone,0004,0.05,0.083,2411,8763
Epoch,0000,0.02,0.023,59,78
Epoch,0002,0.02,0.025,75,103
Epoch,0003,0.027,0.025,82,126
Epoch,0004,0.016,0.03,120,249
Ernet,0000,0.07,0.089,3335,7840
Ernet,0001,0.075,0.075,2521,4093
Ernet,0002,0.064,0.078,2742,4511
Ernet,0003,0.075,0.08,2686,4343
Ernet,0004,0.082,0.087,2639,4035
Esnet,0000,0.364,0.821,31138,110527
Esnet,0001,0.405,0.831,28027,108446
Esnet,0002,0.351,0.739,28822,102964
Esnet,0003,0.382,0.577,27379,91389
Esnet,0004,0.353,0.727,28773,106496
Eunetworks,0000,0.035,0.034,641,1178
Eunetworks,0001,0.028,0.031,600,1155
Eunetworks,0002,0.028,0.032,595,1060
Eunetworks,0003,0.032,0.036,678,1424
Eunetworks,0004,0.028,0.054,685,1422
Evolink,0000,0.102,0.126,6343,13671
Evolink,0001,0.101,0.16,6823,18215
Evolink,0002,0.09,0.153,5888,15782
Evolink,0003,0.098,0.142,5592,13127
Evolink,0004,0.1,0.165,7044,17841
Fccn,0000,0.052,0.057,1401,2507
Fccn,0001,0.052,0.054,1360,1860
Fccn,0002,0.082,0.054,1371,1880
Fccn,0003,0.05,0.062,1460,2592
Fccn,0004,0.05,0.047,1359,1859
Forthnet,0001,0.238,0.225,5235,5235
Forthnet,0002,0.177,0.173,5268,5268
Forthnet,0003,0.176,0.214,5235,5235
Forthnet,0004,0.22,0.204,5283,5283
Funet,0000,0.058,0.077,2688,6970
Funet,0001,0.057,0.084,2540,5988
Funet,0002,0.066,0.081,2495,6018
Funet,0003,0.065,0.07,2697,6293
Funet,0004,0.056,0.079,2722,6946
Garr199901,0002,0.039,0.031,604,866
Garr199901,0003,0.033,0.032,631,1018
Garr199901,0004,0.037,0.037,605,863
Garr199904,0004,0.05,0.052,1310,2108
Garr199905,0004,0.05,0.053,1311,2111
Garr200109,0001,0.037,0.049,1184,1901
Garr200109,0003,0.041,0.045,1188,1906
Garr200109,0004,0.047,0.051,1187,1904
Garr200112,0003,0.067,0.05,1416,2274
Garr200212,0001,0.061,0.059,1652,2322
Garr200212,0002,0.06,0.062,1693,2345
Garr200212,0004,0.059,0.062,1662,2322
Garr200404,0002,0.045,0.048,1073,1335
Garr200902,0000,0.217,0.494,21732,91954
Garr200902,0001,0.217,0.53,21599,93179
Garr200902,0002,0.23,0.593,20627,92243
Garr200902,0003,0.199,0.508,19814,85150
Garr200902,0004,0.21,0.523,22547,98692
Garr200908,0000,0.194,0.562,22369,99904
Garr200908,0001,0.271,0.692,25371,130805
Garr200908,0002,0.223,0.51,22048,94182
Garr200908,0003,0.215,0.433,19851,81898
Garr200908,0004,0.249,0.518,22324,94029
Garr200909,0000,0.196,0.522,23597,100652
Garr200909,0001,0.215,0.368,18881,71993
Garr200909,0002,0.224,0.524,23261,96721
Garr200909,0003,0.206,0.479,21966,91900
Garr200909,0004,0.215,0.513,23224,103315
Garr200912,0000,0.212,0.489,21223,98918
Garr200912,0001,0.218,0.461,22190,98070
Garr200912,0002,0.187,0.415,19402,80424
Garr200912,0003,0.21,0.389,17584,64634
Garr200912,0004,0.27,0.545,23914,115555
Garr201001,0000,0.217,0.552,22452,100516
Garr201001,0001,0.196,0.582,23253,106322
Garr201001,0002,0.212,0.593,24052,117839
Garr201001,0003,0.201,0.519,22267,103002
Garr201001,0004,0.178,0.356,19674,72247
Garr201003,0000,0.215,0.482,22276,92459
Garr201003,0001,0.22,0.583,22502,98436
Garr201003,0002,0.27,0.532,21251,94795
Garr201003,0003,0.217,0.503,21091,90021
Garr201003,0004,0.192,0.577,21545,89650
Garr201004,0000,0.233,0.597,22729,105590
Garr201004,0001,0.194,0.517,21583,96872
Garr201004,0002,0.236,0.524,22121,103044
Garr201004,0003,0.193,0.445,18484,76844
Garr201004,0004,0.246,0.522,21312,93212
Garr201005,0000,0.233,0.514,21984,88583
Garr201005,0001,0.25,0.571,23081,101978
Garr201005,0002,0.266,0.539,23456,107703
Garr201005,0003,0.235,0.678,25321,124503
Garr201005,0004,0.246,0.656,24909,121830
Garr201007,0000,0.23,0.541,21607,93315
Garr201007,0001,0.235,0.513,22316,95143
Garr201007,0002,0.249,0.551,23637,101750
Garr201007,0003,0.223,0.514,22808,95784
Garr201007,0004,0.283,0.747,25557,133371
Garr201008,0000,0.24,0.478,21427,86776
Garr201008,0001,0.232,0.572,22258,106019
Garr201008,0002,0.22,0.47,20573,74088
Garr201008,0003,0.225,0.529,20895,87756
Garr201008,0004,0.226,0.504,22100,95422
Garr201010,0000,0.245,0.597,24010,108256
Garr201010,0001,0.247,0.576,24487,112662
Garr201010,0002,0.225,0.5,22498,99891
Garr201010,0003,0.232,0.543,24064,110845
Garr201010,0004,0.263,0.506,22668,91938
Garr201012,0000,0.217,0.505,20335,84759
Garr201012,0001,0.224,0.478,20926,76852
Garr201012,0002,0.247,0.494,22506,96764
Garr201012,0003,0.211,0.489,22260,90916
Garr201101,0000,0.222,0.592,23003,108218
Garr201101,0001,0.243,0.514,22123,89216
Garr201101,0002,0.243,0.566,24364,111013
Garr201101,0003,0.231,0.545,22833,102677
Garr201101,0004,0.23,0.589,24680,106387
Garr201102,0001,0.2,0.398,19562,77377
Garr201102,0002,0.23,0.733,24453,120944
Garr201102,0003,0.209,0.491,22418,98468
Garr201102,0004,0.257,0.563,22285,96507
Garr201103,0001,0.23,0.475,22029,80890
Garr201103,0002,0.266,0.563,26393,114893
Garr201103,0003,0.266,0.552,22357,82789
Garr201103,0004,0.278,0.513,24290,95458
Garr201104,0000,0.258,0.738,26605,138580
Garr201104,0001,0.316,0.798,26044,113102
Garr201104,0004,0.277,0.751,28422,138362
Garr201105,0000,0.275,0.638,26391,111352
Garr201105,0001,0.295,0.696,24523,117304
Garr201105,0003,0.309,0.679,24832,101896
Garr201105,0004,0.272,0.698,29404,142046
Garr201107,0000,0.372,0.726,27460,117877
Garr201107,0001,0.234,0.562,22061,92040
Garr201107,0002,0.269,0.579,26588,114367
Garr201107,0003,0.248,0.641,24714,110367
Garr201107,0004,0.274,0.686,27069,117012
Garr201108,0000,0.239,0.56,26149,107800
Garr201108,0001,0.253,0.521,24764,95846
Garr201108,0002,0.236,0.526,23127,90102
Garr201108,0003,0.248,0.562,25896,106008
Garr201108,0004,0.266,0.693,29228,127035
Garr201109,0000,0.268,0.71,26855,128600
Garr201109,0001,0.301,0.75,27379,121682
Garr201109,0002,0.259,0.797,30470,141903
Garr201109,0003,0.278,0.692,28579,133083
Garr201109,0004,0.257,0.558,21216,80627
Garr201110,0000,0.337,0.804,29267,147621
Garr201110,0001,0.252,0.514,20976,74999
Garr201110,0002,0.312,0.77,24424,115145
Garr201110,0003,0.29,0.639,26150,105343
Garr201110,0004,0.275,0.59,24592,97612
Garr201111,0000,0.263,0.517,24145,85420
Garr201111,0001,0.275,0.582,26458,103207
Garr201111,0002,0.239,0.459,21363,79969
Garr201111,0003,0.275,0.566,25579,101318
Garr201111,0004,0.263,0.429,20578,69919
Garr201112,0000,0.278,0.378,17244,50672
Garr201112,0001,0.311,0.521,21643,71987
Garr201112,0002,0.277,0.598,22480,90715
Garr201112,0003,0.287,0.626,24755,93921
Garr201112,0004,0.309,0.737,27754,110983
Garr201201,0000,0.316,0.608,26626,110476
Garr201201,0001,0.295,0.798,29330,127228
Garr201201,0002,0.251,0.501,25483,85855
Garr201201,0003,0.265,0.572,24416,92084
Garr201201,0004,0.282,0.669,25870,121264
Geant2001,0000,0.078,0.114,4907,18536
Geant2001,0001,0.066,0.112,4816,19565
Geant2001,0002,0.057,0.108,4275,15847
Geant2001,0003,0.063,0.128,5102,21251
Geant2001,0004,0.065,0.109,4469,17311
Geant2009,0000,0.107,0.331,10506,58886
Geant2009,0001,0.095,0.406,11170,70029
Geant2009,0002,0.099,0.319,10281,55598
Geant2009,0003,0.094,0.317,10285,57397
Geant2009,0004,0.1,0.317,10636,59543
Geant2010,0000,0.107,0.499,13601,81506
Geant2010,0001,0.109,0.413,13005,76076
Geant2010,0002,0.113,0.67,14796,98874
Geant2010,0003,0.112,0.383,12459,72357
Geant2010,0004,0.111,0.613,14936,102863
Geant2012,0000,0.116,0.546,16158,105125
Geant2012,0001,0.124,0.557,15638,104925
Geant2012,0002,0.118,0.567,15322,91056
Geant2012,0003,0.124,0.523,15532,98922
Geant2012,0004,0.138,0.614,15284,95110
Getnet,0000,0.024,0.018,108,143
Getnet,0001,0.019,0.026,98,121
Getnet,0002,0.025,0.024,114,162
Getnet,0003,0.025,0.019,115,169
Getnet,0004,0.025,0.02,106,151
Globalcenter,0000,0.026,0.064,696,4279
Globalcenter,0001,0.023,0.067,719,4320
Globalcenter,0003,0.027,0.051,609,3733
Globalcenter,0004,0.024,0.065,750,4460
Globenet,0000,0.65,35.705,84119,1370317
Globenet,0001,0.727,36.593,84199,1371349
Globenet,0002,0.726,36.316,84119,1370317
Globenet,0003,0.796,42.276,84757,1382173
Globenet,0004,0.661,25.846,76220,1100256
Goodnet,0000,0.039,0.095,2022,9593
Goodnet,0001,0.036,0.073,1957,8606
Goodnet,0002,0.038,0.084,2083,9016
Goodnet,0003,0.04,0.075,2011,9345
Goodnet,0004,0.035,0.09,2101,10244
Gridnet,0000,0.023,0.034,452,1743
Gridnet,0001,0.025,0.03,458,1653
Gridnet,0002,0.031,0.042,498,1926
Gridnet,0003,0.022,0.037,463,1685
Gridnet,0004,0.03,0.033,455,1754
Grnet,0000,0.109,0.112,4635,8787
Grnet,0001,0.097,0.116,4784,9337
Grnet,0002,0.125,0.122,5431,11696
Grnet,0003,0.097,0.115,4628,8517
GtsCe,0000,6.945,577.762,497408,7699731
GtsCe,0001,7.544,934.463,542324,9202815
GtsCe,0002,7.104,787.819,523562,8358407
GtsCe,0003,7.364,607.752,488397,7466696
GtsCe,0004,6.877,658.326,506684,7727629
GtsCzechRepublic,0000,0.113,0.109,2419,3092
GtsCzechRepublic,0001,0.078,0.096,3053,5812
GtsCzechRepublic,0002,0.084,0.087,2472,3658
GtsCzechRepublic,0003,0.088,0.089,2558,3160
GtsCzechRepublic,0004,0.103,0.101,2536,3784
GtsHungary,0000,0.07,0.072,1641,1669
GtsHungary,0001,0.069,0.084,2281,2991
GtsHungary,0002,0.065,0.076,1975,2331
GtsHungary,0003,0.067,0.071,1810,2046
GtsHungary,0004,0.071,0.085,2115,2644
GtsPoland,0000,0.081,0.134,5300,14769
GtsPoland,0001,0.092,0.129,4636,10906
GtsPoland,0002,0.097,0.134,5574,17060
GtsPoland,0003,0.081,0.121,4795,11654
GtsPoland,0004,0.106,0.136,5177,12614
GtsRomania,0000,0.04,0.052,1541,2405
GtsRomania,0001,0.044,0.056,1634,2963
GtsRomania,0002,0.039,0.051,1201,1684
GtsRomania,0003,0.05,0.06,1579,2171
GtsRomania,0004,0.051,0.06,1955,4327
GtsSlovakia,0000,0.091,0.099,3551,6879
GtsSlovakia,0001,0.093,0.102,3267,4937
GtsSlovakia,0002,0.086,0.111,3701,6030
GtsSlovakia,0003,0.083,0.089,3428,5368
GtsSlovakia,0004,0.116,0.092,2507,3238
Harnet,0000,0.046,0.051,1303,2098
Harnet,0001,0.041,0.062,1611,3355
Harnet,0002,0.051,0.053,1277,1694
Harnet,0003,0.042,0.053,1160,1806
Harnet,0004,0.058,0.054,1231,1648
Heanet,0000,0.017,0.027,177,333
Heanet,0001,0.027,0.023,171,282
Heanet,0002,0.021,0.026,172,294
Heanet,0003,0.023,0.025,174,373
Heanet,0004,0.016,0.025,169,326
HiberniaCanada,0000,0.027,0.029,381,606
HiberniaCanada,0001,0.03,0.033,450,747
HiberniaCanada,0002,0.029,0.032,403,627
HiberniaCanada,0003,0.027,0.029,310,332
HiberniaCanada,0004,0.026,0.033,399,594
HiberniaGlobal,0000,0.337,2.37,33125,237727
HiberniaGlobal,0001,0.321,1.541,29788,182191
HiberniaGlobal,0002,0.321,1.754,31239,207037
HiberniaGlobal,0003,0.298,1.973,32291,224537
HiberniaGlobal,0004,0.3,1.75,31332,198511
HiberniaIreland,0000,0.018,0.029,101,104
HiberniaIreland,0001,0.022,0.024,95,104
HiberniaIreland,0002,0.021,0.019,114,137
HiberniaIreland,0003,0.018,0.021,94,104
HiberniaIreland,0004,0.021,0.028,100,104
HiberniaNireland,0000,0.036,0.046,1169,2654
HiberniaNireland,0001,0.036,0.044,1217,2813
HiberniaNireland,0002,0.035,0.064,1129,2716
HiberniaNireland,0003,0.036,0.068,1177,2430
HiberniaNireland,0004,0.037,0.052,1338,3081
HiberniaUk,0000,0.035,0.034,459,650
HiberniaUk,0001,0.037,0.032,461,642
HiberniaUk,0002,0.031,0.031,470,682
HiberniaUk,0003,0.035,0.033,470,692
HiberniaUk,0004,0.03,0.033,432,642
HiberniaUs,0000,0.058,0.096,2655,9680
HiberniaUs,0001,0.047,0.112,2611,9509
HiberniaUs,0002,0.053,0.077,2273,6591
Highwinds,0000,0.047,0.092,2490,10158
Highwinds,0001,0.05,0.109,2583,12250
Highwinds,0002,0.052,0.099,2501,10461
Highwinds,0003,0.053,0.126,2581,12275
Highwinds,0004,0.053,0.134,2790,14622
HostwayInternational,0000,0.037,0.056,1120,3536
HostwayInternational,0003,0.035,0.04,1023,2257
HostwayInternational,0004,0.033,0.051,1118,2900
HurricaneElectric,0000,0.062,0.122,3990,17960
HurricaneElectric,0001,0.058,0.115,4031,15798
HurricaneElectric,0002,0.059,0.105,4064,17799
HurricaneElectric,0003,0.059,0.136,4446,20838
HurricaneElectric,0004,0.051,0.106,3770,15266
Ibm,0000,0.035,0.07,1821,6820
Ibm,0001,0.037,0.062,1597,5297
Ibm,0002,0.04,0.066,1666,5862
Ibm,0003,0.039,0.065,1747,6347
Ibm,0004,0.037,0.057,1658,5347
Iij,0000,0.12,1.278,19075,162177
Iij,0001,0.107,0.451,14456,82327
Iij,0002,0.115,0.617,16071,102400
Iij,0003,0.108,0.565,16559,98544
Iij,0004,0.111,0.848,17078,130163
Iinet,0000,0.084,0.105,4139,10670
Iinet,0001,0.083,0.088,3535,6399
Iinet,0002,0.087,0.112,3609,7544
Iinet,0003,0.074,0.096,3308,5893
Iinet,0004,0.082,0.1,3921,9267
Ilan,0000,0.027,0.029,516,711
Ilan,0001,0.033,0.031,461,517
Ilan,0002,0.026,0.034,502,586
Ilan,0003,0.032,0.03,524,750
Ilan,0004,0.034,0.035,412,446
Integra,0000,0.072,0.119,4146,15340
Integra,0001,0.07,0.12,4366,15936
Integra,0002,0.065,0.107,4158,14199
Integra,0003,0.064,0.113,4300,15551
Integra,0004,0.064,0.12,4506,17398
Intellifiber,0000,0.526,1.715,43307,222829
Intellifiber,0001,0.529,3.245,56818,374056
Intellifiber,0002,0.566,2.15,49956,275948
Intellifiber,0003,0.484,2.064,51023,286107
Intellifiber,0004,0.567,2.756,52367,322886
Internetmci,0000,0.049,0.154,2848,15021
Internetmci,0001,0.039,0.087,2599,11750
Internetmci,0002,0.044,0.092,2324,10489
Internetmci,0003,0.04,0.11,2931,14349
Internetmci,0004,0.043,0.093,2628,10855
Internode,0000,0.292,0.552,29810,121695
Internode,0001,0.29,0.479,27051,104533
Internode,0002,0.278,0.497,25232,81503
Internode,0003,0.286,0.548,26965,103931
Internode,0004,0.269,0.399,21373,61342
Interoute,0000,2.469,62.967,229849,2993614
Interoute,0001,2.328,36.817,199273,2197683
Interoute,0002,2.608,128.121,261880,3963952
Interoute,0003,2.292,44.123,205647,2363523
Interoute,0004,2.42,74.612,238241,3268737
Intranetwork,0003,0.143,0.709,12798,69954
Ion,0000,3.47,31.763,206830,1888312
Ion,0001,3.532,27.9,200470,1770970
Ion,0002,3.196,17.18,174954,1296326
Ion,0003,3.465,37.028,217066,2100133
Ion,0004,3.279,15.481,177554,1280857
IowaStatewideFiberMap,0000,0.091,0.215,7230,31157
IowaStatewideFiberMap,0001,0.083,0.154,6254,24302
IowaStatewideFiberMap,0002,0.089,0.149,6179,21733
IowaStatewideFiberMap,0003,0.087,0.242,7692,36372
IowaStatewideFiberMap,0004,0.092,0.158,6522,23801
Iris,0000,0.227,0.52,18396,85006
Iris,0001,0.201,0.482,18438,75802
Iris,0002,0.184,0.631,19020,91182
Iris,0003,0.188,0.521,19226,84723
Iris,0004,0.19,0.387,16937,63636
Janetbackbone,0000,0.08,0.215,6983,33127
Janetbackbone,0001,0.081,0.207,6905,31473
Janetbackbone,0002,0.077,0.164,6223,25843
Janetbackbone,0003,0.084,0.35,7897,45940
Janetbackbone,0004,0.078,0.229,7306,35037
Janetlense,0000,0.047,0.08,3614,8532
Janetlense,0001,0.043,0.097,3437,11203
Janetlense,0002,0.045,0.078,2643,8908
Janetlense,0003,0.048,0.107,3581,12524
Janetlense,0004,0.043,0.169,4159,22744
Karen,0000,0.07,0.061,1986,3536
Karen,0001,0.052,0.062,1530,2169
Karen,0002,0.058,0.086,1530,2114
Karen,0003,0.06,0.102,1982,4190
KentmanAug2005,0000,0.071,0.068,1853,2976
KentmanAug2005,0002,0.061,0.072,1955,3109
KentmanAug2005,0003,0.056,0.068,1691,2301
KentmanAug2005,0004,0.069,0.063,1894,2628
KentmanJul2005,0001,0.031,0.034,595,809
KentmanJul2005,0002,0.033,0.037,522,706
KentmanJul2005,0003,0.031,0.04,586,823
KentmanJul2005,0004,0.031,0.033,575,711
LambdaNet,0000,0.164,0.217,6883,17131
LambdaNet,0001,0.144,0.187,6758,18544
LambdaNet,0002,0.144,0.169,6614,12427
LambdaNet,0003,0.154,0.173,7498,17625
LambdaNet,0004,0.148,0.202,8115,22984
Latnet,0001,0.296,0.359,11729,18859
Latnet,0004,0.252,0.305,12030,19381
Layer42,0000,0.017,0.018,71,105
Layer42,0003,0.02,0.019,73,94
Layer42,0004,0.02,0.017,73,91
Litnet,0001,0.118,0.119,2979,3256
Litnet,0002,0.117,0.127,3542,4149
Litnet,0003,0.124,0.127,3465,4086
Litnet,0004,0.116,0.131,3993,4706
Marnet,0000,0.046,0.037,1001,1140
Marnet,0001,0.037,0.039,917,944
Marnet,0002,0.044,0.048,1040,2112
Marnet,0003,0.039,0.045,1228,2484
Marnet,0004,0.044,0.052,1431,3070
Marwan,0000,0.037,0.035,558,1022
Marwan,0001,0.031,0.034,561,779
Marwan,0002,0.036,0.044,712,1187
Marwan,0003,0.031,0.034,656,1063
Marwan,0004,0.035,0.033,646,1040
Missouri,0000,0.399,1.149,34486,169138
Missouri,0001,0.363,1.346,37370,203194
Missouri,0002,0.36,1.21,36246,180685
Missouri,0003,0.346,0.893,32480,139670
Missouri,0004,0.418,1.146,37333,187394
Myren,0000,0.096,0.109,3766,6154
Myren,0002,0.098,0.102,4108,8020
Myren,0004,0.096,0.112,4108,8020
Napnet,0000,0.025,0.028,77,85
Napnet,0002,0.016,0.019,66,78
Napnet,0003,0.018,0.018,78,108
Napnet,0004,0.022,0.015,75,103
Navigata,0000,0.03,0.033,580,1060
Navigata,0001,0.037,0.03,555,933
Navigata,0002,0.028,0.034,527,994
Navigata,0003,0.031,0.044,740,2346
Navigata,0004,0.029,0.037,641,1639
Netrail,0000,0.021,0.024,161,311
Netrail,0001,0.017,0.026,161,272
Netrail,0002,0.018,0.021,174,357
Netrail,0003,0.02,0.022,161,290
Netrail,0004,0.022,0.025,153,255
NetworkUsa,0000,0.113,0.14,4755,10217
NetworkUsa,0001,0.112,0.14,4723,10347
NetworkUsa,0002,0.113,0.132,4844,10391
NetworkUsa,0003,0.094,0.148,5264,12595
NetworkUsa,0004,0.09,0.125,4548,9931
Niif,0000,0.084,0.091,2515,3547
Niif,0001,0.078,0.091,3266,4782
Niif,0002,0.079,0.093,2340,3412
Niif,0003,0.081,0.089,2333,2967
Niif,0004,0.098,0.098,2246,3115
Noel,0000,0.036,0.066,1662,4291
Noel,0001,0.044,0.058,1460,3819
Noel,0002,0.04,0.053,1395,2962
Noel,0003,0.045,0.064,1708,4602
Noel,0004,0.036,0.059,1609,3863
Nordu2005,0000,0.022,0.029,110,113
Nordu2005,0004,0.019,0.027,128,131
Nordu2010,0001,0.032,0.035,316,316
Nordu2010,0002,0.033,0.031,316,316
Nsfcnet,0000,0.022,0.025,174,223
Nsfcnet,0001,0.021,0.024,159,197
Nsfcnet,0003,0.021,0.026,174,223
Nsfcnet,0004,0.029,0.026,160,187
Nsfnet,0000,0.028,0.046,537,1137
Nsfnet,0001,0.028,0.033,619,1404
Nsfnet,0002,0.049,0.076,564,1221
Nsfnet,0003,0.031,0.036,513,1070
Nsfnet,0004,0.031,0.039,614,1414
Ntelos,0000,0.249,2.092,27107,231556
Ntelos,0002,0.218,3.026,29652,285127
Ntelos,0003,0.187,1.227,22832,150817
Ntelos,0004,0.223,3.315,29697,294746
Ntt,0000,0.162,4.986,18200,222303
Ntt,0001,0.165,4.562,18306,221180
Ntt,0002,0.216,9.9,19839,280429
Ntt,0003,0.194,4.626,18994,216163
Ntt,0004,0.218,10.133,20288,306205
Oteglobe,0000,0.845,2.146,54635,268312
Oteglobe,0001,0.7,2.235,55300,274751
Oteglobe,0002,0.781,2.844,61676,351475
Oteglobe,0003,0.814,2.735,60052,337023
Oteglobe,0004,0.678,1.896,52393,245706
Oxford,0000,0.05,0.063,1734,3881
Oxford,0001,0.04,0.07,1855,4654
Oxford,0002,0.042,0.074,2116,6391
Oxford,0003,0.047,0.063,1693,3795
Oxford,0004,0.042,0.07,1890,4636
Pacificwave,0001,0.035,0.042,884,1235
Pacificwave,0004,0.037,0.041,867,1176
Palmetto,0000,0.169,0.645,18825,108382
Palmetto,0001,0.198,0.761,19192,112839
Palmetto,0002,0.168,1.073,21135,143335
Palmetto,0003,0.167,0.648,17774,101758
Palmetto,0004,0.171,0.637,18348,99786
Peer1,0000,0.033,0.045,1010,2457
Peer1,0001,0.034,0.061,1346,4877
Peer1,0002,0.034,0.038,972,2203
Peer1,0003,0.034,0.049,1084,2744
Peer1,0004,0.034,0.041,986,2166
PionierL1,0000,0.114,0.149,5944,15630
PionierL1,0001,0.102,0.15,5776,15981
PionierL1,0002,0.112,0.152,5920,16457
PionierL1,0003,0.1,0.156,6028,17352
PionierL1,0004,0.108,0.168,6221,17381
PionierL3,0000,0.12,0.181,7318,23524
PionierL3,0001,0.125,0.194,8307,26431
PionierL3,0002,0.118,0.194,7935,27027
PionierL3,0003,0.15,0.251,8523,30371
PionierL3,0004,0.132,0.195,7489,22299
Psinet,0000,0.058,0.06,1435,2022
Psinet,0001,0.055,0.054,1291,1879
Psinet,0002,0.057,0.061,1414,2223
Psinet,0003,0.053,0.06,1359,1952
Psinet,0004,0.054,0.063,1485,2484
Quest,0000,0.047,0.097,2535,10407
Quest,0001,0.081,0.088,2617,11399
Quest,0002,0.047,0.1,2848,12955
Quest,0003,0.048,0.117,3049,16037
Quest,0004,0.051,0.099,2729,13076
RedBestel,0000,0.956,1.788,46539,176115
RedBestel,0001,1.087,1.636,42779,150020
RedBestel,0002,1.062,2.252,51064,220066
RedBestel,0003,1.151,4.421,66179,411783
RedBestel,0004,0.928,1.426,40344,130617
Rediris,0000,0.047,0.07,2158,6741
Rediris,0001,0.046,0.069,1988,6666
Rediris,0002,0.038,0.08,2464,8964
Rediris,0003,0.038,0.07,2187,8328
Rediris,0004,0.046,0.072,2353,8270
Renater2001,0000,0.076,0.061,1902,3279
Renater2001,0001,0.053,0.06,1718,2924
Renater2001,0002,0.052,0.063,1783,3357
Renater2001,0004,0.053,0.065,2067,4218
Renater2004,0000,0.075,0.098,4581,12910
Renater2004,0001,0.087,0.096,4111,11552
Renater2004,0002,0.073,0.103,4105,10552
Renater2004,0003,0.073,0.109,4593,12892
Renater2004,0004,0.074,0.121,4447,12449
Renater2006,0000,0.091,0.161,6614,23617
Renater2006,0001,0.086,0.149,6673,21280
Renater2006,0002,0.086,0.194,7361,27014
Renater2006,0003,0.102,0.129,5360,13855
Renater2006,0004,0.088,0.154,6979,24451
Renater2008,0000,0.086,0.182,7513,28269
Renater2008,0001,0.084,0.128,5852,14358
Renater2008,0002,0.086,0.19,7343,26820
Renater2008,0003,0.086,0.164,6676,24714
Renater2008,0004,0.086,0.209,7473,31279
Renater2010,0000,0.131,0.327,13208,55927
Renater2010,0001,0.144,0.485,16126,83904
Renater2010,0002,0.14,0.344,13036,58783
Renater2010,0003,0.14,0.457,15193,84800
Renater2010,0004,0.135,0.309,13178,56058
Restena,0000,0.037,0.038,1017,1683
Restena,0001,0.04,0.041,946,1546
Restena,0002,0.04,0.042,961,1511
Restena,0003,0.037,0.045,926,1530
Restena,0004,0.036,0.038,950,1425
Rnp,0001,0.08,0.099,3538,7841
Rnp,0002,0.085,0.105,3803,8214
Rnp,0003,0.081,0.107,3846,8631
Rnp,0004,0.078,0.082,2667,4561
Roedunet,0000,0.099,0.113,3640,4009
Roedunet,0001,0.127,0.133,3793,4976
Roedunet,0002,0.128,0.149,4838,7871
Roedunet,0003,0.108,0.123,5098,7313
Roedunet,0004,0.112,0.119,4888,6967
Sanet,0000,0.137,0.174,5790,9432
Sanet,0001,0.147,0.182,6451,13668
Sanet,0002,0.135,0.166,5889,10522
Sanet,0003,0.147,0.188,5840,9603
Sanet,0004,0.156,0.185,5822,10427
Sanren,0000,0.019,0.019,86,124
Sanren,0001,0.021,0.021,86,106
Sanren,0002,0.024,0.019,96,134
Sanren,0003,0.02,0.026,110,141
Sanren,0004,0.022,0.022,102,138
Savvis,0000,0.038,0.049,918,1764
Savvis,0001,0.038,0.048,952,1595
Savvis,0002,0.045,0.04,1103,1872
Savvis,0003,0.041,0.04,880,1434
Savvis,0004,0.037,0.039,874,1377
Shentel,0000,0.081,0.173,5043,22858
Shentel,0001,0.102,0.166,4604,17835
Shentel,0003,0.096,0.166,5151,22027
Shentel,0004,0.077,0.108,3906,11386
Sinet,0000,0.281,0.354,17260,31493
Sinet,0001,0.322,0.357,16438,27442
Sinet,0002,0.366,0.41,17297,27983
Sinet,0003,0.311,0.425,14990,22727
Sinet,0004,0.339,0.374,18753,31120
Spiralight,0000,0.031,0.032,549,789
Spiralight,0001,0.036,0.039,667,990
Spiralight,0002,0.031,0.034,524,725
Spiralight,0003,0.031,0.034,517,805
Spiralight,0004,0.035,0.031,456,578
Sprint,0000,0.025,0.033,582,1737
Sprint,0001,0.032,0.035,577,1819
Sprint,0002,0.024,0.078,621,1987
Sprint,0003,0.027,0.038,589,1988
Sprint,0004,0.039,0.034,589,1837
Sunet,0000,0.076,0.111,2962,7871
Sunet,0001,0.072,0.108,3413,8969
Sunet,0002,0.072,0.137,3713,13728
Sunet,0003,0.069,0.132,3861,13868
Sunet,0004,0.073,0.096,2969,7130
Surfnet,0000,0.231,1.346,27843,191344
Surfnet,0001,0.186,0.733,22582,122973
Surfnet,0002,0.207,1.15,25646,170084
Surfnet,0003,0.195,0.842,23252,125900
Surfnet,0004,0.209,1.049,25157,156631
Switch,0000,0.558,1.828,48627,278623
Switch,0001,0.567,2.388,50604,317671
Switch,0002,0.554,1.72,46523,248545
Switch,0003,0.488,2.282,53047,324964
Switch,0004,0.576,2.131,50981,306321
SwitchL3,0000,0.146,0.988,18300,142639
SwitchL3,0001,0.129,0.649,16842,111505
SwitchL3,0002,0.136,1.273,18573,162527
SwitchL3,0003,0.131,0.992,17939,152219
SwitchL3,0004,0.132,0.381,13516,66140
Syringa,0000,0.579,0.606,10647,15661
Syringa,0001,0.541,0.84,14790,33703
Syringa,0002,0.625,0.934,13158,30921
TataNld,0000,6.251,534.312,467350,7349626
TataNld,0001,7.032,802.533,504238,8692624
TataNld,0002,7.544,1145.319,540417,10064309
TataNld,0003,6.511,660.201,491021,8152185
TataNld,0004,6.421,527.858,467609,7270054
Telecomserbia,0000,0.033,0.028,72,98
Telecomserbia,0001,0.018,0.017,58,60
Telecomserbia,0002,0.019,0.02,66,79
Telecomserbia,0003,0.024,0.021,88,116
Telecomserbia,0004,0.024,0.022,62,77
Tinet,0000,0.352,12.722,51523,713686
Tinet,0001,0.39,34.593,63573,1121915
Tinet,0002,0.247,3.218,37208,320938
Tinet,0003,0.229,2.365,35737,270537
Tinet,0004,0.245,3.444,38286,340551
TLex,0000,0.03,0.032,307,374
TLex,0001,0.027,0.026,343,394
TLex,0002,0.029,0.025,339,401
TLex,0003,0.027,0.031,321,381
TLex,0004,0.029,0.026,321,381
Tw,0000,0.639,28.306,103947,1475716
Tw,0001,0.632,41.484,108595,1658283
Tw,0002,0.681,109.609,121657,2331832
Tw,0003,0.534,13.928,85544,970800
Tw,0004,0.719,18.167,92898,1154760
Twaren,0000,0.038,0.051,726,833
Twaren,0001,0.038,0.046,748,833
Twaren,0003,0.038,0.049,854,994
Twaren,0004,0.039,0.036,793,964
Ulaknet,0003,0.377,0.401,8125,8125
UniC,0000,0.065,0.072,1986,3626
UniC,0001,0.062,0.058,1520,2093
UniC,0002,0.059,0.069,1770,2810
UniC,0003,0.06,0.111,1989,3684
UniC,0004,0.067,0.085,2031,3687
Uninet,0000,0.027,0.042,773,2039
VtlWavenet2011,0003,1.303,2.122,41001,136929
VtlWavenet2011,0004,1.401,1.795,38381,107566
WideJpn,0000,0.069,0.07,1500,1866
WideJpn,0002,0.075,0.074,2021,3352
WideJpn,0004,0.067,0.072,1740,2761
Xeex,0000,0.061,0.119,3772,14843
Xeex,0001,0.061,0.148,4160,17956
Xeex,0002,0.061,0.095,3525,11949
Xeex,0003,0.059,0.105,3570,12942
Xeex,0004,0.057,0.12,3742,15085
Xspedius,0000,0.107,0.489,11747,82148
Xspedius,0001,0.099,0.352,10618,63301
Xspedius,0002,0.099,0.407,10628,67228
Xspedius,0003,0.091,0.324,9793,55316
Xspedius,0004,0.111,0.401,10651,67780
York,0000,0.054,0.057,1032,1426
York,0001,0.056,0.092,1069,1734
York,0002,0.054,0.051,1182,1694
York,0003,0.049,0.058,1127,1295
York,0004,0.055,0.058,1187,1678
