Topology,DemandFile,ExitCode_SRPP,Time_SRPP,Umax_SRPP,ExitCode_MIP,Time_MIP,Umax_MIP,ExitCode_full,Time_full,Umax_full
Aarnet,0000,0,0.216,0.9432922,0,0.13828446,0.9432922
Aarnet,0001,0,0.214,0.9335895,0,0.092314563,0.9335895
Aarnet,0002,0,0.213,0.9634367,0,0.271701538,0.9634367
Aarnet,0003,0,0.234,0.9720654,0,0.264428674,0.9720654
Aarnet,0004,0,0.201,1.1249961,0,0.119524987,1.1249961
Abilene,0000,0,0.30200000000000005,0.9000360685120885,0,0.281055834,0.9000321753231095
Abilene,0001,0,0.125,0.9000108506944444,0,0.275081502,0.9000570917325746
Abilene,0002,0,0.17,0.9000662093299897,0,0.177418921,0.9000452614615484
Abilene,0003,0,0.184,0.9,0,0.116414115,0.9000792703510803
Abilene,0004,0,0.199,0.9000458642779063,0,0.176950714,0.900012106561857
Abvt,0000,0,0.454,0.89998375,0,0.284567401,0.9000326666666666
Abvt,0001,0,0.32,0.9000313333333333,0,0.368182427,0.9000128333333334
Abvt,0002,0,0.325,0.9000019166666667,0,0.243252198,0.9000381666666666
Abvt,0003,0,0.328,0.8999901666666668,0,0.316929286,0.9000243333333334
Abvt,0004,0,0.323,0.8999935,0,0.389928484,0.9000335
Aconet,0000,0,0.364,0.9000464905660378,0,0.443636573,0.9000591698113207
Aconet,0001,0,0.321,0.900012679245283,0,0.322321407,0.8999971320754717
Aconet,0002,0,0.39499999999999996,0.9000716226415094,0,0.400673673,0.9000374339622641
Aconet,0003,0,0.33499999999999996,0.9000538113207547,0,0.351531265,0.9000732830188679
Aconet,0004,0,0.412,0.9000307924528302,0,0.401547663,0.9000187169811321
Agis,0000,0,0.277,0.8998129032258064,0,0.841856894,0.8997903225806452
Agis,0001,0,0.538,0.8997666666666667,0,2.993776088,0.8998032258064517
Agis,0002,0,0.275,0.8997193548387097,0,0.854058015,0.8997677419354839
Agis,0003,0,0.439,0.8998193548387097,0,1.248161181,0.8998
Agis,0004,0,0.289,0.8997967741935484,0,1.723981591,0.8997935483870968
Ai3,0000,0,0.057999999999999996,0.899993,0,0.039531232,0.899993
Ai3,0001,0,0.061,0.899994,0,0.039239214,0.899994
Ai3,0002,0,0.059,0.899992,0,0.040893596,0.899992
Ai3,0003,0,0.059,0.899993,0,0.041337298,0.899993
Ai3,0004,0,0.076,0.899991,0,0.039314371,0.899991
Airtel,0000,0,0.613,0.9000526666666666,0,0.543609517,0.9000175
Airtel,0001,0,1.914,0.9000428,0,1.730567687,0.9000133999999999
Airtel,0002,0,1.295,0.899993,0,0.566368978,0.8999930000000002
Airtel,0003,0,2.029,0.9000479999999997,0,5.596075467,0.9000373333333334
Airtel,0004,0,0.33299999999999996,0.9000661666666666,0,0.502423128,0.9000835000000001
Amres,0000,0,0.116,0.899929,0,0.171063926,0.899929
Amres,0001,0,0.134,0.899926,0,0.166809903,0.899926
Amres,0002,0,0.127,0.899926,0,0.186686936,0.899926
Amres,0003,0,0.121,0.899926,0,0.169720302,0.899926
Amres,0004,0,0.154,0.899943,0,0.19566707,0.899943
Ans,0000,0,1.057,0.8997777777777778,0,0.441652226,0.8997111111111111
Ans,0001,0,1.01,0.8998666666666667,0,6.805554146,0.8999
Ans,0002,0,0.529,0.8997277777777778,0,1.392854901,0.8997333333333334
Ans,0003,0,0.379,0.8997722222222222,0,1.206134543,0.8997222222222222
Ans,0004,0,0.788,0.8997055555555528,0,1.446941205,0.8997
Arn,0000,0,0.122,0.8964583333333334,0,0.225818313,0.8964583333333334
Arn,0001,0,0.136,0.89675,0,0.226971763,0.89675
Arn,0002,0,0.156,0.8967916666666667,0,0.229074801,0.8967916666666667
Arn,0003,0,0.127,0.8964583333333334,0,0.223463727,0.8964583333333334
Arn,0004,0,0.125,0.8967916666666667,0,0.213929137,0.8967916666666667
Arnes,0000,0,0.699,0.90257175,0,1.425016003,0.9025455
Arnes,0001,0,0.611,0.90529425,0,1.452961962,0.905294
Arnes,0002,0,0.5599999999999999,0.90072625,0,1.662628435,0.9007095
Arnes,0003,0,0.6819999999999999,0.9032,0,1.728619346,0.90324975
Arnes,0004,0,0.423,0.904485,0,1.492890575,0.904470125
Arpanet196912,0000,0,0.051,0.962446,0,0.031086481,0.962446
Arpanet196912,0001,0,0.06,1.132629,0,0.031191196,1.132629
Arpanet196912,0002,0,0.05,0.923963,0,0.031795419,0.923963
Arpanet196912,0003,0,0.05,0.961027,0,0.031663302,0.961027
Arpanet196912,0004,0,0.05,1.208269,0,0.032882847,1.208269
Arpanet19706,0000,0,0.067,0.899989,0,0.060473823,0.899989
Arpanet19706,0001,0,0.078,0.899991,0,0.036441766,0.899991
Arpanet19706,0002,0,0.07100000000000001,0.899989,0,0.045624039,0.899989
Arpanet19706,0003,0,0.097,0.899991,0,0.035267458,0.899991
Arpanet19706,0004,0,0.068,0.899991,0,0.035591591,0.899991
Arpanet19719,0000,0,0.198,0.9000514999999999,0,0.253354341,0.90000825
Arpanet19719,0001,0,0.21300000000000002,0.9000235,0,0.199941421,0.899991
Arpanet19719,0002,0,0.20400000000000001,0.90001,0,0.318280542,0.9000645
Arpanet19719,0003,0,0.22099999999999997,0.900033,0,0.253137966,0.9000075
Arpanet19719,0004,0,0.253,0.900056,0,0.20473317,0.900008
Arpanet19723,0000,0,0.356,0.8999955,0,0.521470903,0.900001
Arpanet19723,0001,0,0.49,0.90001575,0,0.494305671,0.8999855
Arpanet19723,0002,0,0.39699999999999996,0.899974,0,0.516283085,0.900035
Arpanet19723,0003,0,0.321,0.89997525,0,0.526591021,0.900016
Arpanet19723,0004,0,0.42,0.8999867500000001,0,0.734226602,0.90001275
Arpanet19728,0000,0,1.5,0.900033,0,1.646337593,0.90002725
Arpanet19728,0001,0,1.2510000000000001,0.90002375,0,1.680297376,0.899979
Arpanet19728,0002,0,1.443,0.9000015,0,3.130831446,0.90001325
Arpanet19728,0003,0,1.079,0.89996825,0,2.520320166,0.900022
Arpanet19728,0004,0,0.881,0.900043,0,2.061006339,0.9000215
AsnetAm,0000,0,1.766,0.899725,0,3.93594563,0.899725
AsnetAm,0001,0,1.814,0.899732,0,3.326367843,0.899732
AsnetAm,0002,0,1.587,0.899717,0,7.119878901,0.899717
AsnetAm,0003,0,1.779,0.899718,0,4.320353097,0.899718
AsnetAm,0004,0,2.151,0.899929,0,6.542043287,0.899908
Atmnet,0000,0,0.21999999999999997,0.8998419354838709,0,0.186902748,0.8998516129032258
Atmnet,0001,0,0.282,0.8998806451612904,0,0.486309255,0.8999
Atmnet,0002,0,0.253,0.8998516129032252,0,0.475794849,0.8998677419354839
Atmnet,0003,0,0.24,0.8998774193548387,0,0.346728723,0.8998516129032258
Atmnet,0004,0,0.33499999999999996,0.8998903225806452,0,0.592937365,0.8998903225806452
AttMpls,0000,0,194.415,0.900083,0,1296.314093012,0.900076861111111
AttMpls,0001,0,131.75900000000001,0.9000855,1,1801.129701703,0.90010975
AttMpls,0002,0,5.715,0.9000504583333333,0,13.960096098,0.9000202833333333
AttMpls,0003,0,12.175999999999998,0.9000562499999998,0,9.061447807,0.9000507499999999
AttMpls,0004,0,9.405999999999999,0.9000545,0,13.322483173,0.9000483333333332
Azrena,0000,0,0.131,0.89996,0,0.130521222,0.89996
Azrena,0001,0,0.135,0.899949,0,0.13859533,0.899949
Azrena,0002,0,0.098,0.899956,0,0.133536603,0.899956
Azrena,0003,0,0.105,0.899946,0,0.127112326,0.899946
Azrena,0004,0,0.111,0.899962,0,0.12731144,0.899962
Bandcon,0000,0,0.363,0.8999983333333332,0,0.374268585,0.900057
Bandcon,0001,0,0.33699999999999997,0.90004525,0,0.349452177,0.8999953333333333
Bandcon,0002,0,0.257,0.8999835,0,0.31905459,0.899976
Bandcon,0003,0,0.284,0.8999954999999998,0,0.648520367,0.900009
Bandcon,0004,0,0.237,0.8999915,0,0.353338681,0.90006
Basnet,0000,0,0.072,0.8997419354838709,0,0.032337768,0.8997419354838709
Basnet,0001,0,0.059,0.8996129032258064,0,0.032319022,0.8996129032258064
Basnet,0002,0,0.051000000000000004,0.8996129032258064,0,0.032268061,0.8996129032258064
Basnet,0003,0,0.06999999999999999,0.8996129032258064,0,0.031917276,0.8996129032258064
Basnet,0004,0,0.056999999999999995,0.8997419354838709,0,0.032454697,0.8997419354838709
Bbnplanet,0000,0,0.235,0.8990666666666667,0,0.402738012,0.8991333333333333
Bbnplanet,0001,0,0.303,0.8992,0,0.535247013,0.8991222222222223
Bbnplanet,0002,0,0.3,0.899,0,0.505288747,0.8990777777777778
Bbnplanet,0003,0,0.274,0.8989555555555555,0,0.46493544,0.8990111111111111
Bbnplanet,0004,0,0.199,0.8989888888888888,0,0.64719721,0.8990333333333334
Bellcanada,0000,0,2.298,0.899894,0,15.255099469,0.899957
Bellcanada,0001,0,2.2600000000000002,0.8998815,0,11.690210176,0.899886
Bellcanada,0002,0,2.277,0.8998775,0,28.28030884,0.8998835
Bellcanada,0003,0,2.23,0.8998745,0,19.335594586,0.89991
Bellcanada,0004,0,2.339,0.899933,0,7.058961035,0.8999565
Bellsouth,0000,0,1.421,0.899881,0,2.743301258,0.899881
Bellsouth,0001,0,1.363,0.899906,0,2.743303152,0.899906
Bellsouth,0002,0,1.393,0.899886,0,1.874125698,0.899886
Bellsouth,0003,0,1.399,0.899881,0,2.226965293,0.899881
Bellsouth,0004,0,1.416,0.8998925,0,2.802062858,0.8999275
Belnet2003,0000,0,0.40299999999999997,2.054439666666666,0,8.870478187,2.0544396666666667
Belnet2003,0001,0,0.33799999999999997,2.71246,0,1.068759449,4.797262
Belnet2003,0002,0,0.449,2.517917,0,13.792015162,2.517917
Belnet2003,0003,0,0.28300000000000003,0.89999,0,0.387775148,0.89999
Belnet2003,0004,0,0.672,2.41846,0,21.047106977,2.41846
Belnet2004,0000,0,0.519,2.644662,0,3.209571859,2.644662
Belnet2004,0001,0,0.75,1.1139668,0,2.190257408,1.1139294
Belnet2004,0002,0,0.8180000000000001,2.0691312,0,13.657481436,2.0691312
Belnet2004,0003,0,0.393,1.8017483333333333,0,22.934427991,1.8017483333333333
Belnet2004,0004,0,0.8490000000000001,1.9748036666666664,0,13.033021449,1.9748036666666668
Belnet2005,0000,0,1.429,1.0547208,0,5.611382354,1.11507192
Belnet2005,0001,0,0.547,0.9000916999999999,0,0.56322477,0.900032
Belnet2005,0002,0,1.96,0.9000451999999999,0,2.130087916,0.9000592
Belnet2005,0003,0,0.488,0.9214651666666667,0,1.111944709,0.921447
Belnet2005,0004,0,0.641,1.3781443999999998,0,1.585596,1.3781444
Belnet2006,0000,0,0.801,1.071694,0,9.597465898,1.071694
Belnet2006,0001,0,0.382,3.5466366666666667,0,1.069152102,3.5466366666666667
Belnet2006,0002,0,1.2069999999999999,1.1323209,0,8.857492403,1.1322915
Belnet2006,0003,0,0.6880000000000001,1.1730283333333333,0,11.135159423,1.1730283333333333
Belnet2006,0004,0,0.48,0.9000572999999998,0,1.084818773,0.9000858
Belnet2007,0000,0,0.251,0.8999801999999997,0,0.214945581,0.8999947333333332
Belnet2007,0001,0,0.325,0.8999943333333333,0,0.346481771,0.9000256666666667
Belnet2007,0002,0,0.312,0.899986,0,0.359595513,0.900061
Belnet2007,0003,0,0.29,0.900036,0,0.284758699,0.900064
Belnet2007,0004,0,0.275,0.899993,0,0.357920516,0.900049
Belnet2008,0000,0,0.32,0.8999833333333332,0,0.278261458,0.8999873333333333
Belnet2008,0001,0,0.303,0.9000163333333334,0,0.396085837,0.9000280000000002
Belnet2008,0002,0,0.255,0.9000039999999999,0,0.400590593,0.90005
Belnet2008,0003,0,0.297,0.9000341666666667,0,0.376092665,0.9000366
Belnet2008,0004,0,0.309,0.900004,0,0.473524602,0.899998
Belnet2009,0000,0,0.32,0.899996,0,0.299896406,0.9
Belnet2009,0001,0,0.378,0.8999780000000001,0,0.498201573,0.899988
Belnet2009,0002,0,0.37,0.900022,0,0.376695431,0.899993
Belnet2009,0003,0,0.308,0.899985,0,0.376637981,0.900062
Belnet2009,0004,0,0.323,0.8999823333333331,0,0.242033138,0.9000583333333334
Belnet2010,0000,0,0.349,0.900010666666666,0,0.550885952,0.9000109333333334
Belnet2010,0001,0,0.294,0.9000363333333332,0,0.582867538,0.9000193333333334
Belnet2010,0002,0,0.344,0.900064,0,0.50434791,0.900006
Belnet2010,0003,0,0.249,0.9000315,0,0.60511441,0.899983
Belnet2010,0004,0,0.249,0.900028,0,0.404298614,0.900056
BeyondTheNetwork,0000,0,3.002,0.89999625,0,10.968496247,0.899962
BeyondTheNetwork,0001,0,3.01,0.8999751666666667,0,8.584283687,0.8999646666666666
BeyondTheNetwork,0002,0,3.0989999999999998,0.899963,0,11.135596849,0.8999955
BeyondTheNetwork,0003,0,3.0349999999999997,0.89992,0,53.295428721,0.89995125
BeyondTheNetwork,0004,0,2.959,0.9000005833333333,0,7.672756164,0.8999796666666667
Bics,0000,0,1.262,0.8999651666666665,0,2.70496056,0.8999818333333333
Bics,0001,0,0.917,0.899956,0,1.812633121,0.899998
Bics,0002,0,1.5250000000000001,0.9000367916666665,0,2.369413193,0.9000230833333334
Bics,0003,0,0.987,0.8999835,0,2.742963781,0.9000026666666666
Bics,0004,0,1.059,0.8999524999999999,0,1.774639794,0.9000355
Biznet,0000,0,0.371,0.899952,0,1.417933264,0.89998
Biznet,0001,0,0.425,0.8999715,0,1.309230936,0.900021
Biznet,0002,0,0.378,0.900029,0,1.140291963,0.9000225
Biznet,0003,0,0.595,0.899952,0,1.697060841,0.900003
Biznet,0004,0,0.505,0.899954,0,1.307590694,0.899972
Bren,0000,0,0.267,0.8999297752808989,0,1.570537579,0.899938202247191
Bren,0001,0,0.243,0.8999564606741574,0,1.953054191,0.8999073033707865
Bren,0002,0,0.25,0.899941011235955,0,1.58941703,0.8999719101123596
Bren,0003,0,0.282,0.8999199438202248,0,1.320741897,0.8999775280898876
Bren,0004,0,0.305,0.899986,0,2.061285694,0.899966
BsonetEurope,0000,0,0.40599999999999997,0.9000264166666665,0,0.538233422,0.9000718333333333
BsonetEurope,0001,0,3.165,0.9000475833333332,0,2.115938971,0.9000701666666667
BsonetEurope,0002,0,0.441,0.9000406666666667,0,0.287222443,0.9000453333333334
BsonetEurope,0003,0,0.39799999999999996,0.9000649999999999,0,0.452969086,0.9000133333333333
BsonetEurope,0004,0,0.421,0.9000074166666667,0,0.837256853,0.90002075
BtAsiaPac,0000,0,4.314,0.9000809999999999,0,11.528839186,0.9004351666666667
BtAsiaPac,0001,0,6.219,0.900068,0,2.927194791,0.9000824999999999
BtAsiaPac,0002,0,4.997,0.9000594166666667,0,12.057357013,0.900065
BtAsiaPac,0003,0,1.679,0.90007575,0,3.996544357,0.900072
BtAsiaPac,0004,0,1.297,0.9000705,0,1.628724964,0.900075
BtEurope,0000,0,0.9550000000000001,0.900016,0,1.807138463,0.8999935
BtEurope,0001,0,0.747,0.9000005,0,1.580321599,0.900071
BtEurope,0002,0,1.254,0.90006,0,3.09435636,0.9000085
BtEurope,0003,0,0.677,0.900031,0,0.752930873,0.9000345
BtEurope,0004,0,0.8400000000000001,1.1317949999999999,0,2.018526301,1.131795
BtLatinAmerica,0000,0,0.517,0.899748,0,1.019054673,0.899748
BtLatinAmerica,0001,0,0.49,0.899738,0,1.196995784,0.899738
BtLatinAmerica,0002,0,0.537,0.899758,0,0.930034158,0.899758
BtLatinAmerica,0003,0,0.515,0.899746,0,1.120240596,0.899746
BtLatinAmerica,0004,0,0.493,0.89975,0,0.93543339,0.89975
BtNorthAmerica,0000,0,38.402,0.9000503194444444,0,130.034579935,0.9000637361111111
BtNorthAmerica,0001,0,47.672,0.9000544166666666,0,60.583040703,0.9000703333333334
BtNorthAmerica,0002,0,41.871,0.9000769999999999,0,61.329661339,0.9058919166666666
BtNorthAmerica,0003,0,584.749,0.9000657083333332,0,1665.847803007,0.9000590708333333
BtNorthAmerica,0004,0,44.753,0.9000305,0,25.351957515,0.9000465
Canerie,0000,0,0.706,0.899991,0,1.026294589,0.900004
Canerie,0001,0,0.491,0.8999429999999999,0,0.59429676,0.899958
Canerie,0002,0,0.7659999999999999,0.899992,0,1.192930761,0.899982
Canerie,0003,0,0.531,0.899979,0,0.928476971,0.899998
Canerie,0004,0,0.74,0.899976,0,1.22323153,0.899995
Carnet,0000,0,0.201,0.899842,0,0.655037383,0.899842
Carnet,0001,0,0.20700000000000002,0.899832,0,0.604775576,0.899832
Carnet,0002,0,0.2,0.899832,0,0.681702043,0.899832
Carnet,0003,0,0.186,0.899839,0,0.657918807,0.899839
Carnet,0004,0,0.20900000000000002,0.899834,0,0.69438313,0.899834
Cernet,0000,0,0.44299999999999995,0.9565899654704821,0,3.694556109,0.9566365640100839
Cernet,0001,0,0.501,1.0418419936719183,0,3.067677591,1.0418408287084282
Cernet,0002,0,0.43500000000000005,1.0376645161290323,0,2.259294791,1.0376085163490976
Cernet,0003,0,0.371,0.9492432,0,2.886690831,0.9492432
Cernet,0004,0,0.372,0.9283629001067106,0,3.058293594,0.9283629001067106
Cesnet1993,0000,0,0.076,0.8981666666666667,0,0.040946464,0.8981666666666667
Cesnet1993,0001,0,0.064,0.8975,0,0.040225684,0.8975
Cesnet1993,0002,0,0.095,0.8975,0,0.041576235,0.8975
Cesnet1993,0003,0,0.057999999999999996,0.8975,0,0.040838197,0.8975
Cesnet1993,0004,0,0.073,0.8985,0,0.040781567,0.8985
Cesnet1997,0000,0,0.086,0.8994705882352941,0,0.052939988,0.8994705882352941
Cesnet1997,0001,0,0.07500000000000001,0.8995,0,0.052018975,0.8995
Cesnet1997,0002,0,0.11000000000000001,0.8994705882352941,0,0.052003342,0.8994705882352941
Cesnet1997,0003,0,0.067,0.8993529411764706,0,0.05416851,0.8993529411764706
Cesnet1997,0004,0,0.077,0.8993823529411765,0,0.052030954,0.8993823529411765
Cesnet1999,0000,0,0.085,0.8998774193548387,0,0.054029929,0.8998774193548387
Cesnet1999,0001,0,0.061,0.8998529411764706,0,0.050535186,0.8998529411764706
Cesnet1999,0002,0,0.084,0.89925,0,0.051719086,0.89925
Cesnet1999,0003,0,0.062,0.8992258064516129,0,0.052810445,0.8992258064516129
Cesnet1999,0004,0,0.062,0.8998529411764706,0,0.053860486,0.8998529411764706
Cesnet2001,0000,0,0.128,1.0581070126807588,0,0.1449233,1.058107012680759
Cesnet2001,0001,0,0.129,1.0581070126807588,0,0.149093724,1.058107012680759
Cesnet2001,0002,0,0.131,1.0581092801387684,0,0.139970079,1.0581092801387684
Cesnet2001,0003,0,0.097,1.0581002103067303,0,0.136539067,1.0581002103067303
Cesnet2001,0004,0,0.098,1.0581070126807588,0,0.13590641,1.058107012680759
Cesnet200304,0000,0,0.29,0.9000075999999999,0,1.621952384,0.900063
Cesnet200304,0001,0,0.279,0.8999583333333332,0,1.088260893,0.8999583333333333
Cesnet200304,0002,0,0.34299999999999997,0.900031,0,1.160893784,0.900038
Cesnet200304,0003,0,0.203,0.9000132,0,1.143218176,0.900056
Cesnet200304,0004,0,0.301,0.8999533333333334,0,1.159981249,0.8999533333333334
Cesnet200511,0000,0,0.44399999999999995,0.900031,0,1.794721064,0.9000446
Cesnet200511,0001,0,0.46799999999999997,0.9000499,0,2.249406301,0.9000224
Cesnet200511,0002,0,0.572,0.9000758,0,3.436309024,0.9000015
Cesnet200511,0003,0,0.589,0.9001692,0,2.85624938,0.9000578
Cesnet200511,0004,0,0.43399999999999994,0.900049,0,2.528308619,0.9000306970646007
Cesnet200603,0000,0,0.488,0.9004058164001932,0,2.2179482,0.9000072
Cesnet200603,0001,0,0.45499999999999996,0.899922,0,2.669997811,0.899922
Cesnet200603,0002,0,0.553,0.9000959999999999,0,2.142719579,0.9000218
Cesnet200603,0003,0,0.46699999999999997,0.9000864,0,2.364737771,0.9000397433508288
Cesnet200603,0004,0,0.588,0.9000038,0,2.260187977,0.8999903
Cesnet200706,0000,0,0.6739999999999999,0.9000332361836486,0,3.599110889,0.8999860207390297
Cesnet200706,0001,0,0.531,0.9000674755591922,0,2.417258983,0.900002
Cesnet200706,0002,0,0.495,0.9001,0,3.069825525,0.9000224
Cesnet200706,0003,0,0.613,0.9001415154827404,0,3.811599451,0.9000258212870341
Cesnet200706,0004,0,0.5710000000000001,0.9000548266179086,0,3.143289032,0.9000144
Cesnet201006,0000,0,1.078,0.8999890359635658,0,3.789451366,0.8999906894725408
Cesnet201006,0001,0,1.2069999999999999,0.8999705929788447,0,4.192436747,0.8999713561368332
Cesnet201006,0002,0,1.251,0.8999982574559263,0,7.415546871,0.900027702634981
Cesnet201006,0003,0,1.585,0.9000254131610157,0,6.251327067,0.8999928941511742
Cesnet201006,0004,0,1.216,0.9000134146215303,0,4.013231009,0.8999566017490563
Chinanet,0000,0,6.438,0.90002725,0,14.574469627,0.900019375
Chinanet,0001,0,14.764,1.00850825,0,1054.851171936,1.0084203333333335
Chinanet,0002,0,14.763,0.899986625,0,36.356944245,0.8999895
Chinanet,0003,0,11.699,0.9000716666666666,0,23.463526918,0.9000615
Chinanet,0004,0,10.841,0.954757875,0,117.041172666,0.95462775
Claranet,0000,0,0.256,0.900054,0,0.407244429,0.900058
Claranet,0001,0,0.14900000000000002,0.8999865,0,0.246487432,0.9000405
Claranet,0002,0,0.216,0.9000285,0,0.220866625,0.9000425
Claranet,0003,0,0.171,0.9000345,0,0.413277981,0.900046
Claranet,0004,0,0.157,0.9000075,0,0.179026006,0.900019
Cogentco,0000,0,489.974,0.898534,1,1818.797310404,1.6349348958333332
Cogentco,0001,0,549.4699999999999,0.8986913090277779,1,1819.75344093,1.701552875
Cogentco,0002,0,518.286,0.8987625034722222,1,1819.173015103,1.73250228125
Cogentco,0003,0,601.7679999999999,0.899141420138889,1,1819.864061932,1.7316863125
Cogentco,0004,0,596.226,0.8991164756944446,1,1819.025666506,1.5546565
Colt,0000,0,109.762,0.8986698333333333,0,279.452730943,0.898647
Colt,0001,0,118.834,0.898636,0,966.381443261,0.8986426666666667
Colt,0002,0,126.258,0.8988258333333331,0,953.661409305,0.898828
Colt,0003,0,106.214,0.8986901666666667,0,623.958258463,0.89866525
Colt,0004,0,111.91799999999999,0.8986265,0,449.691583869,0.8986765
Columbus,0000,0,9.734,0.8997385,0,51.741938384,0.8997413333333334
Columbus,0001,0,8.823,0.899731,0,26.778972747,0.899769
Columbus,0002,0,9.516,0.8997325,0,106.24789893,0.899735
Columbus,0003,0,9.097,0.89974,0,72.267355636,0.899746
Columbus,0004,0,10.081999999999999,0.8997398333333333,0,149.638067273,0.8997755833333334
Compuserve,0000,0,1.564,0.8998944444444444,0,0.360445569,0.8999277777777778
Compuserve,0001,0,0.869,0.8999333333333334,0,25.411780734,0.8999111111111111
Compuserve,0002,0,4.625,0.9000888888888889,1,1803.436820611,0.9000888888888889
Compuserve,0003,0,0.28200000000000003,0.8999111111111111,0,3.767394541,0.8998888888888888
Compuserve,0004,0,1.129,0.8999111111111111,0,1.154194417,0.8998666666666667
CrlNetworkServices,0000,0,0.868,0.8991222222222223,0,2.057077893,0.8991777777777777
CrlNetworkServices,0001,0,0.7999999999999999,0.8986666666666666,0,2.180208297,0.8986777777777778
CrlNetworkServices,0002,0,0.87,0.8986555555555555,0,1.693645002,0.8986444444444445
CrlNetworkServices,0003,0,0.861,0.8986111111111111,0,1.505041563,0.8986666666666666
CrlNetworkServices,0004,0,0.87,0.8986888888888886,0,1.512014015,0.8986888888888889
Cudi,0000,0,0.271,0.8998870833333333,0,1.337977223,0.8998870833333333
Cudi,0001,0,0.28500000000000003,0.8999529166666667,0,1.292870411,0.8999529166666667
Cudi,0002,0,0.279,0.8998883333333333,0,1.240027074,0.8998883333333333
Cudi,0003,0,0.28200000000000003,0.8998845833333333,0,1.741496505,0.8998845833333333
Cudi,0004,0,0.276,0.8998883333333334,0,1.036690314,0.8998883333333333
Cwix,0000,0,0.765,0.8988222222222223,0,2.054518872,0.8988185185185186
Cwix,0001,0,1.2630000000000001,0.8989222222222222,0,2.505215967,0.8989444444444444
Cwix,0002,0,0.705,0.898937037037037,0,1.507684364,0.8989185185185185
Cwix,0003,0,0.721,0.8988444444444444,0,2.013436852,0.8988555555555555
Cwix,0004,0,0.979,0.898959259259259,0,1.353202069,0.8989333333333334
Cynet,0000,0,0.128,0.8994971804511278,0,0.244138567,0.8994971804511278
Cynet,0001,0,0.131,0.8994501879699248,0,0.253548556,0.8994501879699248
Cynet,0002,0,0.156,0.8994736842105263,0,0.241121956,0.8994736842105263
Cynet,0003,0,0.13,0.8995112781954887,0,0.248627226,0.8995112781954887
Cynet,0004,0,0.141,0.8994736842105263,0,0.2424435,0.8994736842105263
Darkstrand,0000,0,0.361,0.899969,0,0.890368343,0.899999
Darkstrand,0001,0,0.583,0.89998,0,0.86146682,0.89999875
Darkstrand,0002,0,0.506,0.899992,0,0.577275458,0.900028
Darkstrand,0003,0,0.372,0.9000035,0,0.862417622,0.89998
Darkstrand,0004,0,0.488,0.9000195,0,0.76871048,0.89999675
Dataxchange,0000,0,0.062,1.0392666666666666,0,0.047445563,1.0392666666666666
Dataxchange,0001,0,0.065,1.0802222222222222,0,0.046551502,1.0802222222222222
Dataxchange,0002,0,0.063,1.2024,0,0.064877741,1.2024
Dataxchange,0003,0,0.083,0.8999333333333334,0,0.041248896,0.8999333333333334
Dataxchange,0004,0,0.078,1.432511111111111,0,0.041847525,1.432511111111111
Deltacom,0000,0,106.78,0.8996467222222222,0,580.57017841,0.8996523736111111
Deltacom,0001,0,138.62800000000001,0.8997136250000002,0,1083.236209261,0.8997158249999999
Deltacom,0002,0,92.3,0.89961,0,597.086538066,0.8996205
Deltacom,0003,0,105.486,0.8996295,0,741.141776167,0.89969475
Deltacom,0004,0,109.301,0.8996682499999998,0,922.728708289,0.8997179166666667
DeutscheTelekom,0000,0,1.4909999999999999,0.9000659999999999,0,1.635612903,0.900032
DeutscheTelekom,0001,0,0.741,0.899957,0,1.022424958,0.899957
DeutscheTelekom,0002,0,0.737,0.899957,0,0.488479939,0.899957
DeutscheTelekom,0003,0,0.706,0.899961,0,1.574958925,0.900009
DeutscheTelekom,0004,0,0.6699999999999999,0.89996,0,1.433975757,0.89996
Dfn,0000,0,5.5169999999999995,0.900028875,0,70.236718512,0.900042125
Dfn,0001,0,30.201,0.9002615,0,1172.989619082,0.90013475
Dfn,0002,0,13.557,0.9063074999999999,0,274.505254261,0.90569
Dfn,0003,0,11.381,0.9000155,0,91.643150384,0.900027
Dfn,0004,0,12.675,0.9094835,0,422.327460743,0.904334625
DialtelecomCz,0000,0,119.33500000000001,0.8995445,0,1311.144251282,0.899297
DialtelecomCz,0001,0,121.203,0.8992731666666667,1,1807.195678241,1.54252475
DialtelecomCz,0002,0,177.95999999999998,0.899241,0,1630.587516663,0.8992525
DialtelecomCz,0003,0,109.45700000000001,0.8992792499999999,0,881.502273652,0.89921575
DialtelecomCz,0004,0,124.022,0.8993009999999999,1,1807.033636567,1.3284085
Digex,0000,0,0.534,0.8988666666666667,0,1.02046281,0.8989555555555555
Digex,0001,0,0.522,0.8988,0,0.686719172,0.8988
Digex,0002,0,0.614,0.8988444444444444,0,1.11176098,0.8989111111111111
Digex,0003,0,0.754,0.8987777777777778,0,0.975813959,0.8988
Digex,0004,0,0.718,0.8988129629629629,0,1.172959276,0.8988277777777778
Easynet,0000,0,0.21200000000000002,0.90006,0,0.337313801,0.900018
Easynet,0001,0,0.21200000000000002,0.900018,0,0.248049683,0.9000065
Easynet,0002,0,0.269,0.9000395,0,0.225816422,0.9000555
Easynet,0003,0,0.24300000000000002,0.89998,0,0.225927378,0.900009
Easynet,0004,0,0.232,0.900071,0,0.321136258,0.90005
Eenet,0000,0,0.067,0.9539915,0,0.110541985,0.9539915
Eenet,0001,0,0.067,0.9539885,0,0.055295678,0.9539885
Eenet,0002,0,0.098,0.953989,0,0.053029568,0.953989
Eenet,0003,0,0.066,0.95399,0,0.052421286,0.95399
Eenet,0004,0,0.091,0.953991,0,0.052904211,0.953991
EliBackbone,0000,0,0.638,0.9000612499999999,0,0.652157001,0.90004725
EliBackbone,0001,0,0.534,0.90005875,0,0.480444152,0.900027
EliBackbone,0002,0,0.666,0.9000703333333332,0,1.132252159,0.9000708333333333
EliBackbone,0003,0,1.145,0.9000644999999999,0,1.776165963,0.9000745
EliBackbone,0004,0,0.682,0.900009,0,0.392430728,0.9000605
Epoch,0000,0,0.092,0.9926666666666667,0,0.040362307,0.9926666666666667
Epoch,0001,0,0.095,0.8999777777777778,0,0.103110159,0.9000333333333334
Epoch,0002,0,0.514,0.9000888888888888,0,0.627664744,0.9000888888888889
Epoch,0003,0,0.186,0.9000555555555556,0,0.110366252,0.9000555555555556
Epoch,0004,0,0.532,0.9001888888888889,0,0.573759679,0.9001888888888889
Ernet,0000,0,0.28700000000000003,0.899951,0,0.438920091,0.8999745
Ernet,0001,0,0.372,0.899946,0,0.996506582,0.899946
Ernet,0002,0,0.437,0.899949,0,0.51755213,0.899949
Ernet,0003,0,0.386,0.899947,0,0.64313918,0.899947
Ernet,0004,0,0.339,0.899949,0,0.724485844,0.899949
Esnet,0000,0,2.722,0.900155120804366,0,33.362629552,0.8999883683159103
Esnet,0001,0,2.578,0.900202526748715,0,37.690333751,0.8999968
Esnet,0002,0,2.592,0.9000998138692922,0,34.576684273,0.9000091603967652
Esnet,0003,0,2.684,0.9003276,0,20.598191892,0.9000409
Esnet,0004,0,2.641,0.9002730416057854,0,39.04199403,0.9000476
Eunetworks,0000,0,0.152,0.90005,0,0.120605534,0.900043
Eunetworks,0001,0,0.135,0.9000385,0,0.11700865,0.9000641666666668
Eunetworks,0002,0,0.127,0.900065,0,0.310522575,0.9000308333333333
Eunetworks,0003,0,0.138,0.9000225,0,0.167305948,0.9000515
Eunetworks,0004,0,0.225,0.9000001666666666,0,0.14080923,0.9000616666666666
Evolink,0000,0,0.548,0.899965,0,1.027372637,0.899939
Evolink,0001,0,0.586,0.89996275,0,1.603315197,0.8999275
Evolink,0002,0,0.6819999999999999,0.90001325,0,1.490232844,0.89995725
Evolink,0003,0,0.579,0.89995425,0,1.267174594,0.8999975
Evolink,0004,0,0.583,0.899998,0,1.638267471,0.89997475
Fatman,0000,0,0.164,0.899978,0,0.082171037,0.899978
Fatman,0001,0,0.143,0.899977,0,0.077034764,0.899977
Fatman,0002,0,0.154,0.899971,0,0.092672358,0.899971
Fatman,0003,0,0.144,0.899973,0,0.076712691,0.899973
Fatman,0004,0,0.147,0.899973,0,0.08722121,0.899973
Fccn,0000,0,0.157,0.900026,0,0.255151932,0.899989
Fccn,0001,0,0.155,0.899969,0,0.174239298,0.899969
Fccn,0002,0,0.17400000000000002,0.900008,0,0.190660493,0.900054
Fccn,0003,0,0.161,0.8999769999999999,0,0.324090793,0.900002
Fccn,0004,0,0.146,0.900029,0,0.322164932,0.89998
Forthnet,0000,0,0.305,0.8999888888888888,0,2.272847837,0.8999888888888888
Forthnet,0001,0,0.318,0.8999883888888889,0,3.053503712,0.8999883888888889
Forthnet,0002,0,0.378,0.8999891111111111,0,3.092748376,0.8999891111111111
Forthnet,0003,0,0.317,0.8999876111111111,0,2.449327988,0.8999876111111111
Forthnet,0004,0,0.385,0.8999896111111111,0,4.031956064,0.8999896111111111
Funet,0000,0,0.46499999999999997,0.8999905,0,0.592420586,0.8999835
Funet,0001,0,0.391,0.899957,0,0.712178199,0.900001
Funet,0002,0,0.328,0.899968,0,0.803885465,0.899978
Funet,0003,0,0.35,0.8999695,0,0.535009059,0.899961
Funet,0004,0,0.391,0.900004,0,0.885975953,0.9000095
Gambia,0000,0,0.157,0.89968,0,0.28692285,0.89968
Gambia,0001,0,0.172,0.89965,0,0.196393298,0.89965
Gambia,0002,0,0.19799999999999998,0.89968,0,0.219304829,0.89968
Gambia,0003,0,0.182,0.899655,0,0.20123608,0.899655
Gambia,0004,0,0.183,0.89966,0,0.229466181,0.89966
Garr199901,0000,0,0.176,0.90006,0,0.429914568,0.900039
Garr199901,0001,0,0.402,0.900046,0,0.514570635,0.90006
Garr199901,0002,0,0.242,0.900081,0,0.979518783,0.900069
Garr199901,0003,0,0.177,0.900024,0,0.34155955,0.900056
Garr199901,0004,0,0.207,0.90006,0,0.55454286,0.90005
Garr199904,0000,0,0.20500000000000002,0.8999806451612903,0,0.685677723,0.8999354838709678
Garr199904,0001,0,0.23800000000000002,0.8999870967741935,0,1.393875061,0.8999225806451613
Garr199904,0002,0,0.184,0.8999612903225807,0,0.896497171,0.8999290322580645
Garr199904,0003,0,0.311,0.8999483870967742,0,0.501016224,0.8999935483870968
Garr199904,0004,0,0.216,0.899974193548387,0,0.519072418,0.8999806451612903
Garr199905,0000,0,0.7270000000000001,0.8999806451612903,0,3.784753053,0.8999741935483871
Garr199905,0001,0,0.192,0.8999483870967742,0,0.563796966,0.8999419354838709
Garr199905,0002,0,0.173,0.8999612903225807,0,0.459599001,0.8999741935483871
Garr199905,0003,0,1.2129999999999999,0.8999290322580644,0,6.871945329,0.8999806451612903
Garr199905,0004,0,0.23199999999999998,0.8999483870967742,0,0.636027059,0.8999612903225807
Garr200109,0000,0,0.181,0.8999548387096773,0,0.391387336,0.8999483870967742
Garr200109,0001,0,0.257,0.8999483870967742,0,0.427747521,0.8999096774193548
Garr200109,0002,0,0.20400000000000001,0.8999999999999999,0,0.717249274,0.8999935483870968
Garr200109,0003,0,0.201,0.8999096774193548,0,0.553021256,0.8999612903225807
Garr200109,0004,0,0.177,0.8999483870967742,0,0.343765387,0.8999483870967742
Garr200112,0000,0,0.222,0.8999483870967742,0,0.523149679,0.8999096774193548
Garr200112,0001,0,0.161,0.8999290322580645,0,0.717353282,0.8999096774193548
Garr200112,0002,0,0.221,0.8999677419354838,0,0.542829125,0.8999548387096774
Garr200112,0003,0,0.183,0.8998838709677419,0,0.576595109,0.899916129032258
Garr200112,0004,0,0.215,0.8999354838709677,0,0.53727291,0.8999483870967742
Garr200212,0000,0,0.176,0.899858064516129,0,0.521072321,0.8998451612903225
Garr200212,0001,0,0.39699999999999996,0.8998430107526878,0,0.715138192,0.8998838709677419
Garr200212,0002,0,0.38,0.8999483870967742,0,1.066522859,0.8999290322580645
Garr200212,0003,0,0.278,0.8998666666666666,0,0.662086553,0.8998559139784945
Garr200212,0004,0,0.251,0.8997935483870966,0,0.569848492,0.8998193548387097
Garr200404,0000,0,0.44,0.8999741935483871,0,0.724543207,0.8999548387096774
Garr200404,0001,0,0.145,0.8999290322580645,0,0.382145703,0.8999096774193548
Garr200404,0002,0,0.20500000000000002,0.8999419354838709,0,0.383993235,0.8999483870967742
Garr200404,0003,0,0.63,0.8999612903225805,0,3.69455098,0.8999612903225807
Garr200404,0004,0,0.211,0.8999806451612903,0,0.378570939,0.9000064516129033
Garr200902,0000,0,1.323,0.90006,0,15.150386269,0.900016
Garr200902,0001,0,0.859,0.899908,0,16.669555444,0.899908
Garr200902,0002,0,1.355,0.9000528,0,16.040326419,0.900054
Garr200902,0003,0,0.8899999999999999,0.899902,0,6.405027998,0.899902
Garr200902,0004,0,1.176,0.9320550666666669,0,24.882551231,0.9312188
Garr200908,0000,0,1.234,0.9000471999999997,0,8.704181555,0.9000376
Garr200908,0001,0,1.667,0.8999767999999999,0,9.454235768,0.9000232
Garr200908,0002,0,1.4389999999999998,0.9465822,0,8.992068979,0.9461292
Garr200908,0003,0,1.537,0.9000444,0,18.243002862,0.90005015
Garr200908,0004,0,0.861,0.984247,0,6.279144782,0.984247
Garr200909,0000,0,1.303,0.9590903999999997,0,8.401209467,0.9585648
Garr200909,0001,0,0.919,0.8999169230769231,0,7.554703066,0.8999169230769231
Garr200909,0002,0,1.514,0.9534028106611054,0,18.653837817,0.9533252
Garr200909,0003,0,1.379,0.9000064,0,10.024080221,0.9000204
Garr200909,0004,0,0.984,0.9001096,0,9.688108279,0.9000216
Garr200912,0000,0,1.161,0.9468836,0,8.171913087,0.9467736
Garr200912,0001,0,1.346,0.965078,0,8.227298984,0.9645333697524968
Garr200912,0002,0,0.891,0.8999138461538461,0,7.402105257,0.8999138461538462
Garr200912,0003,0,0.8999999999999999,0.8999261538461538,0,7.558259718,0.8999261538461538
Garr200912,0004,0,1.4280000000000002,0.9568457895477556,0,11.654167886,0.9563068
Garr201001,0000,0,1.593,0.9726786,0,9.25473416,0.9720178
Garr201001,0001,0,0.9339999999999999,1.0919369999999997,0,10.426450594,1.0920346
Garr201001,0002,0,1.498,0.905651,0,9.531947293,0.905651
Garr201001,0003,0,2.151,0.907024,0,43.291850148,0.9061028
Garr201001,0004,0,0.9510000000000001,1.007009,0,8.878479906,1.007009
Garr201003,0000,0,1.304,0.9000568,0,10.734763576,0.900042
Garr201003,0001,0,0.8600000000000001,1.019401,0,9.15379816,1.0194407333333333
Garr201003,0002,0,1.128,0.8999184615384616,0,10.264751811,0.8999184615384616
Garr201003,0003,0,0.907,0.8999230769230768,0,11.614531878,0.8999230769230769
Garr201003,0004,0,0.885,0.8999169230769231,0,8.376288703,0.8999169230769231
Garr201004,0000,0,1.562,0.9412504,0,25.977508839,0.9402784
Garr201004,0001,0,1.306,0.976953,0,11.541298979,0.9769903333333336
Garr201004,0002,0,0.8160000000000001,1.204614,0,5.505097436,1.204614
Garr201004,0003,0,0.823,0.8999230769230769,0,5.932472797,0.8999230769230769
Garr201004,0004,0,2.09,0.9178244,0,13.030727373,0.916602
Garr201005,0000,0,1.048,0.9001216,0,16.100803962,0.9000492
Garr201005,0001,0,1.373,0.9000284000000001,0,9.28464412,0.9000136
Garr201005,0002,0,1.536,0.9000484,0,15.120519671,0.9000076
Garr201005,0003,0,0.9750000000000001,0.9000879999999999,0,8.92587063,0.9000488
Garr201005,0004,0,1.3339999999999999,0.925088,0,45.675227856,0.9234484
Garr201007,0000,0,0.952,0.8999246153846154,0,9.325269419,0.8999246153846154
Garr201007,0001,0,0.9279999999999999,1.119515,0,9.380613651,1.119515
Garr201007,0002,0,1.258,0.9000584,0,8.198052463,0.9000072
Garr201007,0003,0,1.3599999999999999,0.9000037593725377,0,12.225884487,0.9000037593725377
Garr201007,0004,0,0.96,0.9622414999999994,0,10.798503009,0.9600622166666668
Garr201008,0000,0,1.261,0.8999061538461532,0,13.19338357,0.8999061538461538
Garr201008,0001,0,1.013,0.9000228,0,7.793969991,0.9000316
Garr201008,0002,0,1.484,0.9000396,0,11.395834894,0.9000456
Garr201008,0003,0,1.571,0.90007,0,16.382602389,0.90001
Garr201008,0004,0,0.8620000000000001,1.221674,0,5.801626633,1.221674
Garr201010,0000,0,1.4809999999999999,0.9000738,0,12.05362147,0.9000678
Garr201010,0001,0,1.264,0.9000968,0,10.657817561,0.9000228
Garr201010,0002,0,1.416,0.9000461538461538,0,22.064630789,0.900063076923077
Garr201010,0003,0,1.571,0.900048,0,8.810533585,0.8999724
Garr201010,0004,0,1.436,0.9000695999999999,0,10.989077656,0.9000068
Garr201012,0000,0,1.077,0.9000784,0,10.435653684,0.9000304
Garr201012,0001,0,1.478,0.8999922666666667,0,12.850425408,0.9000144
Garr201012,0002,0,1.5550000000000002,0.9000852,0,8.279247997,0.9000388
Garr201012,0003,0,1.661,0.899992482077063,0,15.627783793,0.9000356405235537
Garr201012,0004,0,1.2950000000000002,0.9000508,0,6.822290339,0.9000056
Garr201101,0000,0,2.024,0.9001388,0,11.15188375,0.9000332
Garr201101,0001,0,1.326,0.9000468,0,8.574632299,0.9000396
Garr201101,0002,0,2.2409999999999997,0.9003942,0,51.543609553,0.9000192
Garr201101,0003,0,1.601,0.9000836,0,11.539655297,0.900052
Garr201101,0004,0,1.592,0.9000448,0,9.127053399,0.9000312
Garr201102,0000,0,1.053,0.89994,0,1.805390629,0.89994
Garr201102,0001,0,1.044,0.89995,0,5.932645164,0.89995
Garr201102,0002,0,0.982,0.899945,0,8.444377496,0.899945
Garr201102,0003,0,0.944,0.89995,0,5.612694112,0.89995
Garr201102,0004,0,1.078,0.899944,0,9.296914647,0.899944
Garr201103,0000,0,1.056,0.899941,0,3.314334375,0.899941
Garr201103,0001,0,1.081,0.899944,0,2.074360254,0.899944
Garr201103,0002,0,1.34,0.899949,0,10.673827342,0.899949
Garr201103,0003,0,1.081,0.899944,0,7.757085702,0.899944
Garr201103,0004,0,1.1500000000000001,0.899947,0,10.09478059,0.899947
Garr201104,0000,0,1.166,0.899941,0,3.439868163,0.899941
Garr201104,0001,0,1.613,0.899944,0,11.28680537,0.899944
Garr201104,0002,0,1.475,0.8999715,0,3.035356422,0.8999715
Garr201104,0003,0,1.256,0.899941,0,3.34943748,0.899941
Garr201104,0004,0,1.059,0.899939,0,12.549527881,0.899939
Garr201105,0000,0,1.6509999999999998,0.8999992,0,9.535200945,0.9000276
Garr201105,0001,0,1.21,0.899947,0,6.984483303,0.899947
Garr201105,0002,0,1.142,0.899943,0,1.974281491,0.899943
Garr201105,0003,0,1.134,0.899944,0,12.953883942,0.8999761333333334
Garr201105,0004,0,1.525,0.9000708,0,10.98351895,0.9000248
Garr201107,0000,0,1.1440000000000001,0.899945,0,14.214207652,0.899945
Garr201107,0001,0,1.121,0.899946,0,8.623619505,0.899946
Garr201107,0002,0,1.683,0.8999884,0,20.897849329,0.9000052
Garr201107,0003,0,1.155,0.899947,0,10.093656779,0.899947
Garr201107,0004,0,1.137,0.899947,0,10.183408023,0.899947
Garr201108,0000,0,1.229,0.899946,0,8.182104021,0.899946
Garr201108,0001,0,1.146,0.900046,0,6.059100303,0.8999884
Garr201108,0002,0,1.041,0.900004,0,4.956839868,0.9
Garr201108,0003,0,1.4540000000000002,0.9000223999999999,0,8.859172221,0.9000012
Garr201108,0004,0,1.491,0.9000236,0,9.791680206,0.9000244
Garr201109,0000,0,1.319,0.899966,0,7.120980019,0.9000136
Garr201109,0001,0,1.5150000000000001,0.89998,0,5.966342118,0.9000452
Garr201109,0002,0,1.221,0.9000116,0,6.180768963,0.9000052
Garr201109,0003,0,1.815,0.9000491999999999,0,9.182452259,0.9000292
Garr201109,0004,0,1.225,0.899982,0,6.87357808,0.8999792
Garr201110,0000,0,1.205,0.899938,0,5.823168632,0.9000032
Garr201110,0001,0,1.413,0.9000008,0,7.568556737,0.9000146
Garr201110,0002,0,1.308,0.8999824,0,4.634844597,0.9000076
Garr201110,0003,0,1.468,0.8999691999999999,0,6.456689236,0.900036
Garr201110,0004,0,1.257,0.9000704,0,5.891027712,0.9000104
Garr201111,0000,0,1.374,0.9000008,0,5.65836025,0.8999652
Garr201111,0001,0,1.4260000000000002,0.8999788,0,8.550532775,0.9000048
Garr201111,0002,0,1.524,0.8999992,0,6.035977074,0.9000082
Garr201111,0003,0,1.495,0.8999764,0,8.618845913,0.9000032
Garr201111,0004,0,1.3559999999999999,0.9000084,0,4.989304741,0.9000512
Garr201112,0000,0,1.162,0.8999876,0,5.752782403,0.900047
Garr201112,0001,0,1.53,0.8999896,0,9.180663597,0.9000424
Garr201112,0002,0,1.182,0.9000334,0,6.99535743,0.9000628
Garr201112,0003,0,1.142,0.899938,0,7.247730678,0.899938
Garr201112,0004,0,1.499,0.90001,0,7.748421621,0.8999672
Garr201201,0000,0,1.564,0.9000404,0,12.916284772,0.9000188
Garr201201,0001,0,1.744,0.91467985,0,10.878011562,0.9129236
Garr201201,0002,0,1.151,0.899939,0,7.488668145,0.899976
Garr201201,0003,0,1.69,0.9000688,0,15.068508912,0.900014
Garr201201,0004,0,1.599,0.9000396,0,14.463926587,0.8999572
Gblnet,0000,0,0.054000000000000006,0.899993,0,0.032949998,0.899993
Gblnet,0001,0,0.05500000000000001,0.899993,0,0.03329874,0.899993
Gblnet,0002,0,0.076,0.899993,0,0.032923898,0.899993
Gblnet,0003,0,0.08,0.899993,0,0.033415414,0.899993
Gblnet,0004,0,0.057999999999999996,0.899992,0,0.032528344,0.899992
Geant2001,0000,0,5.321999999999999,0.9858926874999999,0,40.467534689,0.9851657125
Geant2001,0001,0,0.5760000000000001,0.899990353697749,0,0.981888983,0.899975884244373
Geant2001,0002,0,2.994,0.94542915,0,176.103492218,0.946154425
Geant2001,0003,0,0.7470000000000001,0.9139262,0,2.895062968,0.9138616
Geant2001,0004,0,0.623,0.899975884244373,0,1.789691076,0.900048231511254
Geant2009,0000,0,2.254,0.9003860770833325,0,3.391094275,0.9000567916666667
Geant2009,0001,0,3.1990000000000003,0.9391904249999999,0,20.388733246,0.9381512
Geant2009,0002,0,2.193,0.900253225,0,9.571695938,0.9000766
Geant2009,0003,0,3.107,0.9001336249999998,0,4.234030724,0.900074075
Geant2009,0004,0,2.361,0.9001298666666666,0,3.457758491,0.9000828208333334
Geant2010,0000,0,1.004,0.9000307,0,2.99560514,0.900041
Geant2010,0001,0,1.247,0.9001531603053435,0,2.443287725,0.9000840305343512
Geant2010,0002,0,6.388999999999999,0.900186748091603,0,76.312612596,0.9000591145038168
Geant2010,0003,0,1.2550000000000001,0.9001023511450381,0,2.722400621,0.9000422
Geant2010,0004,0,1.004,0.9000896,0,2.444528294,0.9000558167938931
Geant2012,0000,0,0.968,0.900053665121271,0,3.610951464,0.90002385
Geant2012,0001,0,1.4660000000000002,0.9001067,0,4.22252064,0.9000792
Geant2012,0002,0,1.6700000000000002,0.90006355,0,4.761556178,0.9000500372139569
Geant2012,0003,0,1.497,0.9001251069883821,0,4.703351618,0.9000734790766027
Geant2012,0004,0,0.962,0.9000572930285854,0,3.647199498,0.9000744
Getnet,0000,0,0.156,0.9163555555555547,0,0.258577316,0.9163555555555556
Getnet,0001,0,0.147,0.9123333333333333,0,0.893406252,0.9123333333333333
Getnet,0002,0,0.207,0.9012444444444444,0,0.323800349,0.9012444444444444
Getnet,0003,0,0.179,0.9037,0,0.521627457,0.9037
Getnet,0004,0,0.082,0.9381444444444442,0,0.154161384,0.9381444444444444
Globalcenter,0000,0,0.1,1.3514,0,0.10694788,1.3514
Globalcenter,0001,0,0.10600000000000001,1.6360666666666663,0,0.086249608,1.6360666666666666
Globalcenter,0002,0,0.136,1.1823777777777777,0,0.090609815,1.1823777777777777
Globalcenter,0003,0,0.11299999999999999,1.3111111111111111,0,0.083078758,1.3111111111111111
Globalcenter,0004,0,0.143,1.5756666666666668,0,0.097221612,1.5756666666666668
Globenet,0000,0,8.706,0.899893,0,54.302695566,0.899869
Globenet,0001,0,11.534,0.899809,0,80.440267003,0.899849
Globenet,0002,0,8.548,0.899814,0,83.58889327,0.899869
Globenet,0003,0,7.613,0.899813,0,75.398178658,0.899863
Globenet,0004,0,7.687,0.899827,0,12.460400256,0.899916
Goodnet,0000,0,7.159000000000001,0.899974074074074,0,24.51389584,0.8999555555555555
Goodnet,0001,0,0.724,0.941,0,4.121059069,0.941
Goodnet,0002,0,1.07,1.2745333333333297,0,0.728819229,1.2745333333333333
Goodnet,0003,0,1.869,0.8999648148148147,0,8.111663042,0.8999592592592592
Goodnet,0004,0,1.597,0.8999722222222222,0,14.887851836,0.899975925925926
Grena,0000,0,0.081,0.899971,0,0.075606187,0.899971
Grena,0001,0,0.094,0.899962,0,0.070752646,0.899962
Grena,0002,0,0.094,0.899965,0,0.073298817,0.899965
Grena,0003,0,0.08,0.899964,0,0.072572006,0.899964
Grena,0004,0,0.095,0.899968,0,0.073778334,0.899968
Gridnet,0000,0,4.207,0.8999888888888888,0,8.347669056,0.9000333333333334
Gridnet,0001,0,19.146,0.9000111111111111,0,1.717481574,0.9
Gridnet,0002,0,6.305,0.9000222222222222,0,22.047325431,0.9000111111111111
Gridnet,0003,0,3.919,0.9000333333333334,0,2.229543511,0.9000333333333334
Gridnet,0004,0,1.358,0.8999999999999998,0,0.448042352,0.9000111111111111
Grnet,0000,0,0.286,0.899951,0,1.910116697,0.899951
Grnet,0001,0,0.283,0.899985,0,1.429082568,0.90002
Grnet,0002,0,0.296,0.899947,0,1.860147967,0.899947
Grnet,0003,0,0.292,0.899951,0,0.502666673,0.899951
Grnet,0004,0,0.311,0.89995,0,0.639446083,0.89995
GtsCe,0000,0,421.926,0.8992208333333334,1,1808.675608668,2.34334125
GtsCe,0001,0,215.361,0.8991453333333332,1,1808.296041393,2.30135275
GtsCe,0002,0,307.402,0.8991671666666663,1,1808.281155477,2.3004066666666665
GtsCe,0003,0,311.811,0.8992541666666667,1,1808.303126537,2.276162270833334
GtsCe,0004,0,319.277,0.8992208333333332,1,1808.763970415,2.293318583333333
GtsCzechRepublic,0000,0,0.441,0.8999625,0,0.703525865,0.8999465
GtsCzechRepublic,0001,0,0.47400000000000003,0.8999695,0,1.269398067,0.89996
GtsCzechRepublic,0002,0,0.53,0.8999925,0,1.06642996,0.8999525
GtsCzechRepublic,0003,0,0.444,0.8999965,0,1.570957047,0.899972
GtsCzechRepublic,0004,0,0.5700000000000001,0.899995,0,1.490958373,0.900008
GtsHungary,0000,0,0.28500000000000003,0.900006,0,0.885280076,0.900004
GtsHungary,0001,0,0.325,0.900024,0,0.481047455,0.8999615
GtsHungary,0002,0,0.26,0.89996,0,0.876728549,0.900033
GtsHungary,0003,0,0.278,0.899959,0,0.622907196,0.900033
GtsHungary,0004,0,0.316,0.899988,0,0.424256808,0.900029
GtsPoland,0000,0,0.6859999999999999,0.9000215,0,2.618409944,0.900008
GtsPoland,0001,0,1.4769999999999999,0.9000233333333333,0,3.341962985,0.9000465833333334
GtsPoland,0002,0,1.271,0.9000398333333333,0,1.85427659,0.900047
GtsPoland,0003,0,0.729,0.8999873333333334,0,2.07845989,0.8999688333333333
GtsPoland,0004,0,1.159,0.900006,0,2.689076949,0.8999855
GtsRomania,0000,0,0.20500000000000002,0.9000005,0,0.287008262,0.900017
GtsRomania,0001,0,0.194,0.899985,0,0.339111595,0.9000345
GtsRomania,0002,0,0.181,0.900059,0,0.210486301,0.899991
GtsRomania,0003,0,0.16999999999999998,0.899981,0,0.308656783,0.899981
GtsRomania,0004,0,0.16799999999999998,0.89998,0,0.417631924,0.89998
GtsSlovakia,0000,0,0.40900000000000003,0.8999679999999999,0,0.741336285,0.899991
GtsSlovakia,0001,0,0.437,0.9000143333333332,0,0.838744113,0.899984
GtsSlovakia,0002,0,0.45,0.9000181666666666,0,0.752335928,0.8999975
GtsSlovakia,0003,0,0.5589999999999999,0.8999541666666666,0,0.9167825,0.8999788333333334
GtsSlovakia,0004,0,0.456,0.8999834999999996,0,0.574867706,0.9000055
Harnet,0000,0,0.239,0.8999765,0,0.422905406,0.8999765
Harnet,0001,0,0.21200000000000002,0.8999785,0,0.268683766,0.8999785
Harnet,0002,0,0.375,0.9134950732356852,0,1.586608724,0.9134782068353308
Harnet,0003,0,0.256,0.9000323124722592,0,0.187600766,0.9000433200177541
Harnet,0004,0,0.21500000000000002,0.8999976919662673,0,0.256326544,0.9000071016422547
Heanet,0000,0,0.144,1.083629,0,0.809889179,1.083629
Heanet,0001,0,0.10200000000000001,1.1544574999999995,0,0.047420965,1.1544575
Heanet,0002,0,0.13,1.213517,0,0.062561785,1.213517
Heanet,0003,0,0.19499999999999998,0.9000673333333332,0,0.238051007,0.9000673333333333
Heanet,0004,0,0.9490000000000001,0.90152,0,1.023117184,0.90152
HiberniaCanada,0000,0,0.196,0.899995,0,0.205773093,0.900074
HiberniaCanada,0001,0,0.37000000000000005,0.902285,0,1.668074942,0.902274
HiberniaCanada,0002,0,0.323,0.899992,0,0.199098867,0.900028
HiberniaCanada,0003,0,0.188,0.900004,0,0.104023066,0.90005
HiberniaCanada,0004,0,0.19,0.900075,0,0.171799204,0.900047
HiberniaGlobal,0000,0,4.736000000000001,0.8998165,0,33.118468037,0.8998755
HiberniaGlobal,0001,0,4.082,0.8998115,0,4.54685182,0.899859
HiberniaGlobal,0002,0,6.603,0.899823,0,8.556546414,0.8998935
HiberniaGlobal,0003,0,7.221,0.89985325,0,16.52855287,0.899882
HiberniaGlobal,0004,0,4.914,0.8998105,0,8.661010328,0.89981275
HiberniaIreland,0000,0,0.125,0.903995,0,0.947466424,0.903995
HiberniaIreland,0001,0,0.19199999999999998,0.900041,0,0.213412439,0.900025
HiberniaIreland,0002,0,0.134,0.900001,0,0.162680225,0.90007
HiberniaIreland,0003,0,0.148,0.9,0,0.071792601,0.900013
HiberniaIreland,0004,0,0.153,0.900042,0,0.338797257,0.900077
HiberniaNireland,0000,0,0.31,0.9000491666666666,0,0.244744626,0.8999896666666668
HiberniaNireland,0001,0,0.32499999999999996,0.9000374999999999,0,0.50235608,0.900004
HiberniaNireland,0002,0,0.283,0.9000689999999999,0,0.211046164,0.900025
HiberniaNireland,0003,0,0.33699999999999997,0.900023,0,0.27322872,0.9000168333333334
HiberniaNireland,0004,0,0.32199999999999995,0.9000185,0,0.240073506,0.8999905
HiberniaUk,0000,0,0.106,0.900014,0,0.159742283,0.900006
HiberniaUk,0001,0,0.242,0.900028,0,0.540198891,0.899992
HiberniaUk,0002,0,0.234,0.900021,0,0.345475653,0.900037
HiberniaUk,0003,0,0.189,0.900022,0,0.286795963,0.900026
HiberniaUk,0004,0,0.101,0.900071,0,0.218461072,0.900001
HiberniaUs,0000,0,0.5880000000000001,0.8999579999999999,0,0.406023136,0.899958
HiberniaUs,0001,0,0.429,0.8999579999999999,0,0.446605324,0.899958
HiberniaUs,0002,0,0.7020000000000001,0.9000323611111112,0,0.515149333,0.90005
HiberniaUs,0003,0,0.315,0.899965,0,0.142232067,0.899965
HiberniaUs,0004,0,0.324,0.899955,0,0.136159586,0.899955
Highwinds,0000,0,0.367,0.9000128819444443,0,0.184063196,0.9000472083333332
Highwinds,0001,0,0.46,0.9000260624999997,0,0.414801894,0.9000497939814815
Highwinds,0002,0,0.438,0.9000040333333331,0,0.305399094,0.8999916833333333
Highwinds,0003,0,0.359,0.9000787083333334,0,0.300581332,0.9000417939814813
Highwinds,0004,0,0.416,0.9000498833333334,0,0.256367386,0.9000551833333332
HostwayInternational,0000,0,0.219,0.8999945,0,0.127600663,0.89999825
HostwayInternational,0001,0,0.17300000000000001,0.899976,0,0.076336467,0.899976
HostwayInternational,0002,0,0.23600000000000002,0.899974,0,0.069564709,0.899974
HostwayInternational,0003,0,0.179,0.9000421666666666,0,0.134421485,0.9000556666666666
HostwayInternational,0004,0,0.165,0.899976,0,0.183912971,0.899976
HurricaneElectric,0000,0,0.471,0.9000074999999998,0,0.734307657,0.9000706666666666
HurricaneElectric,0001,0,0.5640000000000001,0.9000115,0,0.514047417,0.9000225
HurricaneElectric,0002,0,0.488,0.900057,0,0.469680788,0.900002
HurricaneElectric,0003,0,0.569,0.9000171666666666,0,0.931164108,0.9000483333333332
HurricaneElectric,0004,0,0.502,0.9000669444444445,0,0.697116132,0.90005975
Ibm,0000,0,2.4779999999999998,0.8998666666666667,0,2.465239804,0.8998555555555555
Ibm,0001,0,0.33299999999999996,0.8998666666666666,0,2.769353948,0.8998222222222222
Ibm,0002,0,0.749,0.8998222222222222,0,1.885462886,0.8997666666666667
Ibm,0003,0,0.5790000000000001,0.8998166666666667,0,1.537897346,0.8998555555555555
Ibm,0004,0,0.7150000000000001,0.8998111111111111,0,1.910922556,0.8998444444444444
Iij,0000,0,1.521,0.9000131196282363,0,1.633092534,0.9000842603309329
Iij,0001,0,1.173,1.0440097133809156,0,2.098000383,1.0440097133809156
Iij,0002,0,1.1589999999999998,1.026588119695216,0,1.345642651,1.026588119695216
Iij,0003,0,1.545,0.9000583727173352,0,1.713176365,0.9000607002582734
Iij,0004,0,1.395,0.9000857087646816,0,1.596143221,0.9000307436342593
Iinet,0000,0,0.905,0.9000462499999999,0,8.446553881,0.900045
Iinet,0001,0,0.519,0.900098,0,1.620214758,0.900026
Iinet,0002,0,0.621,0.899985,0,4.611909381,0.900053
Iinet,0003,0,0.395,0.9000795,0,1.333021491,0.9000155
Iinet,0004,0,0.706,0.90008725,0,5.175541454,0.9000135
Ilan,0000,0,0.29500000000000004,0.9000468333333332,0,0.524531187,0.9018746666666667
Ilan,0001,0,0.41900000000000004,0.9000236666666667,0,0.440175067,0.9000513333333332
Ilan,0002,0,0.41800000000000004,0.9000771666666666,0,0.599057309,0.900023
Ilan,0003,0,0.28400000000000003,0.9000513333333332,0,0.425763039,0.9000776666666668
Ilan,0004,0,0.28600000000000003,0.9000664999999999,0,0.148386461,0.900067
Integra,0000,0,0.535,0.899967,0,0.530193273,0.8999985
Integra,0001,0,0.522,0.89997,0,0.872886277,0.90003925
Integra,0002,0,0.712,0.89997,0,0.791880131,0.90004175
Integra,0003,0,0.5619999999999999,0.9000433333333334,0,0.734936736,0.900022
Integra,0004,0,0.817,0.90002125,0,1.251671802,0.9000255
Intellifiber,0000,0,10.209,0.8997355,0,23.057560531,0.8998135
Intellifiber,0001,0,9.151,0.8997485,0,52.096511748,0.89978
Intellifiber,0002,0,11.373000000000001,0.8997709166666666,0,59.544079222,0.899787125
Intellifiber,0003,0,11.158999999999999,0.8997385,0,69.567021751,0.8997385
Intellifiber,0004,0,10.893,0.8997465,0,113.633495451,0.8997880625
Internetmci,0000,0,0.435,0.8999407407407406,0,1.067390426,0.8999296296296295
Internetmci,0001,0,0.519,0.8999370370370369,0,0.707415239,0.8999407407407408
Internetmci,0002,0,2.689,0.9,0,10.055897903,0.9000118279569893
Internetmci,0003,0,0.408,0.9653333333333332,0,0.487331653,0.9653021505376345
Internetmci,0004,0,0.316,0.8999259259259259,0,0.532000719,0.8999555555555555
Internode,0000,0,0.952,1.2119702372950563,0,37.800495928,1.2119702372950565
Internode,0001,0,1.051,1.1323541666666666,0,16.119731838,1.1322691666666667
Internode,0002,0,0.7739999999999999,1.3384756188648905,0,11.010133498,1.3384756188648905
Internode,0003,0,1.0110000000000001,1.132279111111111,0,21.188358867,1.132268
Internode,0004,0,0.955,1.133140625,0,55.521416927,1.1330091666666666
Interoute,0000,0,98.118,0.8997581666666663,0,1327.772507593,0.8997494166666665
Interoute,0001,0,106.534,0.8996878333333332,0,681.761177141,0.8997446666666666
Interoute,0002,0,137.54199999999997,0.8998212916666667,0,663.011288879,0.8997510208333332
Interoute,0003,0,123.261,0.8997740833333334,1,1803.589540334,1.891033791666667
Interoute,0004,0,127.883,0.8997684999999999,1,1803.462243562,1.9351997499999998
Intranetwork,0000,0,1.074,0.899881,0,0.8741269,0.899881
Intranetwork,0001,0,1.0710000000000002,0.89987,0,0.657588012,0.89987
Intranetwork,0002,0,0.984,0.899877,0,0.58182613,0.899877
Intranetwork,0003,0,1.0510000000000002,0.899882,0,0.941172105,0.899882
Intranetwork,0004,0,1.057,0.899883,0,0.61008782,0.899883
Ion,0000,0,102.864,0.8994895,1,1805.730676209,0.900074
Ion,0001,0,90.459,0.899416,0,1395.634455976,0.8994356666666666
Ion,0002,0,94.482,0.89941075,0,1500.8002892,0.8994785
Ion,0003,0,91.075,0.8994878333333333,0,1181.923835551,0.89951775
Ion,0004,0,107.198,0.8994616666666664,0,246.34069711,0.8994503333333332
IowaStatewideFiberMap,0000,0,1.1560000000000001,0.899978,0,2.313063739,0.900046
IowaStatewideFiberMap,0001,0,0.87,0.9000135,0,1.126363314,0.9000425
IowaStatewideFiberMap,0002,0,0.843,0.8999915,0,1.482728568,0.900025
IowaStatewideFiberMap,0003,0,0.851,0.9000395,0,1.783998919,0.900032
IowaStatewideFiberMap,0004,0,1.3470000000000002,0.8999955,0,2.944407977,0.9000215
Iris,0000,0,2.654,0.89988275,0,8.196363803,0.899902
Iris,0001,0,2.243,0.8998575,0,8.649449347,0.8999415
Iris,0002,0,2.248,0.899849,0,19.189452659,0.8998675
Iris,0003,0,2.713,0.8998505,0,6.926971065,0.8999
Iris,0004,0,2.15,0.899853,0,5.981466712,0.89990775
Istar,0000,0,0.162,0.899945,0,0.137011382,0.899945
Istar,0001,0,0.125,0.899945,0,0.135239179,0.899945
Istar,0002,0,0.155,0.899944,0,0.136691204,0.899944
Istar,0003,0,0.132,0.899948,0,0.136326529,0.899948
Istar,0004,0,0.11599999999999999,0.899949,0,0.12670355,0.899949
Itnet,0000,0,0.067,0.899995,0,0.04426193,0.899995
Itnet,0001,0,0.059,0.899994,0,0.042611193,0.899994
Itnet,0002,0,0.083,0.899995,0,0.043035437,0.899995
Itnet,0003,0,0.059,0.899994,0,0.043671099,0.899994
Itnet,0004,0,0.07,0.899995,0,0.044406137,0.899995
Janetbackbone,0000,0,0.751,0.900008,0,1.083560425,0.900051
Janetbackbone,0001,0,0.764,0.900023,0,1.127804201,0.900039
Janetbackbone,0002,0,1.133,0.900048,0,0.959469904,0.9000625
Janetbackbone,0003,0,1.067,0.9000639999999999,0,1.672032441,0.9000165
Janetbackbone,0004,0,2.063,0.9000365,0,1.374226862,0.900026
JanetExternal,0000,0,0.062,0.8999952,0,0.039094015,0.8999952
JanetExternal,0001,0,0.06,0.8999956,0,0.048972857,0.8999956
JanetExternal,0002,0,0.08,0.8999948,0,0.038696811,0.8999948
JanetExternal,0003,0,0.08299999999999999,0.8999944,0,0.055609698,0.8999944
JanetExternal,0004,0,0.06,0.8999952,0,0.038008975,0.8999952
Janetlense,0000,0,0.394,0.900074,0,0.579457706,0.9000011666666667
Janetlense,0001,0,0.361,0.9000206666666666,0,0.543657341,0.9000523333333332
Janetlense,0002,0,0.46,0.900025,0,0.443397243,0.900021
Janetlense,0003,0,0.33899999999999997,0.8999923333333332,0,0.301829083,0.9000691666666666
Janetlense,0004,0,0.424,0.9000015,0,0.490565934,0.9000265
Jgn2Plus,0000,0,0.096,0.899963,0,0.086692299,0.899963
Jgn2Plus,0001,0,0.098,0.899966,0,0.081763382,0.899966
Jgn2Plus,0002,0,0.12,0.899964,0,0.08381457,0.899964
Jgn2Plus,0003,0,0.097,0.899959,0,0.081707686,0.899959
Jgn2Plus,0004,0,0.097,0.899959,0,0.083213495,0.899959
Karen,0000,0,0.23099999999999998,0.9899956000000001,0,0.510685915,0.9899956
Karen,0001,0,0.277,0.9899956,0,0.55642488,0.9899956
Karen,0002,0,0.269,0.9899958,0,0.547949076,0.9899958
Karen,0003,0,0.241,0.9899967,0,0.275644092,0.9899967
Karen,0004,0,0.23399999999999999,0.9899964,0,0.187778779,0.9899964
KentmanApr2007,0000,0,0.157,0.89968,0,0.143396611,0.89968
KentmanApr2007,0001,0,0.21000000000000002,0.89969,0,0.166801615,0.89969
KentmanApr2007,0002,0,0.157,0.89972,0,0.123998577,0.89972
KentmanApr2007,0003,0,0.166,0.89971,0,0.154426655,0.89971
KentmanApr2007,0004,0,0.156,0.89972,0,0.132169574,0.89972
KentmanAug2005,0000,0,0.16899999999999998,0.8996516129032258,0,0.690088347,0.8996516129032258
KentmanAug2005,0001,0,0.174,0.8996580645161291,0,0.30726449,0.8996580645161291
KentmanAug2005,0002,0,0.174,0.8996258064516129,0,0.624700081,0.8996258064516129
KentmanAug2005,0003,0,0.185,0.8996516129032258,0,0.591979771,0.8996516129032258
KentmanAug2005,0004,0,0.22000000000000003,0.8998451612903225,0,0.750554869,0.8998387096774193
KentmanFeb2008,0000,0,0.183,0.8997,0,0.231042926,0.8997
KentmanFeb2008,0001,0,0.253,0.9928224153211498,0,0.195954769,0.9928224153211498
KentmanFeb2008,0002,0,0.186,0.89968,0,0.216466756,0.89968
KentmanFeb2008,0003,0,0.202,0.89969,0,0.27541343,0.89969
KentmanFeb2008,0004,0,0.21900000000000003,0.89966,0,0.209117909,0.89966
KentmanJan2011,0000,0,0.18,0.899932,0,0.57648807,0.899932
KentmanJan2011,0001,0,0.20400000000000001,0.899914,0,0.51015521,0.899914
KentmanJan2011,0002,0,0.173,0.899913,0,0.457852106,0.899913
KentmanJan2011,0003,0,0.193,0.89992,0,0.544192148,0.89992
KentmanJan2011,0004,0,0.179,0.899933,0,0.539638061,0.899933
KentmanJul2005,0000,0,0.14500000000000002,0.8995294117647059,0,0.076300112,0.8995294117647059
KentmanJul2005,0001,0,0.108,0.8995294117647059,0,0.158420884,0.8995294117647059
KentmanJul2005,0002,0,0.127,0.8996470588235294,0,0.192048209,0.8996470588235295
KentmanJul2005,0003,0,0.126,0.8999193548387097,0,0.300495687,0.899916129032258
KentmanJul2005,0004,0,0.207,0.8999677419354838,0,0.158070035,0.8999032258064517
Kreonet,0000,0,0.066,0.8999992,0,0.049251616,0.8999992
Kreonet,0001,0,0.065,0.89999925,0,0.051733837,0.89999925
Kreonet,0002,0,0.079,0.89999925,0,0.051352195,0.89999925
Kreonet,0003,0,0.066,0.89999925,0,0.050240727,0.89999925
Kreonet,0004,0,0.065,0.89999925,0,0.049134131,0.89999925
LambdaNet,0000,0,1.1400000000000001,0.8999395,0,3.036609826,0.899982
LambdaNet,0001,0,1.12,0.899919,0,5.147870644,0.8999545
LambdaNet,0002,0,1.4620000000000002,0.899968,0,11.644244719,0.899945
LambdaNet,0003,0,0.878,0.8999695,0,3.309129576,0.899961
LambdaNet,0004,0,0.896,0.899938,0,3.285984931,0.8999325
Latnet,0000,0,0.556,0.89704,0,2.933369886,0.89704
Latnet,0001,0,0.597,0.89693,0,3.321334403,0.89693
Latnet,0002,0,0.5599999999999999,0.89705,0,2.656098116,0.89705
Latnet,0003,0,0.6869999999999999,0.8970899999999999,0,2.95619289,0.89709
Latnet,0004,0,0.59,0.89701,0,4.441679521,0.89701
Layer42,0000,0,0.18,0.9000825,0,0.077207834,0.9000825
Layer42,0001,0,0.16599999999999998,0.9000665,0,0.102628146,0.9000055
Layer42,0002,0,0.082,0.9000495,0,0.072120382,0.9000495
Layer42,0003,0,0.097,0.9745189999999999,0,0.058820549,0.974519
Layer42,0004,0,0.128,0.900035,0,0.180214245,0.900035
Litnet,0000,0,0.254,0.89992,0,2.25411075,0.899952
Litnet,0001,0,0.265,0.899932,0,2.54596875,0.899929
Litnet,0002,0,0.33199999999999996,0.899885,0,2.059791204,0.899955
Litnet,0003,0,0.263,0.899924,0,2.523192285,0.899958
Litnet,0004,0,0.3,0.899901,0,2.491194632,0.899903
Marnet,0000,0,0.086,2.357032258064516,0,0.098801413,2.357032258064516
Marnet,0001,0,0.108,2.932135483870968,0,0.087244589,2.932135483870968
Marnet,0002,0,0.09,2.4704516129032257,0,0.093281184,2.4704516129032257
Marnet,0003,0,0.089,2.932141935483871,0,0.088703243,2.932141935483871
Marnet,0004,0,0.107,2.9321225806451614,0,0.090098624,2.9321225806451614
Marwan,0000,0,0.16,0.8997677212655186,0,0.21730368,0.8998317981577894
Marwan,0001,0,0.17400000000000002,0.8998077693231877,0,0.412844596,0.8998478173808571
Marwan,0002,0,0.29100000000000004,0.8998885329061541,0,0.532730241,0.8999586170070751
Marwan,0003,0,0.15000000000000002,0.8997997597116538,0,0.314754383,0.8998264584167669
Marwan,0004,0,0.159,0.8997757308770524,0,0.342209765,0.8997757308770524
Missouri,0000,0,9.885,0.899751,0,44.211397683,0.8997885
Missouri,0001,0,9.803,0.8998225,0,32.42343803,0.89983575
Missouri,0002,0,9.645,0.8997495,0,31.704710527,0.89976775
Missouri,0003,0,9.790000000000001,0.8997545,0,140.349121946,0.8998355
Missouri,0004,0,9.667,0.8997555,0,33.906823456,0.932303
Mren,0000,0,0.055,0.899997,0,0.029330363,0.899997
Mren,0001,0,0.053,0.899997,0,0.030409702,0.899997
Mren,0002,0,0.052000000000000005,0.899996,0,0.029992142,0.899996
Mren,0003,0,0.077,0.899998,0,0.030607638,0.899998
Mren,0004,0,0.059000000000000004,0.899997,0,0.029559883,0.899997
Myren,0000,0,0.373,0.9000024115755627,0,4.928436821,0.899966
Myren,0001,0,0.401,0.900023311897106,0,15.140637036,0.9000096463022508
Myren,0002,0,0.432,0.8998225806451613,0,2.531924108,0.8997548387096774
Myren,0003,0,0.279,0.89956,0,0.439298065,0.89956
Myren,0004,0,0.363,0.89964,0,2.054654528,0.89964
Napnet,0000,0,0.061,1.0766444444444445,0,0.040112821,1.0766444444444445
Napnet,0001,0,0.061,0.9241110554639059,0,0.056491089,0.9241111111111111
Napnet,0002,0,0.063,0.8999555555555555,0,0.047787657,0.8999555555555555
Napnet,0003,0,0.063,1.0675555555555556,0,0.054124159,1.0675555555555556
Napnet,0004,0,0.062,0.8999555555555555,0,0.04091022,0.8999555555555555
Navigata,0000,0,0.146,0.9000630000000001,0,0.135876263,0.900055
Navigata,0001,0,0.148,0.9000025,0,0.202334694,0.9000295
Navigata,0002,0,0.14100000000000001,0.899998,0,0.175901516,0.900059
Navigata,0003,0,0.155,0.9000065,0,0.170565815,0.900064
Navigata,0004,0,0.214,0.900065,0,0.23364936,0.900043
Netrail,0000,0,0.19599999999999998,0.9185555555555556,0,0.529307365,0.9185555555555556
Netrail,0001,0,0.213,0.9042222222222223,0,0.214363754,0.9042222222222223
Netrail,0002,0,1.0619999999999998,0.9004888888888889,0,5.469128809,0.9004888888888889
Netrail,0003,0,0.29100000000000004,0.9396444444444437,0,0.348620231,0.9396444444444444
Netrail,0004,0,0.073,0.9616888888888889,0,0.058706452,0.9616888888888889
NetworkUsa,0000,0,0.6829999999999999,0.899927,0,2.177465986,0.8999365
NetworkUsa,0001,0,0.48100000000000004,0.900012,0,1.356053927,0.899991
NetworkUsa,0002,0,0.464,0.899992,0,1.42995987,0.8999565
NetworkUsa,0003,0,0.695,0.899942,0,2.515703569,0.8999835
NetworkUsa,0004,0,0.704,0.89999,0,2.176043751,0.899995
Nextgen,0000,0,0.142,0.899974,0,0.080873984,0.899974
Nextgen,0001,0,0.147,0.899972,0,0.078078985,0.899972
Nextgen,0002,0,0.17500000000000002,0.899971,0,0.115328353,0.899971
Nextgen,0003,0,0.164,0.899968,0,0.077227164,0.899968
Nextgen,0004,0,0.137,0.899971,0,0.11111226,0.899971
Niif,0000,0,0.194,0.90004,0,1.677151699,0.89997
Niif,0001,0,0.242,0.899956,0,1.194654092,0.899956
Niif,0002,0,0.20600000000000002,0.900004,0,1.562255539,0.900008
Niif,0003,0,0.194,0.899982,0,1.68756304,0.900041
Niif,0004,0,0.263,0.899974,0,1.733593264,0.899958
Noel,0000,0,0.286,0.9000379999999999,0,0.358585175,0.90003
Noel,0001,0,0.327,0.899991,0,0.399777654,0.899988
Noel,0002,0,0.359,0.900021,0,0.274296744,0.900029
Noel,0003,0,0.551,0.9000305,0,0.652791177,0.899993
Noel,0004,0,0.34299999999999997,0.900043,0,0.489722132,0.900044
Nordu1989,0000,0,0.051000000000000004,0.89921875,0,0.032447451,0.89921875
Nordu1989,0001,0,0.051000000000000004,0.89921875,0,0.032050763,0.89921875
Nordu1989,0002,0,0.053000000000000005,0.899375,0,0.031551853,0.899375
Nordu1989,0003,0,0.051000000000000004,0.89921875,0,0.031655333,0.89921875
Nordu1989,0004,0,0.064,0.89921875,0,0.030838922,0.89921875
Nordu1997,0000,0,0.069,0.899978,0,0.056397588,0.899978
Nordu1997,0001,0,0.068,0.899979,0,0.054360379,0.899979
Nordu1997,0002,0,0.096,0.899978,0,0.051276117,0.899978
Nordu1997,0003,0,0.086,0.899981,0,0.051091185,0.899981
Nordu1997,0004,0,0.069,0.899979,0,0.051624925,0.899979
Nordu2005,0000,0,0.072,0.9218342,0,0.060717781,0.9218342
Nordu2005,0001,0,0.056999999999999995,1.3499996,0,0.036953641,1.3499996
Nordu2005,0002,0,0.062,1.3499997,0,0.036714466,1.3499997
Nordu2005,0003,0,0.057999999999999996,1.0587268,0,0.036459361,1.0587268
Nordu2005,0004,0,0.093,0.9489916,0,0.077283888,0.9489916
Nordu2010,0000,0,0.079,0.89998,0,0.058448052,0.89998
Nordu2010,0001,0,0.081,0.899982,0,0.112265786,0.899982
Nordu2010,0002,0,0.085,0.899981,0,0.12234664,0.899981
Nordu2010,0003,0,0.08700000000000001,0.899979,0,0.055498254,0.899979
Nordu2010,0004,0,0.099,0.899985,0,0.077818204,0.899985
Nsfcnet,0000,0,0.093,0.900011,0,0.13623585,0.900054
Nsfcnet,0001,0,0.267,0.900015,0,0.216213207,0.900027
Nsfcnet,0002,0,0.072,0.899998,0,0.05834542,0.899998
Nsfcnet,0003,0,0.13999999999999999,0.900038,0,0.147440309,0.900085
Nsfcnet,0004,0,0.22799999999999998,0.900045,0,0.18323027,0.900048
Nsfnet,0000,0,0.207,0.8957253886010362,0,0.430885779,0.8960492227979274
Nsfnet,0001,1,-,-,1,1801.63793573,0.8960492227979274
Nsfnet,0002,0,0.851,0.8976683937823834,1,1804.616150212,0.8976683937823834
Nsfnet,0003,1,-,-,1,1800.716267861,0.9242227979274611
Nsfnet,0004,0,0.223,0.8979922279792746,0,0.382048075,0.8979922279792746
Ntelos,0000,0,2.415,0.899852,0,14.613519499,0.899852
Ntelos,0001,0,2.399,0.899861,0,2.917335928,0.899861
Ntelos,0002,0,2.352,0.899862,0,9.003248401,0.899862
Ntelos,0003,0,3.881,0.899861,0,14.162053666,0.899861
Ntelos,0004,0,2.512,0.899861,0,11.099390979,0.899861
Ntt,0000,0,2.499,0.9569763174025235,0,9.471008261,0.9563327030553413
Ntt,0001,0,1.964,1.0189340599279835,0,4.259132537,1.0189340599279835
Ntt,0002,0,1.794,1.1290372620884772,0,3.606098997,1.1290372620884774
Ntt,0003,0,1.813,0.9605363744193448,0,3.182846116,0.9600569816941958
Ntt,0004,0,1.5270000000000001,1.1559373392489711,0,4.991717117,1.1559373392489716
Oteglobe,0000,0,25.193,0.9016691666666665,0,234.253215018,0.9015285
Oteglobe,0001,0,35.448,0.9010683333333332,0,260.42451304,0.900902
Oteglobe,0002,0,21.196,0.8997473333333332,0,331.424001844,0.8997911666666666
Oteglobe,0003,0,20.162000000000003,0.8997891666666668,0,242.837397716,0.8998158333333334
Oteglobe,0004,0,20.094,0.8997195,0,108.024390329,0.8997448333333332
Oxford,0000,0,0.231,0.899983,0,0.272206422,0.900046
Oxford,0001,0,0.222,0.9,0,0.238498851,0.900011
Oxford,0002,0,0.191,0.900011,0,0.249558536,0.900065
Oxford,0003,0,0.225,0.900048,0,0.265281222,0.90005
Oxford,0004,0,0.232,0.900029,0,0.321705327,0.90003
Pacificwave,0000,0,0.118,0.900071,0,0.257805515,0.90003865
Pacificwave,0001,0,0.171,0.90000415,0,0.382960652,0.9000151
Pacificwave,0002,0,0.123,0.900021,0,0.197887893,0.90003085
Pacificwave,0003,0,0.23600000000000002,0.9000623,0,0.621357767,0.90000745
Pacificwave,0004,0,0.159,0.90002305,0,0.25007808,0.90000885
Packetexchange,0000,0,0.22599999999999998,0.899956,0,0.171643719,0.899956
Packetexchange,0001,0,0.22599999999999998,0.899955,0,0.110536131,0.899955
Packetexchange,0002,0,0.22899999999999998,0.899951,0,0.112986979,0.899951
Packetexchange,0003,0,0.262,0.899955,0,0.126830842,0.899955
Packetexchange,0004,0,0.22799999999999998,0.899952,0,0.111170325,0.899952
Padi,0000,0,0.052000000000000005,0.89997,0,0.032186603,0.89997
Padi,0001,0,0.064,0.8994,0,0.032373076,0.8994
Padi,0002,0,0.052000000000000005,0.8994,0,0.032674955,0.8994
Padi,0003,0,0.052000000000000005,0.8994,0,0.032778311,0.8994
Padi,0004,0,0.05,0.8994,0,0.032599368,0.8994
Palmetto,0000,0,2.7960000000000003,0.8999125,0,12.479289613,0.899967
Palmetto,0001,0,2.677,0.899906,0,18.709370307,0.8999675
Palmetto,0002,0,2.219,0.899911,0,8.855619604,0.8999385
Palmetto,0003,0,2.673,0.8999355,0,13.29215914,0.899966
Palmetto,0004,0,2.914,0.8999726666666668,0,12.784780249,0.899977
Peer1,0000,0,0.222,0.899983,0,0.303501445,0.899983
Peer1,0001,0,0.193,0.8999849999999999,0,0.207630357,0.899985
Peer1,0002,0,0.20400000000000001,0.900045125,0,0.338548956,0.9000105
Peer1,0003,0,1.762,0.900033,0,1.140551896,0.900063
Peer1,0004,0,0.793,0.9000595,0,3.327649162,0.900069
Pern,0000,0,4.181,0.898501,0,17.611084587,0.898501
Pern,0001,0,3.993,0.898509,0,20.947150283,0.898509
Pern,0002,0,4.156000000000001,0.898502,0,20.08847981,0.898502
Pern,0003,0,4.143000000000001,0.898533,0,28.392354343,0.898533
Pern,0004,0,4.127000000000001,0.898505,0,22.663171712,0.898505
PionierL1,0000,0,0.989,0.9000175,0,2.11672461,0.899953
PionierL1,0001,0,0.76,0.8999965,0,1.680898385,0.9000175
PionierL1,0002,0,0.7959999999999999,0.89995625,0,1.839195372,0.899967
PionierL1,0003,0,1.214,0.8999655,0,3.192612518,0.8999595
PionierL1,0004,0,0.854,0.8999665,0,3.728531261,0.899941
PionierL3,0000,0,1.2650000000000001,0.9007213458333332,0,2.889908834,0.900074275
PionierL3,0001,0,1.4760000000000002,0.900094425,0,3.253438766,0.900044975
PionierL3,0002,0,1.365,0.9006977624999999,0,2.052163954,0.90002115
PionierL3,0003,0,2.3089999999999997,0.902744775,0,6.882781761,0.900074875
PionierL3,0004,0,1.372,0.90235075,0,3.120163066,0.9000512
Psinet,0000,0,0.247,0.8992777777777777,0,0.535188989,0.8992
Psinet,0001,0,0.31,0.8993333333333333,0,0.445026424,0.8993222222222222
Psinet,0002,0,0.304,0.8992111111111111,0,0.549738533,0.8992666666666667
Psinet,0003,0,0.28300000000000003,0.8992333333333333,0,0.625989242,0.8992666666666667
Psinet,0004,0,0.376,0.8992444444444444,0,0.640656929,0.8992888888888889
Quest,0000,0,0.433,0.8999935,0,0.505542549,0.9000365
Quest,0001,0,8.534,0.9000315,0,7.235682227,0.900068
Quest,0002,0,299.156,0.9080485,1,1807.185706007,0.90810575
Quest,0003,0,0.355,0.8999865,0,1.52480869,0.899998
Quest,0004,0,15.045,0.9000715,0,37.709133595,0.9000655
RedBestel,0000,0,20.101,0.899536,0,193.228883056,0.8996212777777778
RedBestel,0001,0,24.186,0.89965,0,516.018414668,0.8996575
RedBestel,0002,0,22.971,0.8995319999999999,0,274.068124892,0.899532
RedBestel,0003,0,22.722,0.899529,0,85.952791483,0.899529
RedBestel,0004,0,20.555,0.899538,0,124.011075691,0.899538
Rediris,0000,0,0.272,0.9046316,0,0.825835005,0.9045888
Rediris,0001,0,0.408,0.9093683,0,0.658335769,0.9093675
Rediris,0002,0,0.39999999999999997,0.9086676,0,1.137697972,0.90867
Rediris,0003,0,0.378,0.933626,0,0.647905228,0.9336556
Rediris,0004,0,0.295,0.9751784,0,0.618052937,0.9751784
Renam,0000,0,0.044,0.89975,0,0.027518346,0.89975
Renam,0001,0,0.045,0.899875,0,0.028409211,0.899875
Renam,0002,0,0.049,0.89875,0,0.028175456,0.89875
Renam,0003,0,0.063,0.899899033607385,0,0.028550488,0.899899033607385
Renam,0004,0,0.06,0.89875,0,0.028379363,0.89875
Renater1999,0000,0,0.14100000000000001,0.8996387096774193,0,0.150319275,0.8996387096774193
Renater1999,0001,0,0.111,0.8996645161290323,0,0.15027965,0.8996645161290323
Renater1999,0002,0,0.116,0.8996580645161291,0,0.155598005,0.8996580645161291
Renater1999,0003,0,0.138,0.8996451612903226,0,0.143029547,0.8996451612903226
Renater1999,0004,0,0.132,0.8996580645161291,0,0.145950652,0.8996580645161291
Renater2001,0000,0,0.155,0.9568838709677419,0,0.895186881,0.9568903225806452
Renater2001,0001,0,0.18100000000000002,1.1750387096774193,0,0.684680254,1.1750129032258065
Renater2001,0002,0,0.165,0.9475032258064516,0,1.247771933,0.9475354838709678
Renater2001,0003,0,0.138,0.8998322580645162,0,0.143434772,0.8998322580645162
Renater2001,0004,0,0.152,0.8998774193548387,0,1.325074108,0.8998774193548387
Renater2004,0000,0,0.7669999999999999,0.951283,0,2.099979624,0.9512172
Renater2004,0001,0,1.5999999999999999,0.9269028,0,7.118958187,0.9267974
Renater2004,0002,0,1.1949999999999998,0.9076826,0,4.184648298,0.9076514
Renater2004,0003,0,3.48,0.9038088,1,1801.388059219,0.9032332
Renater2004,0004,0,0.5529999999999999,0.9000318,0,1.760279904,0.9000509
Renater2006,0000,0,0.6689999999999999,0.9000248000000001,0,1.384319764,0.9000196
Renater2006,0001,0,1.018,0.9000352,0,1.445461889,0.9000158
Renater2006,0002,0,1.3800000000000001,0.9000258,0,3.591716154,0.900031
Renater2006,0003,0,0.876,0.8999984,0,0.997693238,0.9000448
Renater2006,0004,0,1.244,0.9000182,0,1.847732732,0.9000732
Renater2008,0000,0,1.161,0.9000774,0,1.494401805,0.9000294
Renater2008,0001,0,1.265,0.9000668,0,1.896522771,0.9000668
Renater2008,0002,0,1.33,0.9000652,0,2.114806637,0.9000193
Renater2008,0003,0,1.086,0.900016,0,1.688554564,0.9000732
Renater2008,0004,0,1.193,0.900072,0,3.116350145,0.9000256
Renater2010,0000,0,2.8649999999999998,0.8996908602150538,0,5.460750152,0.8997064516129032
Renater2010,0001,0,2.211,0.8996795698924729,0,5.057158675,0.8996940860215052
Renater2010,0002,0,2.407,0.8997352150537633,0,4.863542175,0.8997241935483873
Renater2010,0003,0,3.3139999999999996,0.8996959677419354,0,7.22394978,0.8997193548387097
Renater2010,0004,0,2.021,0.8996943548387096,0,4.575255734,0.8997032258064516
Restena,0000,0,0.17300000000000001,0.9663694,0,0.41092694,0.9664385
Restena,0001,0,0.138,0.9543836,0,0.289914726,0.9543967
Restena,0002,0,0.13999999999999999,0.9512425999999999,0,0.250037822,0.9513
Restena,0003,0,0.133,0.9416565,0,0.313886923,0.9417118
Restena,0004,0,0.127,0.9402083,0,0.229441802,0.9402239
Reuna,0000,0,0.19,0.8993707317073171,0,0.554260455,0.8993707317073171
Reuna,0001,0,0.16499999999999998,0.8993853658536586,0,0.643840869,0.8993853658536586
Reuna,0002,0,0.198,0.899380487804878,0,0.596206967,0.899380487804878
Reuna,0003,0,0.243,0.8994750830564784,0,0.69573615,0.8994750830564784
Reuna,0004,0,0.20900000000000002,0.8993756097560975,0,0.650339989,0.8993756097560975
Rhnet,0000,0,0.136,0.899974,0,0.066621875,0.899974
Rhnet,0001,0,0.14,0.899981,0,0.06795153,0.899981
Rhnet,0002,0,0.193,0.899979,0,0.070678705,0.899979
Rhnet,0003,0,0.14500000000000002,0.899976,0,0.07219474,0.899976
Rhnet,0004,0,0.184,0.899982,0,0.074098439,0.899982
Rnp,0000,0,0.28400000000000003,0.8999903999999999,0,0.429244988,0.8999904
Rnp,0001,0,0.28800000000000003,0.8999746666666667,0,0.762815404,0.8999746666666667
Rnp,0002,0,0.271,0.899975,0,0.467602227,0.899975
Rnp,0003,0,0.356,0.8999915,0,0.807540538,0.8999915
Rnp,0004,0,0.35,0.8999743333333333,0,1.058700564,0.8999743333333333
Roedunet,0000,0,0.188,1.0959012824294523,0,0.822950206,1.0959012824294523
Roedunet,0001,0,0.203,1.2592721193415637,0,0.605514126,1.2592721193415637
Roedunet,0002,0,0.189,1.2593171296296297,0,0.620094718,1.2593171296296297
Roedunet,0003,0,0.213,1.2594071502057613,0,0.704322666,1.2594071502057613
Roedunet,0004,0,0.222,1.1738302923040187,0,0.711858008,1.1738302923040187
RoedunetFibre,0000,0,0.961,0.899786,0,1.331487047,0.899786
RoedunetFibre,0001,0,1.0710000000000002,0.899795,0,1.6184347,0.899795
RoedunetFibre,0002,0,0.982,0.899788,0,1.738231964,0.899788
RoedunetFibre,0003,0,1.0590000000000002,0.8998,0,1.733465888,0.8998
RoedunetFibre,0004,0,1.095,0.899794,0,2.000036553,0.899794
Sago,0000,0,0.098,0.899956,0,0.088566606,0.899956
Sago,0001,0,0.121,0.899956,0,0.085434448,0.899956
Sago,0002,0,0.1,0.899957,0,0.089771954,0.899957
Sago,0003,0,0.098,0.899965,0,0.089076829,0.899965
Sago,0004,0,0.12,0.89996,0,0.086626213,0.89996
Sanet,0000,0,0.913,0.90018945,0,4.341107083,0.90005195
Sanet,0001,0,0.768,0.90017215,0,2.736174118,0.90000695
Sanet,0002,0,0.792,0.9000481,0,10.496586369,0.90003875
Sanet,0003,0,1.136,0.9001191,0,5.645907969,0.8999955
Sanet,0004,0,0.803,0.9001024999999999,0,6.941397887,0.90004095
Sanren,0000,0,0.15500000000000003,0.90248,0,2.789366217,1.080769
Sanren,0001,0,0.064,0.9571069999999999,0,0.138056199,0.957107
Sanren,0002,0,0.124,0.90986,0,0.260750929,0.90986
Sanren,0003,0,0.109,0.9008349999999999,0,0.952953569,0.900835
Sanren,0004,0,0.127,0.921459,0,1.074218909,1.055576
Savvis,0000,0,0.17300000000000001,0.8996222222222222,0,0.433612306,0.8996444444444445
Savvis,0001,0,0.171,0.8996333333333333,0,0.212675036,0.8995777777777778
Savvis,0002,0,0.227,0.8995777777777778,0,0.54761206,0.8995555555555556
Savvis,0003,0,0.23600000000000002,0.8995555555555556,0,0.334796785,0.8996
Savvis,0004,0,0.35,0.8995111111111112,0,0.345053081,0.8995555555555556
Shentel,0000,0,0.40900000000000003,0.899942,0,0.693713378,0.899942
Shentel,0001,0,0.515,0.899936,0,0.688445814,0.899936
Shentel,0002,0,0.40700000000000003,0.899931,0,0.246366437,0.899931
Shentel,0003,0,0.427,0.899931,0,0.570856029,0.899931
Shentel,0004,0,0.47700000000000004,0.899937,0,0.713196163,0.899937
Sinet,0000,0,1.85,0.908267975,0,19.206393475,0.9000352625
Sinet,0001,0,1.696,0.9047251,0,15.73919367,0.900006475
Sinet,0002,0,1.5530000000000002,0.9011305,0,23.744204175,0.900030925
Sinet,0003,0,1.618,0.9110304,0,17.791650088,0.9000423375
Sinet,0004,0,1.617,0.901800375,0,21.139335449,0.9000673
Singaren,0000,0,0.06,0.899993,0,0.043040997,0.899993
Singaren,0001,0,0.063,0.899995,0,0.044077884,0.899995
Singaren,0002,0,0.06,0.899995,0,0.043075953,0.899995
Singaren,0003,0,0.08,0.899994,0,0.042344401,0.899994
Singaren,0004,0,0.075,0.899995,0,0.041630891,0.899995
Spiralight,0000,0,0.23099999999999998,0.900022,0,0.148974137,0.899997
Spiralight,0001,0,0.183,0.9000729999999999,0,0.150980151,0.900015
Spiralight,0002,0,0.161,0.9000275,0,0.164153568,0.9000235
Spiralight,0003,0,0.42,0.9000695,0,2.614931177,0.9000265
Spiralight,0004,0,0.201,0.899995,0,0.273944276,0.8999885
Sprint,0000,0,0.62,0.8999777777777778,0,0.328026437,0.8999222222222222
Sprint,0001,0,65.82,0.9000148148148147,1,1800.501264155,0.9000555555555556
Sprint,0002,0,0.30500000000000005,0.8999666666666667,0,0.875861112,0.8999222222222222
Sprint,0003,0,216.916,0.9000111111111111,1,1800.953121654,0.9001666666666667
Sprint,0004,0,0.34700000000000003,0.9659777777777778,0,0.150981852,0.9659777777777778
Sunet,0000,0,0.573,0.900022,0,0.877892198,0.899993
Sunet,0001,0,0.595,0.899993,0,1.266812479,0.8999915
Sunet,0002,0,0.402,0.8999745,0,1.006538584,0.8999745
Sunet,0003,0,0.494,0.9000469999999999,0,1.135398387,0.9000465
Sunet,0004,0,0.423,0.899976,0,1.968731078,0.900019
Surfnet,0000,0,4.667000000000001,0.8999325,0,18.678613013,0.9000115833333334
Surfnet,0001,0,3.953,0.899911,0,18.37105057,0.8999785
Surfnet,0002,0,2.976,0.9000105,0,24.36380815,0.9000135
Surfnet,0003,0,4.1690000000000005,0.899951,0,19.533381447,0.900001
Surfnet,0004,0,4.75,0.89998475,0,15.781773871,0.90000325
Switch,0000,0,11.965,0.8999908,0,284.754316421,0.8999383
Switch,0001,0,11.315,0.8999752,0,239.576432372,0.8999134
Switch,0002,0,12.293999999999999,0.899975,0,171.204681544,0.8999828
Switch,0003,0,11.613,0.8999872,0,151.239575604,0.8999663
Switch,0004,0,11.371,0.8999302333333334,0,248.390803074,0.8999231
SwitchL3,0000,0,0.913,0.9385876,0,2.612311006,0.9385802
SwitchL3,0001,0,0.977,0.9594151,0,3.029105268,0.9593663
SwitchL3,0002,0,0.895,0.9712003,0,2.260460214,0.971092
SwitchL3,0003,0,0.901,0.9701656,0,2.419224174,0.9701429
SwitchL3,0004,0,0.889,0.9418695,0,2.168485062,0.941831
Syringa,0000,0,1.307,0.899689,0,35.060201292,0.899689
Syringa,0001,0,1.28,0.899588,0,61.807233647,0.899615
Syringa,0002,0,1.278,0.899636,0,41.908798378,0.899592
Syringa,0003,0,1.263,0.899568,0,14.386265827,0.899568
Syringa,0004,0,1.271,0.899564,0,12.553708568,0.899564
TataNld,0000,0,502.704,0.8994445833333337,1,1807.789104662,1.7376335000000003
TataNld,0001,0,287.215,0.89941075,1,1807.945735739,1.5789948333333335
TataNld,0002,0,455.52299999999997,0.8994293125,1,1808.254069475,0.899461375
TataNld,0003,0,301.493,0.89935525,1,1807.811619469,1.6961442500000001
TataNld,0004,0,468.102,0.8995544999999995,1,1808.1369182,1.9139281666666665
Telcove,0000,0,0.372,0.89935,0,2.54012272,0.89935
Telcove,0001,0,0.37,0.899364,0,2.64118162,0.899364
Telcove,0002,0,0.397,0.899391,0,2.817754353,0.899391
Telcove,0003,0,0.388,0.899365,0,2.787533868,0.899365
Telcove,0004,0,0.448,0.899382,0,2.59387966,0.899382
Telecomserbia,0000,0,0.15,0.9026741999999999,0,0.160553542,0.9026742
Telecomserbia,0001,0,0.204,0.9000980000000001,0,0.279559234,0.900098
Telecomserbia,0002,0,0.133,0.9016348000000001,0,0.106499447,0.9016348
Telecomserbia,0003,0,0.126,0.9151986,0,0.097614053,0.9151986
Telecomserbia,0004,0,0.175,0.9027136,0,0.118278493,0.9027136
Tinet,0000,0,6.5120000000000005,0.8998694791666665,0,3.264179652,0.8998967916666667
Tinet,0001,0,8.707,0.8999309270833332,0,3.724245512,0.8999312187499999
Tinet,0002,0,8.882,0.8998824166666666,0,3.14524664,0.8998577395833334
Tinet,0003,0,6.6240000000000006,0.8998568055555554,0,3.105239854,0.89992425
Tinet,0004,0,6.586,0.8998425833333333,0,8.665421479,0.899925888888889
TLex,0000,0,0.08399999999999999,1.480000430081994,0,0.085768617,1.4800004300819942
TLex,0001,0,0.08299999999999999,1.554011635232317,0,0.09352015,1.554011635232317
TLex,0002,0,0.082,1.0136558605032078,0,0.189193785,1.013655860503208
TLex,0003,0,0.151,1.0131000855317993,0,0.267829615,1.013134461803873
TLex,0004,0,0.195,1.0131120490802303,0,0.177962569,1.0131238611913393
Tw,0000,0,39.445,0.9142056666666666,0,582.851023521,0.91355725
Tw,0001,0,30.555000000000003,0.9087375416666666,0,124.018079559,0.90735075
Tw,0002,0,46.120000000000005,0.912044,1,1801.35638222,0.9116345
Tw,0003,0,31.549000000000003,0.9330397083333333,0,155.913845544,0.933006875
Tw,0004,0,24.53,0.9069540833333333,0,690.223359268,0.9066925
Twaren,0000,0,0.144,0.9000645,0,0.241263848,0.899991
Twaren,0001,0,0.33999999999999997,0.8999785,0,0.240636482,0.8999825
Twaren,0002,0,0.171,0.8999795,0,0.230228906,0.8999955
Twaren,0003,0,0.363,0.900027,0,0.307223512,0.900044
Twaren,0004,0,0.217,0.900026,0,0.268565321,0.899978
Ulaknet,0000,0,0.45299999999999996,0.89985,0,5.067034469,0.89985
Ulaknet,0001,0,0.437,0.899832,0,5.530221597,0.899832
Ulaknet,0002,0,0.44,0.899846,0,3.956017325,0.899846
Ulaknet,0003,0,0.433,0.9538447,0,6.024411003,0.9538447
Ulaknet,0004,0,0.44599999999999995,0.899844,0,4.450477465,0.899844
UniC,0000,0,0.22199999999999998,0.899962,0,0.43675034,0.899962
UniC,0001,0,0.40299999999999997,0.899974,0,0.781325053,0.900048
UniC,0002,0,0.20800000000000002,0.8999625,0,0.591249775,0.8999625
UniC,0003,0,0.22899999999999998,0.899993,0,1.022604126,0.899969
UniC,0004,0,0.267,0.8999619999999999,0,0.458528678,0.899962
Uninet,0000,0,0.162,0.900018222222222,0,0.114750458,0.9000182777777778
Uninet,0001,0,0.173,0.9000667777777777,0,0.209194901,0.8999995000000001
Uninet,0002,0,1.231,0.9000823333333332,0,1.300461034,0.9000516666666667
Uninet,0003,0,0.151,0.9000053333333333,0,0.15947017,0.9000831666666665
Uninet,0004,0,1.021,0.9000481666666666,0,0.880245441,0.9000475
Uninett2010,0000,0,5.095,0.899835,0,66.220706611,0.899835
Uninett2010,0001,0,5.2139999999999995,0.899832,0,42.860116597,0.899832
Uninett2010,0002,0,7.838,0.8999881666666666,0,93.773099992,0.9000294999999998
Uninett2010,0003,0,5.526,0.899827,0,39.401776634,0.899827
Uninett2010,0004,0,8.549000000000001,0.8999706666666666,0,130.289808497,0.900036
Uninett2011,0000,0,4.564,0.899902,0,27.563605317,0.899926
Uninett2011,0001,0,4.4910000000000005,0.8999179999999998,0,40.499802773,0.899928
Uninett2011,0002,0,4.29,0.899908,0,20.755876067,0.899952
Uninett2011,0003,0,4.519,0.9010094999999998,0,27.995334594,0.90094
Uninett2011,0004,0,6.453,0.9012905,0,43.204293769,0.9013105
Uran,0000,0,0.119,1.252659,0,0.342041289,1.252659
Uran,0001,0,0.10700000000000001,1.201474,0,0.27990052,1.201474
Uran,0002,0,0.10600000000000001,1.237587,0,0.281284085,1.237587
Uran,0003,0,0.10900000000000001,0.899945,0,0.380012386,0.899945
Uran,0004,0,0.11099999999999999,1.236725,0,0.256942808,1.236725
UsCarrier,0000,0,182.344,0.8986022916666666,1,1810.246169513,0.8988465
UsCarrier,0001,0,172.04299999999998,0.8985855,1,1809.955587273,1.7410638125
UsCarrier,0002,0,155.26399999999998,0.89859,1,1810.181891816,1.783664125
UsCarrier,0003,0,217.75099999999998,0.8986115,1,1809.800234552,1.83925825
UsCarrier,0004,0,175.47199999999998,0.898621,0,1645.010578058,0.898691375
UsSignal,0000,0,13.56,0.89990825,0,127.645191065,0.899863125
UsSignal,0001,0,13.76,0.899914125,0,76.353363492,0.899943875
UsSignal,0002,0,8.72,0.899921875,0,91.588220185,0.899923
UsSignal,0003,0,13.766,0.8999471666666666,0,103.345807777,0.8998945833333334
UsSignal,0004,0,9.831,0.8999005833333332,0,90.225512941,0.89993625
Uunet,0000,0,4.888,0.8987144444444445,0,4.369001355,0.8987166666666667
Uunet,0001,0,4.592,0.8986462962962963,0,4.173614155,0.8987005555555554
Uunet,0002,0,5.627,0.898653888888889,0,12.593942207,0.898675925925926
Uunet,0003,0,8.280000000000001,0.8989296296296296,0,21.537748788,0.8989037037037038
Uunet,0004,0,5.886,0.8986777777777776,0,10.584972605,0.8986888888888889
Vinaren,0000,0,0.126,0.8994774193548387,0,0.165971697,0.8994774193548387
Vinaren,0001,0,0.126,0.8995290322580645,0,0.154313271,0.8995290322580645
Vinaren,0002,0,0.129,0.8995032258064516,0,0.159865862,0.8995032258064516
Vinaren,0003,0,0.13,0.8994903225806452,0,0.150872404,0.8994903225806452
Vinaren,0004,0,0.124,0.899541935483871,0,0.166367865,0.899541935483871
VisionNet,0000,0,0.10800000000000001,0.899945,0,0.183024838,0.899945
VisionNet,0001,0,0.11599999999999999,0.899937,0,0.163451863,0.899937
VisionNet,0002,0,0.10600000000000001,0.899939,0,0.180330396,0.899939
VisionNet,0003,0,0.10400000000000001,0.899932,0,0.194266918,0.899932
VisionNet,0004,0,0.10700000000000001,0.89994,0,0.163173569,0.89994
VtlWavenet2008,0000,0,16.653,0.8995445,0,92.806679952,0.89956175
VtlWavenet2008,0001,0,18.470999999999997,0.8996295,0,60.874597746,0.899591
VtlWavenet2008,0002,0,19.156,0.899599,0,94.998545068,0.899621
VtlWavenet2008,0003,0,18.18,0.89956875,0,202.6273543,0.899568
VtlWavenet2008,0004,0,39.775999999999996,0.89952975,0,142.153325393,0.8995755
VtlWavenet2011,0000,0,27.305,0.89951775,0,347.748563335,0.899509
VtlWavenet2011,0001,0,28.369,0.89956525,0,658.882943322,0.8995585
VtlWavenet2011,0002,0,28.491,0.899561,0,143.184256015,0.89957725
VtlWavenet2011,0003,0,27.397,0.89949625,0,144.216393389,0.899498
VtlWavenet2011,0004,0,28.046999999999997,0.8995795,0,135.872498152,0.89954075
WideJpn,0000,0,0.15,0.9899885,0,0.328863409,0.9899885
WideJpn,0001,0,0.188,0.899949,0,0.252562936,0.899949
WideJpn,0002,0,0.16099999999999998,0.9899915,0,0.2538714,0.9899915
WideJpn,0003,0,0.20099999999999998,0.899945,0,0.232450581,0.899945
WideJpn,0004,0,0.14300000000000002,0.989989,0,0.248868842,0.989989
Xeex,0000,0,0.7090000000000001,0.8999955,0,1.017945124,0.9000545
Xeex,0001,0,2.994,0.93533025,0,53.8528148,0.935217
Xeex,0002,0,1.19,0.90003,0,0.984009345,0.900045
Xeex,0003,0,6.655,0.9254565,0,70.965630675,0.925458
Xeex,0004,0,2.333,0.93539575,0,2.224101504,0.935389
Xspedius,0000,0,1.668,0.9000294999999998,0,3.849617791,0.9000416666666666
Xspedius,0001,0,2.121,0.9000352499999998,0,2.640277935,0.90000825
Xspedius,0002,0,1.402,0.900025,0,2.086531878,0.900047
Xspedius,0003,0,1.401,0.9000043333333333,0,2.041959582,0.9000435
Xspedius,0004,0,1.785,0.9000111666666666,0,2.672882611,0.9000187083333334
York,0000,0,0.22599999999999998,0.8999985,0,0.614870183,0.9000245
York,0001,0,0.22199999999999998,0.9000095,0,0.5583467,0.900011
York,0002,0,0.268,0.9000315,0,0.697856482,0.899999
York,0003,0,0.247,0.8999735,0,0.407280047,0.900026
York,0004,0,0.241,0.9000215,0,0.471558261,0.899989
Zamren,0000,0,0.155,0.89855,0,0.385292331,0.89855
Zamren,0001,0,0.152,0.89854,0,0.401685108,0.89854
Zamren,0002,0,0.16799999999999998,0.89852,0,0.54408516,0.89852
Zamren,0003,0,0.175,0.89848,0,0.482204488,0.89848
Zamren,0004,0,0.152,0.89863,0,0.455633132,0.89863
