Topology,DemandFile,Preprocessing time,ILP solve time,Total  time,uMax
Aarnet,0000,0.004,0.145,0.149,0.9432922
Aarnet,0001,0.001,0.118,0.119,0.9335895
Aarnet,0002,0.002,0.137,0.139,0.9634367
Aarnet,0003,0.002,0.121,0.123,0.9720654
Aarnet,0004,0.001,0.118,0.119,1.1249961
Abilene,0000,0.001,0.181,0.182,0.900071735146605
Abilene,0001,0.0,0.237,0.237,0.9000034159593622
Abilene,0002,0.001,0.081,0.082,0.9000605830439815
Abilene,0003,0.0,0.069,0.069,0.9000595783500515
Abilene,0004,0.001,0.137,0.138,0.9000469192065329
Abvt,0000,0.003,0.241,0.244,0.899989
Abvt,0001,0.003,0.222,0.225,0.900054
Abvt,0002,0.003,0.223,0.226,0.900014
Abvt,0003,0.005,0.211,0.216,0.900034
Abvt,0004,0.002,0.266,0.268,0.900046
Aconet,0000,0.003,0.15,0.153,0.9000244528301887
Aconet,0001,0.002,0.166,0.168,0.9000111698113208
Aconet,0002,0.002,0.186,0.188,0.9000528301886792
Aconet,0003,0.003,0.167,0.17,0.8999965283018868
Aconet,0004,0.003,0.159,0.162,0.9000202264150944
Agis,0000,0.003,0.258,0.261,0.8998064516129032
Agis,0001,0.003,0.425,0.428,0.8997555555555555
Agis,0002,0.003,0.236,0.239,0.8998
Agis,0003,0.003,0.248,0.251,0.8998
Agis,0004,0.003,0.216,0.219,0.8997483870967742
Ai3,0000,0.0,0.035,0.035,0.899993
Ai3,0001,0.0,0.035,0.035,0.899994
Ai3,0002,0.0,0.035,0.035,0.899992
Ai3,0003,0.001,0.048,0.049,0.899993
Ai3,0004,0.001,0.034,0.035,0.899991
Airtel,0000,0.001,0.162,0.163,1.375849
Airtel,0001,0.001,0.136,0.137,1.33642
Airtel,0002,0.001,0.133,0.134,2.139298
Airtel,0003,0.001,0.166,0.167,1.438076
Airtel,0004,0.002,0.429,0.431,1.383461
Amres,0000,0.003,0.165,0.168,0.899929
Amres,0001,0.003,0.16,0.163,0.899926
Amres,0002,0.003,0.155,0.158,0.899926
Amres,0003,0.003,0.157,0.16,0.899926
Amres,0004,0.003,0.174,0.177,0.899943
Ans,0000,0.001,0.244,0.245,0.8997555555555554
Ans,0001,0.001,0.407,0.408,0.8999111111111111
Ans,0002,0.001,0.17,0.171,0.8997333333333333
Ans,0003,0.002,0.416,0.418,0.8997333333333334
Ans,0004,0.002,0.24,0.242,0.8997111111111111
Arn,0000,0.004,0.197,0.201,0.8964583333333334
Arn,0001,0.005,0.306,0.311,0.89675
Arn,0002,0.005,0.202,0.207,0.8967916666666667
Arn,0003,0.009,0.201,0.21,0.8964583333333334
Arn,0004,0.005,0.193,0.198,0.8967916666666667
Arnes,0000,0.007,0.6,0.607,0.9026125
Arnes,0001,0.007,0.608,0.615,0.90531025
Arnes,0002,0.007,0.597,0.604,0.90074675
Arnes,0003,0.008,0.656,0.664,0.903262
Arnes,0004,0.007,0.544,0.551,0.904506
Arpanet196912,0000,0.0,0.029,0.029,0.962446
Arpanet196912,0001,0.0,0.028,0.028,1.132629
Arpanet196912,0002,0.0,0.027,0.027,0.923963
Arpanet196912,0003,0.0,0.028,0.028,0.961027
Arpanet196912,0004,0.0,0.028,0.028,1.208269
Arpanet19706,0000,0.001,0.033,0.034,0.899989
Arpanet19706,0001,0.001,0.037,0.038,0.899991
Arpanet19706,0002,0.0,0.037,0.037,0.899989
Arpanet19706,0003,0.001,0.037,0.038,0.8999909999999999
Arpanet19706,0004,0.001,0.033,0.034,0.899991
Arpanet19719,0000,0.002,0.119,0.121,0.8999849999999999
Arpanet19719,0001,0.001,0.136,0.137,0.900011
Arpanet19719,0002,0.001,0.135,0.136,0.900022
Arpanet19719,0003,0.002,0.15,0.152,0.900007
Arpanet19719,0004,0.003,0.128,0.131,0.900014
Arpanet19723,0000,0.003,0.328,0.331,0.899968
Arpanet19723,0001,0.003,0.374,0.377,0.900012
Arpanet19723,0002,0.003,0.224,0.227,0.900024
Arpanet19723,0003,0.003,0.311,0.314,0.900039
Arpanet19723,0004,0.003,0.285,0.288,0.900039
Arpanet19728,0000,0.008,0.805,0.813,0.90001
Arpanet19728,0001,0.004,0.497,0.501,0.900042
Arpanet19728,0002,0.005,0.867,0.872,0.900022
Arpanet19728,0003,0.004,0.751,0.755,0.900041
Arpanet19728,0004,0.004,0.431,0.435,0.900044
AsnetAm,0000,0.022,2.989,3.011,0.899725
AsnetAm,0001,0.022,2.93,2.952,0.899732
AsnetAm,0002,0.024,2.945,2.969,0.899717
AsnetAm,0003,0.022,2.948,2.97,0.899718
AsnetAm,0004,0.022,3.003,3.025,1.1590339999999997
Atmnet,0000,0.002,0.158,0.16,0.8998774193548387
Atmnet,0001,0.003,0.176,0.179,0.8998387096774193
Atmnet,0002,0.002,0.184,0.186,0.8998516129032258
Atmnet,0003,0.003,0.21,0.213,0.8998451612903225
Atmnet,0004,0.002,0.198,0.2,0.8998709677419355
AttMpls,0000,0.003,221.856,221.859,0.90008
AttMpls,0001,0.006,1083.782,1083.788,0.900088
AttMpls,0002,0.004,3.794,3.798,0.900029
AttMpls,0003,0.003,4.133,4.136,0.900034
AttMpls,0004,0.003,6.538,6.541,0.90007
Azrena,0000,0.003,0.117,0.12,0.89996
Azrena,0001,0.002,0.122,0.124,0.899949
Azrena,0002,0.002,0.113,0.115,0.899956
Azrena,0003,0.002,0.117,0.119,0.899946
Azrena,0004,0.002,0.125,0.127,0.899962
Bandcon,0000,0.002,0.207,0.209,0.90004
Bandcon,0001,0.003,0.153,0.156,0.900019
Bandcon,0002,0.002,0.158,0.16,0.900007
Bandcon,0003,0.003,0.167,0.17,1.057406
Bandcon,0004,0.002,0.179,0.181,0.899988
Basnet,0000,0.0,0.027,0.027,0.8997419354838709
Basnet,0001,0.0,0.028,0.028,0.8996129032258064
Basnet,0002,0.0,0.028,0.028,0.8996129032258064
Basnet,0003,0.0,0.027,0.027,0.8996129032258064
Basnet,0004,0.0,0.028,0.028,0.8997419354838709
Bbnplanet,0000,0.004,0.202,0.206,0.8990666666666667
Bbnplanet,0001,0.004,0.227,0.231,0.8991333333333333
Bbnplanet,0002,0.003,0.216,0.219,0.899
Bbnplanet,0003,0.004,0.235,0.239,0.8989555555555555
Bbnplanet,0004,0.003,0.234,0.237,0.8989777777777777
Bellcanada,0000,0.016,2.125,2.141,0.899931
Bellcanada,0001,0.016,2.108,2.124,0.899909
Bellcanada,0002,0.017,2.426,2.443,0.899888
Bellcanada,0003,0.016,2.121,2.137,0.899915
Bellcanada,0004,0.016,2.234,2.25,0.899907
Bellsouth,0000,0.017,1.39,1.407,0.899881
Bellsouth,0001,0.017,1.37,1.387,0.899906
Bellsouth,0002,0.017,1.273,1.29,0.899886
Bellsouth,0003,0.018,1.277,1.295,0.8998809999999999
Bellsouth,0004,0.018,1.386,1.404,0.899905
Belnet2003,0000,0.003,0.208,0.211,2.4653276
Belnet2003,0001,0.003,0.178,0.181,3.254952
Belnet2003,0002,0.002,0.179,0.181,3.021500399999999
Belnet2003,0003,0.002,0.16,0.162,1.723648
Belnet2003,0004,0.003,0.203,0.206,2.902152
Belnet2004,0000,0.003,0.173,0.176,3.1735944
Belnet2004,0001,0.002,0.222,0.224,1.2184356
Belnet2004,0002,0.003,0.219,0.222,2.3108296
Belnet2004,0003,0.003,0.181,0.184,2.162098
Belnet2004,0004,0.002,0.273,0.275,2.3697643999999998
Belnet2005,0000,0.002,0.182,0.184,1.082918
Belnet2005,0001,0.002,0.575,0.577,0.9000526
Belnet2005,0002,0.003,0.525,0.528,0.9000607999999999
Belnet2005,0003,0.003,0.265,0.268,1.069397
Belnet2005,0004,0.003,0.255,0.258,1.4533799999999992
Belnet2006,0000,0.002,0.265,0.267,1.071694
Belnet2006,0001,0.003,0.189,0.192,4.255964
Belnet2006,0002,0.003,0.177,0.18,1.1469392
Belnet2006,0003,0.002,0.187,0.189,1.407712
Belnet2006,0004,0.002,0.537,0.539,0.9000883
Belnet2007,0000,0.002,0.203,0.205,0.899994
Belnet2007,0001,0.003,0.183,0.186,0.899994
Belnet2007,0002,0.002,0.179,0.181,0.899989
Belnet2007,0003,0.004,0.2,0.204,0.900041
Belnet2007,0004,0.002,0.159,0.161,0.900025
Belnet2008,0000,0.002,0.174,0.176,0.900015
Belnet2008,0001,0.002,0.223,0.225,0.91978
Belnet2008,0002,0.002,0.161,0.163,0.899996
Belnet2008,0003,0.003,0.2,0.203,0.900015
Belnet2008,0004,0.002,0.152,0.154,0.899989
Belnet2009,0000,0.002,0.18,0.182,0.900038
Belnet2009,0001,0.002,0.159,0.161,0.90005
Belnet2009,0002,0.003,0.185,0.188,0.900057
Belnet2009,0003,0.002,0.177,0.179,0.900008
Belnet2009,0004,0.002,0.16,0.162,0.900015
Belnet2010,0000,0.002,0.229,0.231,0.899996
Belnet2010,0001,0.003,0.204,0.207,0.900009
Belnet2010,0002,0.002,0.208,0.21,0.911675
Belnet2010,0003,0.002,0.208,0.21,0.9000589999999999
Belnet2010,0004,0.003,0.17,0.173,0.899984
BeyondTheNetwork,0000,0.017,2.542,2.559,1.030077
BeyondTheNetwork,0001,0.018,2.485,2.503,0.899971
BeyondTheNetwork,0002,0.017,2.333,2.35,0.899982
BeyondTheNetwork,0003,0.017,2.518,2.535,0.899935
BeyondTheNetwork,0004,0.018,2.07,2.088,0.9073169999999999
Bics,0000,0.005,0.647,0.652,0.90001
Bics,0001,0.005,0.652,0.657,0.900018
Bics,0002,0.006,0.669,0.675,0.9000149999999999
Bics,0003,0.007,0.573,0.58,0.899995
Bics,0004,0.007,0.573,0.58,0.899977
Biznet,0000,0.005,0.491,0.496,0.900007
Biznet,0001,0.005,0.371,0.376,0.900021
Biznet,0002,0.004,0.542,0.546,0.899985
Biznet,0003,0.004,0.468,0.472,0.899976
Biznet,0004,0.005,0.397,0.402,0.899958
Bren,0000,0.008,0.48,0.488,0.8999410112359547
Bren,0001,0.009,0.483,0.492,0.8999311797752809
Bren,0002,0.008,0.467,0.475,0.899941011235955
Bren,0003,0.008,0.486,0.494,0.8999269662921349
Bren,0004,0.008,0.521,0.529,0.899968
BsonetEurope,0000,0.001,0.126,0.127,0.97846
BsonetEurope,0001,0.001,0.127,0.128,1.091036
BsonetEurope,0002,0.001,0.108,0.109,0.915264
BsonetEurope,0003,0.002,0.105,0.107,1.06848
BsonetEurope,0004,0.001,0.102,0.103,1.046675
BtAsiaPac,0000,0.003,1.435,1.438,0.9000539999999998
BtAsiaPac,0001,0.003,2.641,2.644,0.900152
BtAsiaPac,0002,0.002,2.445,2.447,0.900072
BtAsiaPac,0003,0.003,1.09,1.093,0.90004
BtAsiaPac,0004,0.002,1.223,1.225,0.900045
BtEurope,0000,0.003,0.238,0.241,0.899996
BtEurope,0001,0.003,0.458,0.461,0.900041
BtEurope,0002,0.003,0.372,0.375,0.90005
BtEurope,0003,0.003,0.332,0.335,0.900046
BtEurope,0004,0.003,0.249,0.252,1.131795
BtLatinAmerica,0000,0.015,1.057,1.072,0.899748
BtLatinAmerica,0001,0.015,1.041,1.056,0.899738
BtLatinAmerica,0002,0.014,1.055,1.069,0.899758
BtLatinAmerica,0003,0.014,1.052,1.066,0.899746
BtLatinAmerica,0004,0.014,1.051,1.065,0.89975
BtNorthAmerica,0000,0.007,60.036,60.043,0.900048
BtNorthAmerica,0001,0.008,29.163,29.171,0.900074
BtNorthAmerica,0002,0.007,16.84,16.847,0.90006
BtNorthAmerica,0003,0.008,136.241,136.249,0.900065
BtNorthAmerica,0004,0.008,7.239,7.247,0.900068
Canerie,0000,0.006,0.445,0.451,0.899953
Canerie,0001,0.006,0.387,0.393,0.900002
Canerie,0002,0.005,0.424,0.429,0.900011
Canerie,0003,0.006,0.443,0.449,0.899986
Canerie,0004,0.006,0.473,0.479,0.899945
Carnet,0000,0.014,0.599,0.613,0.899842
Carnet,0001,0.014,0.61,0.624,0.899832
Carnet,0002,0.014,0.601,0.615,0.899832
Carnet,0003,0.014,0.6,0.614,0.899839
Carnet,0004,0.013,0.598,0.611,0.899834
Cernet,0000,0.011,0.597,0.608,1.3497999999999999
Cernet,0001,0.021,0.607,0.628,1.1321548387096774
Cernet,0002,0.011,0.604,0.615,1.037644630217289
Cernet,0003,0.011,0.601,0.612,1.3497161290322581
Cernet,0004,0.011,0.598,0.609,1.3498258064516129
Cesnet1993,0000,0.0,0.035,0.035,0.8981666666666667
Cesnet1993,0001,0.0,0.038,0.038,0.8975
Cesnet1993,0002,0.0,0.059,0.059,0.8975
Cesnet1993,0003,0.0,0.034,0.034,0.8975
Cesnet1993,0004,0.0,0.036,0.036,0.8985
Cesnet1997,0000,0.001,0.046,0.047,0.8994705882352941
Cesnet1997,0001,0.001,0.045,0.046,0.8995
Cesnet1997,0002,0.001,0.046,0.047,0.8994705882352941
Cesnet1997,0003,0.001,0.045,0.046,0.8993529411764706
Cesnet1997,0004,0.001,0.044,0.045,0.8993823529411765
Cesnet1999,0000,0.001,0.046,0.047,0.8998774193548387
Cesnet1999,0001,0.0,0.043,0.043,0.8998529411764706
Cesnet1999,0002,0.001,0.046,0.047,0.89925
Cesnet1999,0003,0.0,0.046,0.046,0.8992258064516129
Cesnet1999,0004,0.001,0.045,0.046,0.8998529411764706
Cesnet2001,0000,0.003,0.128,0.131,1.0581070126807588
Cesnet2001,0001,0.003,0.118,0.121,1.0581070126807588
Cesnet2001,0002,0.003,0.119,0.122,1.0581092801387684
Cesnet2001,0003,0.002,0.124,0.126,1.0581002103067303
Cesnet2001,0004,0.002,0.118,0.12,1.0581070126807588
Cesnet200304,0000,0.005,0.372,0.377,0.900048
Cesnet200304,0001,0.004,0.262,0.266,0.8999583333333333
Cesnet200304,0002,0.004,0.295,0.299,0.900042
Cesnet200304,0003,0.005,0.256,0.261,0.9000303999999999
Cesnet200304,0004,0.004,0.235,0.239,0.8999533333333334
Cesnet200511,0000,0.01,0.545,0.555,0.9000079999999999
Cesnet200511,0001,0.01,0.552,0.562,0.9000888
Cesnet200511,0002,0.01,0.567,0.577,0.9000484
Cesnet200511,0003,0.01,0.58,0.59,0.9000897994679578
Cesnet200511,0004,0.009,0.598,0.607,0.9000352
Cesnet200603,0000,0.009,0.628,0.637,0.9000627999999999
Cesnet200603,0001,0.011,0.537,0.548,0.899922
Cesnet200603,0002,0.01,0.543,0.553,0.9000324000000001
Cesnet200603,0003,0.009,0.736,0.745,0.9000530112372968
Cesnet200603,0004,0.01,0.599,0.609,0.9000248000000001
Cesnet200706,0000,0.014,0.808,0.822,0.900028
Cesnet200706,0001,0.013,0.727,0.74,0.9000348
Cesnet200706,0002,0.014,0.787,0.801,0.9000088106418597
Cesnet200706,0003,0.014,0.829,0.843,0.9000166617088632
Cesnet200706,0004,0.014,0.882,0.896,0.9000341085244268
Cesnet201006,0000,0.017,1.415,1.432,0.8999952684204715
Cesnet201006,0001,0.017,1.478,1.495,0.8999688122768716
Cesnet201006,0002,0.018,1.476,1.494,0.9000537771995867
Cesnet201006,0003,0.017,1.631,1.648,0.9000196894761022
Cesnet201006,0004,0.017,1.462,1.479,0.9000196894761022
Chinanet,0000,0.011,1.849,1.86,0.900064
Chinanet,0001,0.012,2.108,2.12,1.192499
Chinanet,0002,0.012,1.579,1.591,0.900051
Chinanet,0003,0.011,2.16,2.171,0.900075
Chinanet,0004,0.011,0.901,0.912,1.260922
Claranet,0000,0.002,0.256,0.258,0.900059
Claranet,0001,0.002,0.134,0.136,0.900031
Claranet,0002,0.002,0.114,0.116,0.900045
Claranet,0003,0.001,0.288,0.289,0.900036
Claranet,0004,0.001,0.076,0.077,0.900001
Cogentco,0000,0.413,543.819,544.232,0.89857
Cogentco,0001,0.411,556.302,556.713,0.898584
Cogentco,0002,0.408,562.683,563.091,0.898574
Cogentco,0003,0.408,551.334,551.742,0.898513
Cogentco,0004,0.41,566.094,566.504,0.898544
Colt,0000,0.154,120.739,120.893,0.898681
Colt,0001,0.152,119.439,119.591,0.898636
Colt,0002,0.148,122.303,122.451,0.898775
Colt,0003,0.15,117.876,118.026,0.89864
Colt,0004,0.162,116.136,116.298,0.898713
Columbus,0000,0.023,10.076,10.099,0.899801
Columbus,0001,0.026,8.343,8.369,0.899731
Columbus,0002,0.023,9.11,9.133,0.899745
Columbus,0003,0.024,8.401,8.425,0.89974
Columbus,0004,0.025,9.087,9.112,0.899761
Compuserve,0000,0.001,0.287,0.288,0.8999555555555555
Compuserve,0001,0.001,0.478,0.479,0.8999333333333333
Compuserve,0002,0.001,0.23,0.231,0.9127777777777778
Compuserve,0003,0.001,0.141,0.142,0.9533333333333334
Compuserve,0004,0.001,0.08,0.081,0.9736666666666667
CrlNetworkServices,0000,0.006,0.688,0.694,0.8991333333333333
CrlNetworkServices,0001,0.007,0.756,0.763,0.8986444444444442
CrlNetworkServices,0002,0.006,0.755,0.761,0.8986666666666666
CrlNetworkServices,0003,0.006,0.617,0.623,0.8986
CrlNetworkServices,0004,0.008,0.553,0.561,0.8986666666666666
Cudi,0000,0.017,1.167,1.184,0.8998870833333332
Cudi,0001,0.017,1.167,1.184,0.8999529166666667
Cudi,0002,0.018,1.155,1.173,0.8998883333333333
Cudi,0003,0.017,1.167,1.184,0.8998845833333333
Cudi,0004,0.017,1.255,1.272,0.8998883333333332
Cwix,0000,0.007,0.609,0.616,0.8988222222222216
Cwix,0001,0.011,0.808,0.819,0.8989333333333334
Cwix,0002,0.008,0.735,0.743,0.8989111111111111
Cwix,0003,0.008,0.653,0.661,0.8988444444444444
Cwix,0004,0.008,0.581,0.589,0.8989333333333334
Cynet,0000,0.005,0.206,0.211,0.8994971804511278
Cynet,0001,0.004,0.205,0.209,0.8994501879699248
Cynet,0002,0.005,0.197,0.202,0.8994736842105263
Cynet,0003,0.004,0.204,0.208,0.8995112781954887
Cynet,0004,0.005,0.203,0.208,0.8994736842105263
Darkstrand,0000,0.004,0.337,0.341,0.899992
Darkstrand,0001,0.003,0.401,0.404,0.899971
Darkstrand,0002,0.003,0.495,0.498,0.899957
Darkstrand,0003,0.003,0.377,0.38,0.8999699999999999
Darkstrand,0004,0.004,0.408,0.412,0.900005
Dataxchange,0000,0.0,0.052,0.052,1.0392666666666666
Dataxchange,0001,0.0,0.034,0.034,1.0802222222222222
Dataxchange,0002,0.0,0.034,0.034,1.2024
Dataxchange,0003,0.0,0.049,0.049,0.8999333333333334
Dataxchange,0004,0.001,0.04,0.041,1.432511111111111
Deltacom,0000,0.11,74.589,74.699,0.995814
Deltacom,0001,0.076,65.025,65.101,1.0214299999999998
Deltacom,0002,0.075,65.936,66.011,0.899667
Deltacom,0003,0.08,66.087,66.167,1.095127
Deltacom,0004,0.075,62.028,62.103,1.103633
DeutscheTelekom,0000,0.005,0.708,0.713,0.900018
DeutscheTelekom,0001,0.006,0.376,0.382,0.899957
DeutscheTelekom,0002,0.005,0.352,0.357,0.899957
DeutscheTelekom,0003,0.005,0.387,0.392,0.899961
DeutscheTelekom,0004,0.005,0.445,0.45,0.89996
Dfn,0000,0.019,2.667,2.686,0.900012
Dfn,0001,0.019,6.719,6.738,0.92596
Dfn,0002,0.02,4.168,4.188,0.977581
Dfn,0003,0.019,4.118,4.137,0.958014
Dfn,0004,0.018,4.735,4.753,0.967341
DialtelecomCz,0000,0.112,134.726,134.838,0.899273
DialtelecomCz,0001,0.114,139.952,140.066,0.8992629999999999
DialtelecomCz,0002,0.123,138.516,138.639,0.899289
DialtelecomCz,0003,0.113,141.135,141.248,0.899292
DialtelecomCz,0004,0.117,139.882,139.999,0.899236
Digex,0000,0.006,0.446,0.452,0.8989333333333334
Digex,0001,0.005,0.413,0.418,0.8988222222222222
Digex,0002,0.005,0.467,0.472,0.8988444444444444
Digex,0003,0.005,0.506,0.511,0.8987777777777778
Digex,0004,0.005,0.537,0.542,0.8988
Easynet,0000,0.002,0.163,0.165,0.900062
Easynet,0001,0.002,0.127,0.129,0.899999
Easynet,0002,0.001,0.15,0.151,0.899988
Easynet,0003,0.002,0.143,0.145,0.899978
Easynet,0004,0.002,0.142,0.144,0.90002
Eenet,0000,0.001,0.046,0.047,1.907983
Eenet,0001,0.001,0.068,0.069,1.907977
Eenet,0002,0.001,0.048,0.049,1.907978
Eenet,0003,0.001,0.049,0.05,1.90798
Eenet,0004,0.001,0.048,0.049,1.907982
EliBackbone,0000,0.002,0.21,0.212,0.90003
EliBackbone,0001,0.002,0.396,0.398,0.900037
EliBackbone,0002,0.002,0.341,0.343,0.900075
EliBackbone,0003,0.002,0.378,0.38,0.900069
EliBackbone,0004,0.002,0.232,0.234,0.899996
Epoch,0000,0.0,0.027,0.027,1.073022222222222
Epoch,0001,0.0,0.032,0.032,0.9148000000000001
Epoch,0002,0.0,0.036,0.036,0.9212444444444418
Epoch,0003,0.0,0.027,0.027,1.035022222222222
Epoch,0004,0.0,0.033,0.033,0.9382444444444444
Ernet,0000,0.004,0.249,0.253,0.8999510000000001
Ernet,0001,0.009,0.277,0.286,0.899946
Ernet,0002,0.004,0.245,0.249,0.899949
Ernet,0003,0.005,0.261,0.266,0.899947
Ernet,0004,0.005,0.251,0.256,0.8999489999999999
Esnet,0000,0.023,5.022,5.045,1.311559826658204
Esnet,0001,0.024,4.711,4.735,1.3114584
Esnet,0002,0.023,4.892,4.915,1.3115774108180127
Esnet,0003,0.023,4.679,4.702,1.3115123019019646
Esnet,0004,0.025,4.691,4.716,1.3115362
Eunetworks,0000,0.001,0.09,0.091,0.899989
Eunetworks,0001,0.001,0.114,0.115,0.90007
Eunetworks,0002,0.001,0.09,0.091,0.900018
Eunetworks,0003,0.001,0.107,0.108,0.900058
Eunetworks,0004,0.001,0.105,0.106,0.900062
Evolink,0000,0.009,0.534,0.543,0.899949
Evolink,0001,0.008,0.596,0.604,0.899948
Evolink,0002,0.009,0.621,0.63,0.899928
Evolink,0003,0.009,0.548,0.557,0.900003
Evolink,0004,0.008,0.6,0.608,0.899977
Fatman,0000,0.002,0.074,0.076,0.899978
Fatman,0001,0.001,0.074,0.075,0.8999769999999998
Fatman,0002,0.001,0.074,0.075,0.899971
Fatman,0003,0.001,0.071,0.072,0.899973
Fatman,0004,0.001,0.075,0.076,0.8999729999999999
Fccn,0000,0.002,0.169,0.171,0.900031
Fccn,0001,0.002,0.15,0.152,0.899969
Fccn,0002,0.002,0.241,0.243,0.900011
Fccn,0003,0.002,0.143,0.145,0.899987
Fccn,0004,0.003,0.161,0.164,0.900012
Forthnet,0000,0.02,1.824,1.844,0.8999888888888888
Forthnet,0001,0.022,1.854,1.876,0.8999883888888889
Forthnet,0002,0.021,1.956,1.977,0.8999891111111111
Forthnet,0003,0.02,1.922,1.942,0.8999876111111111
Forthnet,0004,0.021,1.89,1.911,0.8999896111111111
Funet,0000,0.003,0.32,0.323,0.900025
Funet,0001,0.003,0.334,0.337,0.900004
Funet,0002,0.003,0.309,0.312,0.899979
Funet,0003,0.003,0.281,0.284,0.899973
Funet,0004,0.003,0.297,0.3,0.90004
Gambia,0000,0.004,0.178,0.182,0.89968
Gambia,0001,0.004,0.184,0.188,0.89965
Gambia,0002,0.003,0.189,0.192,0.89968
Gambia,0003,0.003,0.231,0.234,0.899655
Gambia,0004,0.004,0.185,0.189,0.89966
Garr199901,0000,0.001,0.179,0.18,0.900047
Garr199901,0001,0.001,0.379,0.38,0.90008
Garr199901,0002,0.001,0.194,0.195,0.9
Garr199901,0003,0.001,0.161,0.162,0.900079
Garr199901,0004,0.001,0.141,0.142,0.900062
Garr199904,0000,0.003,0.171,0.174,0.8999483870967743
Garr199904,0001,0.002,0.197,0.199,0.8999483870967742
Garr199904,0002,0.003,0.172,0.175,0.899941935483871
Garr199904,0003,0.003,0.142,0.145,0.8999806451612903
Garr199904,0004,0.003,0.159,0.162,0.8999612903225807
Garr199905,0000,0.003,0.372,0.375,0.8999806451612904
Garr199905,0001,0.004,0.224,0.228,0.8999548387096774
Garr199905,0002,0.003,0.174,0.177,0.8999677419354839
Garr199905,0003,0.002,0.338,0.34,0.8999741935483871
Garr199905,0004,0.003,0.166,0.169,0.8999225806451613
Garr200109,0000,0.003,0.157,0.16,0.8999677419354839
Garr200109,0001,0.002,0.213,0.215,0.8999354838709678
Garr200109,0002,0.003,0.172,0.175,0.9
Garr200109,0003,0.003,0.183,0.186,0.8999032258064517
Garr200109,0004,0.003,0.178,0.181,0.8998967741935483
Garr200112,0000,0.002,0.177,0.179,0.899883870967742
Garr200112,0001,0.003,0.18,0.183,0.8999354838709678
Garr200112,0002,0.003,0.19,0.193,0.8999741935483871
Garr200112,0003,0.003,0.19,0.193,0.899916129032258
Garr200112,0004,0.003,0.167,0.17,0.8999290322580645
Garr200212,0000,0.003,0.189,0.192,0.8998193548387097
Garr200212,0001,0.003,0.184,0.187,1.1510387096774193
Garr200212,0002,0.004,0.194,0.198,1.1249032258064515
Garr200212,0003,0.003,0.19,0.193,0.8998322580645162
Garr200212,0004,0.004,0.232,0.236,0.8998064516129032
Garr200404,0000,0.002,0.216,0.218,0.8999483870967742
Garr200404,0001,0.003,0.149,0.152,0.8999354838709678
Garr200404,0002,0.003,0.197,0.2,0.8999548387096774
Garr200404,0003,0.003,0.175,0.178,0.8999612903225807
Garr200404,0004,0.002,0.19,0.192,0.8999870967741935
Garr200902,0000,0.018,2.277,2.295,0.9651428
Garr200902,0001,0.018,3.005,3.023,0.92873
Garr200902,0002,0.017,2.399,2.416,0.900048
Garr200902,0003,0.019,1.83,1.849,0.899902
Garr200902,0004,0.018,1.96,1.978,1.1045323351088925
Garr200908,0000,0.018,2.234,2.252,0.900012
Garr200908,0001,0.018,1.868,1.886,0.9000564
Garr200908,0002,0.026,2.229,2.255,0.946594
Garr200908,0003,0.017,2.306,2.323,0.9000848
Garr200908,0004,0.017,1.691,1.708,0.984247
Garr200909,0000,0.019,2.412,2.431,0.958866
Garr200909,0001,0.019,1.828,1.847,0.8999169230769231
Garr200909,0002,0.018,2.728,2.746,0.9533192
Garr200909,0003,0.019,1.969,1.988,0.9000312
Garr200909,0004,0.019,1.972,1.991,0.900104
Garr200912,0000,0.017,2.234,2.251,0.9469236
Garr200912,0001,0.018,2.198,2.216,0.9648643999999998
Garr200912,0002,0.018,1.719,1.737,0.8999138461538462
Garr200912,0003,0.017,1.875,1.892,0.8999261538461538
Garr200912,0004,0.018,2.375,2.393,0.9566813203834338
Garr201001,0000,0.019,1.863,1.882,0.9729164
Garr201001,0001,0.018,1.835,1.853,1.091937
Garr201001,0002,0.018,1.813,1.831,0.905651
Garr201001,0003,0.02,2.87,2.89,0.9205964
Garr201001,0004,0.018,1.827,1.845,1.007009
Garr201003,0000,0.018,3.183,3.201,0.9108371999999999
Garr201003,0001,0.018,1.923,1.941,1.019401
Garr201003,0002,0.019,2.322,2.341,0.8999184615384612
Garr201003,0003,0.017,2.417,2.434,0.919602
Garr201003,0004,0.018,1.927,1.945,0.8999169230769231
Garr201004,0000,0.018,3.5,3.518,0.965188
Garr201004,0001,0.018,2.627,2.645,0.9931836
Garr201004,0002,0.028,2.093,2.121,1.2046139999999999
Garr201004,0003,0.019,1.833,1.852,0.8999230769230769
Garr201004,0004,0.017,2.408,2.425,0.996268
Garr201005,0000,0.019,2.594,2.613,0.9000528
Garr201005,0001,0.021,2.509,2.53,0.9797247999999998
Garr201005,0002,0.018,2.125,2.143,1.0544084
Garr201005,0003,0.019,2.609,2.628,0.9000992
Garr201005,0004,0.018,3.275,3.293,0.9243414
Garr201007,0000,0.017,1.967,1.984,0.8999246153846154
Garr201007,0001,0.019,2.028,2.047,1.119515
Garr201007,0002,0.019,2.195,2.214,0.9101977
Garr201007,0003,0.018,3.182,3.2,0.9188172
Garr201007,0004,0.017,2.407,2.424,0.9654002
Garr201008,0000,0.02,2.493,2.513,0.8999061538461538
Garr201008,0001,0.019,2.292,2.311,0.900058
Garr201008,0002,0.018,2.131,2.149,1.038482
Garr201008,0003,0.02,2.561,2.581,0.9600248
Garr201008,0004,0.033,2.062,2.095,1.221674
Garr201010,0000,0.02,2.647,2.667,0.9000368
Garr201010,0001,0.035,2.637,2.672,0.9000892
Garr201010,0002,0.02,2.724,2.744,0.9000792
Garr201010,0003,0.018,2.925,2.943,1.0808564
Garr201010,0004,0.019,2.634,2.653,0.958056
Garr201012,0000,0.018,2.388,2.406,0.9000284
Garr201012,0001,0.018,2.659,2.677,0.972131
Garr201012,0002,0.018,2.609,2.627,0.9000588
Garr201012,0003,0.034,3.223,3.257,0.922372224894488
Garr201012,0004,0.021,2.533,2.554,0.9000484
Garr201101,0000,0.019,2.595,2.614,1.003705361462431
Garr201101,0001,0.018,2.471,2.489,0.90006
Garr201101,0002,0.018,2.734,2.752,1.1179884
Garr201101,0003,0.02,2.8,2.82,0.900122
Garr201101,0004,0.019,2.83,2.849,0.9783552
Garr201102,0000,0.019,2.276,2.295,0.89994
Garr201102,0001,0.019,2.321,2.34,0.89995
Garr201102,0002,0.019,2.272,2.291,0.899945
Garr201102,0003,0.019,2.204,2.223,0.89995
Garr201102,0004,0.019,2.252,2.271,0.899944
Garr201103,0000,0.019,2.318,2.337,0.899941
Garr201103,0001,0.019,2.651,2.67,0.899944
Garr201103,0002,0.019,2.656,2.675,0.950317
Garr201103,0003,0.019,2.451,2.47,0.992136
Garr201103,0004,0.019,2.726,2.745,1.024875999999999
Garr201104,0000,0.02,2.566,2.586,0.899941
Garr201104,0001,0.019,2.578,2.597,1.247638
Garr201104,0002,0.019,2.526,2.545,1.799943
Garr201104,0003,0.019,2.634,2.653,0.899941
Garr201104,0004,0.019,2.557,2.576,0.899939
Garr201105,0000,0.019,2.54,2.559,1.09697
Garr201105,0001,0.019,2.661,2.68,0.899947
Garr201105,0002,0.02,2.507,2.527,0.899943
Garr201105,0003,0.02,3.153,3.173,0.943398
Garr201105,0004,0.019,2.785,2.804,0.9000244
Garr201107,0000,0.02,3.015,3.035,0.925796
Garr201107,0001,0.021,2.53,2.551,1.302537
Garr201107,0002,0.021,3.299,3.32,0.909163
Garr201107,0003,0.02,2.563,2.583,1.09726
Garr201107,0004,0.02,2.896,2.916,1.130553
Garr201108,0000,0.019,2.586,2.605,1.089768
Garr201108,0001,0.02,2.729,2.749,0.9000384
Garr201108,0002,0.02,2.536,2.556,0.9000452
Garr201108,0003,0.02,2.961,2.981,0.8999764
Garr201108,0004,0.019,2.592,2.611,0.9000096
Garr201109,0000,0.02,3.037,3.057,0.8999888
Garr201109,0001,0.02,2.807,2.827,0.8999864000000001
Garr201109,0002,0.021,2.918,2.939,0.89999
Garr201109,0003,0.019,3.097,3.116,0.9000892
Garr201109,0004,0.022,2.725,2.747,0.8999732
Garr201110,0000,0.022,2.615,2.637,0.899938
Garr201110,0001,0.019,2.86,2.879,0.9000564
Garr201110,0002,0.022,2.801,2.823,0.8999724
Garr201110,0003,0.021,2.676,2.697,0.9000288
Garr201110,0004,0.021,2.834,2.855,0.8999996
Garr201111,0000,0.02,2.896,2.916,0.8999704000000001
Garr201111,0001,0.021,3.338,3.359,0.8999744
Garr201111,0002,0.021,2.972,2.993,0.8999891999999999
Garr201111,0003,0.021,3.023,3.044,0.8999876
Garr201111,0004,0.02,3.103,3.123,0.9000004
Garr201112,0000,0.02,2.946,2.966,0.9000464
Garr201112,0001,0.022,3.202,3.224,0.9000288
Garr201112,0002,0.021,3.089,3.11,0.899996
Garr201112,0003,0.021,3.028,3.049,0.899938
Garr201112,0004,0.02,3.262,3.282,0.899982
Garr201201,0000,0.021,3.208,3.229,0.90004
Garr201201,0001,0.021,3.08,3.101,1.02542
Garr201201,0002,0.021,2.98,3.001,1.101024
Garr201201,0003,0.02,2.953,2.973,1.277966
Garr201201,0004,0.038,3.047,3.085,0.9000859999999999
Gblnet,0000,0.001,0.03,0.031,0.899993
Gblnet,0001,0.0,0.03,0.03,0.899993
Gblnet,0002,0.0,0.051,0.051,0.899993
Gblnet,0003,0.0,0.03,0.03,0.899993
Gblnet,0004,0.0,0.03,0.03,0.899992
Geant2001,0000,0.003,0.286,0.289,1.0393784
Geant2001,0001,0.004,0.256,0.26,0.8999935691318327
Geant2001,0002,0.003,0.407,0.41,0.945324
Geant2001,0003,0.003,0.272,0.275,0.9276324
Geant2001,0004,0.004,0.241,0.245,0.8999694533762058
Geant2009,0000,0.007,0.986,0.993,0.9000815
Geant2009,0001,0.007,2.677,2.684,0.9384006
Geant2009,0002,0.007,1.466,1.473,0.9001760000000001
Geant2009,0003,0.007,0.942,0.949,0.9001317000000001
Geant2009,0004,0.006,1.074,1.08,0.9002035
Geant2010,0000,0.008,1.199,1.207,0.900086106870229
Geant2010,0001,0.009,1.323,1.332,0.9001183511450381
Geant2010,0002,0.008,3.935,3.943,0.9001388702290076
Geant2010,0003,0.008,1.014,1.022,0.9001133
Geant2010,0004,0.008,0.825,0.833,0.9000815
Geant2012,0000,0.01,1.252,1.262,0.9001828744356163
Geant2012,0001,0.01,1.454,1.464,0.9000353
Geant2012,0002,0.017,1.683,1.7,0.9000769674490202
Geant2012,0003,0.01,1.369,1.379,0.9000779
Geant2012,0004,0.01,1.004,1.014,0.9000934325668309
Getnet,0000,0.0,0.039,0.039,0.9311333333333334
Getnet,0001,0.0,0.037,0.037,0.9186888888888889
Getnet,0002,0.0,0.037,0.037,0.9135777777777778
Getnet,0003,0.0,0.048,0.048,0.908422222222222
Getnet,0004,0.0,0.033,0.033,0.9623555555555554
Globalcenter,0000,0.0,0.057,0.057,1.3514
Globalcenter,0001,0.0,0.066,0.066,1.6360666666666663
Globalcenter,0002,0.0,0.07,0.07,1.1823777777777777
Globalcenter,0003,0.0,0.065,0.065,1.3111111111111111
Globalcenter,0004,0.001,0.075,0.076,1.5756666666666668
Globenet,0000,0.022,7.3,7.322,1.162068
Globenet,0001,0.022,7.142,7.164,1.0449519999999999
Globenet,0002,0.024,6.991,7.015,1.221443
Globenet,0003,0.022,7.052,7.074,1.114044
Globenet,0004,0.023,6.9,6.923,1.108822
Goodnet,0000,0.001,1.924,1.925,0.8999555555555555
Goodnet,0001,0.001,0.119,0.12,0.941
Goodnet,0002,0.001,0.206,0.207,1.2745333333333324
Goodnet,0003,0.001,2.148,2.149,0.8999333333333333
Goodnet,0004,0.001,0.776,0.777,0.933088888888889
Grena,0000,0.001,0.074,0.075,0.899971
Grena,0001,0.001,0.066,0.067,0.899962
Grena,0002,0.001,0.065,0.066,0.899965
Grena,0003,0.001,0.069,0.07,0.899964
Grena,0004,0.001,0.066,0.067,0.899968
Gridnet,0000,0.0,0.147,0.147,0.9105111111111106
Gridnet,0001,0.0,0.269,0.269,0.9027555555555554
Gridnet,0002,0.001,0.213,0.214,0.9051777777777777
Gridnet,0003,0.001,0.112,0.113,0.9072666666666663
Gridnet,0004,0.0,0.055,0.055,1.0624222222222222
Grnet,0000,0.008,0.498,0.506,0.899951
Grnet,0001,0.008,0.457,0.465,0.899986
Grnet,0002,0.008,0.459,0.467,0.899947
Grnet,0003,0.008,0.457,0.465,0.899951
Grnet,0004,0.008,0.478,0.486,0.89995
GtsCe,0000,0.144,172.553,172.697,0.899164
GtsCe,0001,0.145,164.521,164.666,0.899115
GtsCe,0002,0.168,166.003,166.171,0.899169
GtsCe,0003,0.146,198.686,198.832,0.899131
GtsCe,0004,0.144,173.762,173.906,0.899174
GtsCzechRepublic,0000,0.009,0.447,0.456,0.899991
GtsCzechRepublic,0001,0.005,0.409,0.414,0.8999699999999999
GtsCzechRepublic,0002,0.005,0.418,0.423,0.899974
GtsCzechRepublic,0003,0.005,0.505,0.51,0.899994
GtsCzechRepublic,0004,0.005,0.473,0.478,0.899942
GtsHungary,0000,0.005,0.263,0.268,0.899966
GtsHungary,0001,0.004,0.25,0.254,0.899957
GtsHungary,0002,0.009,0.271,0.28,0.900042
GtsHungary,0003,0.004,0.26,0.264,0.899992
GtsHungary,0004,0.005,0.26,0.265,0.900023
GtsPoland,0000,0.006,0.652,0.658,0.89998
GtsPoland,0001,0.006,0.823,0.829,0.900018
GtsPoland,0002,0.006,0.535,0.541,0.899983
GtsPoland,0003,0.006,0.557,0.563,0.900039
GtsPoland,0004,0.006,0.803,0.809,0.900015
GtsRomania,0000,0.002,0.144,0.146,0.900001
GtsRomania,0001,0.003,0.115,0.118,0.900006
GtsRomania,0002,0.002,0.116,0.118,0.900054
GtsRomania,0003,0.002,0.123,0.125,0.899981
GtsRomania,0004,0.003,0.114,0.117,0.89998
GtsSlovakia,0000,0.007,0.335,0.342,1.021509
GtsSlovakia,0001,0.007,0.334,0.341,1.190953
GtsSlovakia,0002,0.007,0.354,0.361,0.900021
GtsSlovakia,0003,0.007,0.35,0.357,0.899975
GtsSlovakia,0004,0.007,0.34,0.347,0.899935
Harnet,0000,0.002,0.131,0.133,1.134652463382157
Harnet,0001,0.002,0.123,0.125,1.0764324900133155
Harnet,0002,0.002,0.129,0.131,1.231328894806924
Harnet,0003,0.003,0.124,0.127,0.9000063914780293
Harnet,0004,0.002,0.128,0.13,0.9000639147802929
Heanet,0000,0.001,0.039,0.04,1.188591
Heanet,0001,0.001,0.037,0.038,2.308915
Heanet,0002,0.001,0.04,0.041,2.159488
Heanet,0003,0.0,0.043,0.043,1.069156
Heanet,0004,0.0,0.04,0.04,0.911412
HiberniaCanada,0000,0.0,0.062,0.062,0.900001
HiberniaCanada,0001,0.001,0.076,0.077,0.902308
HiberniaCanada,0002,0.001,0.079,0.08,0.90003
HiberniaCanada,0003,0.001,0.068,0.069,0.900007
HiberniaCanada,0004,0.0,0.073,0.073,0.900053
HiberniaGlobal,0000,0.018,4.7,4.718,0.987353
HiberniaGlobal,0001,0.019,4.528,4.547,0.937103
HiberniaGlobal,0002,0.028,4.816,4.844,1.044716
HiberniaGlobal,0003,0.017,3.98,3.997,1.0091329999999998
HiberniaGlobal,0004,0.018,4.005,4.023,1.002381
HiberniaIreland,0000,0.0,0.037,0.037,0.903995
HiberniaIreland,0001,0.0,0.06,0.06,0.900041
HiberniaIreland,0002,0.001,0.044,0.045,0.900001
HiberniaIreland,0003,0.0,0.043,0.043,0.9
HiberniaIreland,0004,0.0,0.053,0.053,0.900077
HiberniaNireland,0000,0.002,0.115,0.117,0.900031
HiberniaNireland,0001,0.002,0.155,0.157,0.900048999892875
HiberniaNireland,0002,0.002,0.137,0.139,0.900013
HiberniaNireland,0003,0.002,0.169,0.171,0.9000039999999991
HiberniaNireland,0004,0.002,0.117,0.119,0.900006
HiberniaUk,0000,0.001,0.077,0.078,0.9000349999999999
HiberniaUk,0001,0.001,0.103,0.104,0.9000509999999999
HiberniaUk,0002,0.001,0.089,0.09,0.900073
HiberniaUk,0003,0.001,0.096,0.097,0.900022
HiberniaUk,0004,0.001,0.07,0.071,0.90005
HiberniaUs,0000,0.003,0.182,0.185,0.899958
HiberniaUs,0001,0.003,0.183,0.186,0.899958
HiberniaUs,0002,0.003,0.256,0.259,0.900035
HiberniaUs,0003,0.002,0.166,0.168,0.899965
HiberniaUs,0004,0.002,0.179,0.181,0.899955
Highwinds,0000,0.002,0.212,0.214,1.800016
Highwinds,0001,0.002,0.168,0.17,1.800072
Highwinds,0002,0.001,0.194,0.195,1.800006
Highwinds,0003,0.002,0.136,0.138,1.860619
Highwinds,0004,0.002,0.159,0.161,1.800082
HostwayInternational,0000,0.001,0.126,0.127,0.900065
HostwayInternational,0001,0.001,0.086,0.087,0.899976
HostwayInternational,0002,0.001,0.081,0.082,0.899974
HostwayInternational,0003,0.001,0.091,0.092,0.900069
HostwayInternational,0004,0.001,0.085,0.086,0.899976
HurricaneElectric,0000,0.003,0.473,0.476,0.900065
HurricaneElectric,0001,0.002,0.205,0.207,0.900074
HurricaneElectric,0002,0.003,0.222,0.225,0.8999869999999999
HurricaneElectric,0003,0.002,0.551,0.553,0.900058
HurricaneElectric,0004,0.003,0.315,0.318,0.9000630000000001
Ibm,0000,0.001,1.688,1.689,0.8998444444444444
Ibm,0001,0.002,0.269,0.271,0.8998666666666667
Ibm,0002,0.001,0.299,0.3,0.8998222222222222
Ibm,0003,0.001,0.433,0.434,0.8998666666666667
Ibm,0004,0.001,0.288,0.289,0.8998444444444444
Iij,0000,0.008,0.54,0.548,0.9001051914544753
Iij,0001,0.008,0.576,0.584,1.0440097133809156
Iij,0002,0.008,0.534,0.542,1.026588119695216
Iij,0003,0.008,0.701,0.709,0.9000280309606481
Iij,0004,0.008,0.715,0.723,0.9001096121077675
Iinet,0000,0.005,0.289,0.294,1.079384
Iinet,0001,0.005,0.321,0.326,0.900019
Iinet,0002,0.005,0.347,0.352,0.900012
Iinet,0003,0.005,0.318,0.323,0.900041
Iinet,0004,0.005,0.338,0.343,0.900012
Ilan,0000,0.001,0.065,0.066,0.914012
Ilan,0001,0.001,0.097,0.098,0.900076
Ilan,0002,0.001,0.109,0.11,0.900046
Ilan,0003,0.001,0.103,0.104,0.9000819999999999
Ilan,0004,0.001,0.062,0.063,1.020346
Integra,0000,0.004,0.378,0.382,0.899967
Integra,0001,0.003,0.292,0.295,0.900015
Integra,0002,0.004,0.352,0.356,0.899968
Integra,0003,0.003,0.289,0.292,0.900042
Integra,0004,0.003,0.375,0.378,0.8999739999999999
Intellifiber,0000,0.027,11.547,11.574,0.899749
Intellifiber,0001,0.028,10.404,10.432,0.899763
Intellifiber,0002,0.026,10.615,10.641,0.899777
Intellifiber,0003,0.026,11.872,11.898,0.899758
Intellifiber,0004,0.028,10.649,10.677,0.899773
Internetmci,0000,0.002,0.172,0.174,1.7999555555555555
Internetmci,0001,0.002,0.218,0.22,1.7999777777777777
Internetmci,0002,0.002,0.287,0.289,1.6323777777777775
Internetmci,0003,0.002,0.288,0.29,1.540883870967742
Internetmci,0004,0.003,0.177,0.18,1.7998888888888889
Internode,0000,0.025,3.247,3.272,1.2119702372950563
Internode,0001,0.023,3.464,3.487,1.132372
Internode,0002,0.025,3.258,3.283,1.3384756188648905
Internode,0003,0.022,3.3,3.322,1.1322924444444444
Internode,0004,0.023,3.427,3.45,1.1331556249999999
Interoute,0000,0.074,63.136,63.21,1.199604
Interoute,0001,0.074,59.707,59.781,1.199641
Interoute,0002,0.092,59.493,59.585,1.199569
Interoute,0003,0.072,63.857,63.929,1.1995559999999998
Interoute,0004,0.071,65.236,65.307,1.194856
Intranetwork,0000,0.013,1.391,1.404,1.221881
Intranetwork,0001,0.01,1.337,1.347,1.035221
Intranetwork,0002,0.01,1.335,1.345,1.038016
Intranetwork,0003,0.01,1.37,1.38,1.086011
Intranetwork,0004,0.009,1.31,1.319,0.997462
Ion,0000,0.096,116.103,116.199,0.899493
Ion,0001,0.098,89.752,89.85,0.899416
Ion,0002,0.156,86.141,86.297,0.899404
Ion,0003,0.1,83.056,83.156,0.899434
Ion,0004,0.098,90.484,90.582,0.899466
IowaStatewideFiberMap,0000,0.006,0.752,0.758,0.900011
IowaStatewideFiberMap,0001,0.006,0.622,0.628,0.900036
IowaStatewideFiberMap,0002,0.007,0.538,0.545,0.900024
IowaStatewideFiberMap,0003,0.006,0.555,0.561,0.900006
IowaStatewideFiberMap,0004,0.006,0.768,0.774,0.899999
Iris,0000,0.017,2.2,2.217,0.899906
Iris,0001,0.017,2.466,2.483,0.899882
Iris,0002,0.017,2.397,2.414,0.89988
Iris,0003,0.017,2.197,2.214,0.899933
Iris,0004,0.018,2.194,2.212,0.899855
Istar,0000,0.002,0.133,0.135,0.899945
Istar,0001,0.003,0.2,0.203,0.899945
Istar,0002,0.003,0.128,0.131,0.899944
Istar,0003,0.002,0.136,0.138,0.8999479999999999
Istar,0004,0.003,0.129,0.132,0.899949
Itnet,0000,0.0,0.037,0.037,0.899995
Itnet,0001,0.0,0.038,0.038,0.899994
Itnet,0002,0.001,0.037,0.038,0.899995
Itnet,0003,0.0,0.038,0.038,0.899994
Itnet,0004,0.001,0.037,0.038,0.899995
Janetbackbone,0000,0.004,0.508,0.512,0.900056
Janetbackbone,0001,0.004,0.361,0.365,0.900014
Janetbackbone,0002,0.004,0.527,0.531,0.900046
Janetbackbone,0003,0.005,0.454,0.459,0.9000360000000001
Janetbackbone,0004,0.004,0.502,0.506,0.900027
JanetExternal,0000,0.0,0.035,0.035,0.8999952
JanetExternal,0001,0.0,0.037,0.037,0.8999956
JanetExternal,0002,0.001,0.039,0.04,0.8999948
JanetExternal,0003,0.0,0.035,0.035,0.8999944
JanetExternal,0004,0.0,0.035,0.035,0.8999952
Janetlense,0000,0.002,0.126,0.128,1.350036
Janetlense,0001,0.002,0.119,0.121,1.211582
Janetlense,0002,0.002,0.138,0.14,1.15521
Janetlense,0003,0.003,0.128,0.131,0.900073
Janetlense,0004,0.002,0.123,0.125,0.999866
Jgn2Plus,0000,0.002,0.075,0.077,0.899963
Jgn2Plus,0001,0.001,0.083,0.084,0.899966
Jgn2Plus,0002,0.002,0.076,0.078,0.899964
Jgn2Plus,0003,0.001,0.075,0.076,0.899959
Jgn2Plus,0004,0.001,0.077,0.078,0.899959
Karen,0000,0.003,0.183,0.186,0.9899956
Karen,0001,0.003,0.173,0.176,0.9916195999999999
Karen,0002,0.003,0.181,0.184,0.9899958
Karen,0003,0.003,0.182,0.185,0.9899967
Karen,0004,0.003,0.172,0.175,0.9899963999999999
KentmanApr2007,0000,0.002,0.123,0.125,0.89968
KentmanApr2007,0001,0.003,0.125,0.128,0.89969
KentmanApr2007,0002,0.003,0.109,0.112,0.89972
KentmanApr2007,0003,0.003,0.117,0.12,0.89971
KentmanApr2007,0004,0.002,0.127,0.129,0.89972
KentmanAug2005,0000,0.003,0.191,0.194,0.8996516129032258
KentmanAug2005,0001,0.003,0.194,0.197,0.8996580645161291
KentmanAug2005,0002,0.003,0.202,0.205,0.8996258064516129
KentmanAug2005,0003,0.003,0.207,0.21,0.8996516129032258
KentmanAug2005,0004,0.003,0.204,0.207,0.8998387096774194
KentmanFeb2008,0000,0.002,0.174,0.176,0.8997
KentmanFeb2008,0001,0.002,0.177,0.179,0.9928224153211498
KentmanFeb2008,0002,0.003,0.173,0.176,0.89968
KentmanFeb2008,0003,0.003,0.166,0.169,0.8996899999999999
KentmanFeb2008,0004,0.003,0.168,0.171,0.89966
KentmanJan2011,0000,0.008,0.427,0.435,0.899932
KentmanJan2011,0001,0.009,0.425,0.434,0.8999139999999999
KentmanJan2011,0002,0.017,0.432,0.449,0.899913
KentmanJan2011,0003,0.008,0.414,0.422,0.89992
KentmanJan2011,0004,0.009,0.413,0.422,0.8999329999999999
KentmanJul2005,0000,0.001,0.073,0.074,0.8995294117647059
KentmanJul2005,0001,0.002,0.115,0.117,0.8995294117647059
KentmanJul2005,0002,0.001,0.091,0.092,0.8996580645161291
KentmanJul2005,0003,0.002,0.097,0.099,0.8999419354838709
KentmanJul2005,0004,0.001,0.081,0.082,0.899916129032258
Kreonet,0000,0.001,0.046,0.047,0.8999992
Kreonet,0001,0.001,0.05,0.051,0.89999925
Kreonet,0002,0.0,0.047,0.047,0.89999925
Kreonet,0003,0.0,0.044,0.044,0.89999925
Kreonet,0004,0.001,0.055,0.056,0.89999925
LambdaNet,0000,0.012,1.585,1.597,0.899942
LambdaNet,0001,0.011,1.338,1.349,0.899956
LambdaNet,0002,0.011,1.721,1.732,0.899961
LambdaNet,0003,0.012,1.444,1.456,0.899967
LambdaNet,0004,0.011,1.293,1.304,0.899905
Latnet,0000,0.024,3.034,3.058,0.8970400000000001
Latnet,0001,0.024,2.998,3.022,0.94154
Latnet,0002,0.023,2.882,2.905,0.89705
Latnet,0003,0.024,2.986,3.01,0.8970899999999999
Latnet,0004,0.025,3.032,3.057,0.89701
Layer42,0000,0.0,0.04,0.04,0.904542
Layer42,0001,0.0,0.055,0.055,0.90265
Layer42,0002,0.0,0.048,0.048,0.905147
Layer42,0003,0.0,0.032,0.032,0.974519
Layer42,0004,0.0,0.031,0.031,0.900035
Litnet,0000,0.013,0.598,0.611,0.899897
Litnet,0001,0.013,0.61,0.623,0.899929
Litnet,0002,0.013,0.606,0.619,0.89996
Litnet,0003,0.013,0.608,0.621,0.899909
Litnet,0004,0.013,0.595,0.608,0.899901
Marnet,0000,0.002,0.083,0.085,2.357032258064516
Marnet,0001,0.001,0.082,0.083,2.932135483870968
Marnet,0002,0.002,0.082,0.084,2.4704516129032257
Marnet,0003,0.002,0.103,0.105,2.932141935483871
Marnet,0004,0.001,0.083,0.084,2.9321225806451614
Marwan,0000,0.001,0.079,0.08,0.8998478173808571
Marwan,0001,0.001,0.112,0.113,0.9610252302763316
Marwan,0002,0.001,0.085,0.086,1.1999359231077291
Marwan,0003,0.001,0.08,0.081,0.8998157789347216
Marwan,0004,0.001,0.076,0.077,0.8997837404885863
Missouri,0000,0.022,8.126,8.148,0.899826
Missouri,0001,0.023,6.858,6.881,0.899751
Missouri,0002,0.024,7.579,7.603,0.899751
Missouri,0003,0.023,6.853,6.876,0.899828
Missouri,0004,0.023,7.708,7.731,0.899763
Mren,0000,0.0,0.026,0.026,0.899997
Mren,0001,0.0,0.026,0.026,0.899997
Mren,0002,0.0,0.038,0.038,0.899996
Mren,0003,0.0,0.026,0.026,0.899998
Mren,0004,0.0,0.026,0.026,0.899997
Myren,0000,0.009,0.398,0.407,1.44885
Myren,0001,0.008,0.42,0.428,1.550329
Myren,0002,0.008,0.388,0.396,0.8997741935483871
Myren,0003,0.009,0.38,0.389,0.89956
Myren,0004,0.008,0.392,0.4,0.8996399999999998
Napnet,0000,0.0,0.046,0.046,1.0766444444444445
Napnet,0001,0.0,0.062,0.062,0.9469777777777778
Napnet,0002,0.0,0.031,0.031,0.8999555555555556
Napnet,0003,0.0,0.03,0.03,1.0675555555555556
Napnet,0004,0.0,0.033,0.033,0.8999555555555554
Navigata,0000,0.0,0.068,0.068,0.9000579999999999
Navigata,0001,0.001,0.073,0.074,0.900017
Navigata,0002,0.001,0.085,0.086,0.900029
Navigata,0003,0.001,0.066,0.067,0.899993
Navigata,0004,0.001,0.07,0.071,0.9000229999999999
Netrail,0000,0.0,0.063,0.063,0.9185555555555556
Netrail,0001,0.0,0.051,0.051,0.9245111111111104
Netrail,0002,0.0,0.091,0.091,0.9050444444444443
Netrail,0003,0.0,0.068,0.068,0.9542888888888883
Netrail,0004,0.0,0.035,0.035,0.9616888888888889
NetworkUsa,0000,0.007,0.687,0.694,0.899958
NetworkUsa,0001,0.007,0.592,0.599,0.899943
NetworkUsa,0002,0.008,0.696,0.704,0.899952
NetworkUsa,0003,0.014,0.752,0.766,0.899992
NetworkUsa,0004,0.014,0.603,0.617,0.899965
Nextgen,0000,0.001,0.106,0.107,0.899974
Nextgen,0001,0.001,0.148,0.149,0.899972
Nextgen,0002,0.001,0.13,0.131,0.899971
Nextgen,0003,0.001,0.105,0.106,0.899968
Nextgen,0004,0.002,0.094,0.096,0.899971
Niif,0000,0.008,0.392,0.4,0.90002
Niif,0001,0.008,0.39,0.398,0.899982
Niif,0002,0.008,0.405,0.413,0.899983
Niif,0003,0.008,0.409,0.417,0.899991
Niif,0004,0.008,0.396,0.404,0.899963
Noel,0000,0.002,0.11,0.112,0.900007
Noel,0001,0.001,0.14,0.141,0.899991
Noel,0002,0.002,0.191,0.193,0.9000069999999999
Noel,0003,0.001,0.205,0.206,0.900022
Noel,0004,0.002,0.213,0.215,0.899991
Nordu1989,0000,0.0,0.028,0.028,0.89921875
Nordu1989,0001,0.001,0.027,0.028,0.89921875
Nordu1989,0002,0.0,0.028,0.028,0.899375
Nordu1989,0003,0.0,0.034,0.034,0.89921875
Nordu1989,0004,0.0,0.028,0.028,0.89921875
Nordu1997,0000,0.001,0.045,0.046,0.899978
Nordu1997,0001,0.001,0.049,0.05,0.899979
Nordu1997,0002,0.001,0.048,0.049,0.899978
Nordu1997,0003,0.001,0.047,0.048,0.899981
Nordu1997,0004,0.001,0.047,0.048,0.899979
Nordu2005,0000,0.0,0.032,0.032,1.0737555
Nordu2005,0001,0.0,0.039,0.039,1.3499996
Nordu2005,0002,0.001,0.032,0.033,1.3499997
Nordu2005,0003,0.001,0.032,0.033,1.0587268
Nordu2005,0004,0.0,0.033,0.033,1.3499993
Nordu2010,0000,0.001,0.054,0.055,0.8999799999999999
Nordu2010,0001,0.001,0.06,0.061,0.899982
Nordu2010,0002,0.001,0.057,0.058,0.8999809999999999
Nordu2010,0003,0.001,0.052,0.053,0.899979
Nordu2010,0004,0.001,0.053,0.054,0.899985
Nsfcnet,0000,0.0,0.033,0.033,0.937616
Nsfcnet,0001,0.0,0.055,0.055,0.900074
Nsfcnet,0002,0.0,0.036,0.036,0.8999979999999999
Nsfcnet,0003,0.001,0.046,0.047,0.900071
Nsfcnet,0004,0.0,0.045,0.045,0.900042
Nsfnet,0000,0.001,0.077,0.078,0.8957253886010362
Nsfnet,0001,0.001,793.107,793.108,0.8963730569948186
Nsfnet,0002,0.001,0.347,0.348,0.8976683937823834
Nsfnet,0003,0.001,2.786,2.787,0.9177461139896373
Nsfnet,0004,0.001,31.721,31.722,0.8983160621761658
Ntelos,0000,0.016,2.149,2.165,0.899852
Ntelos,0001,0.016,2.221,2.237,0.899861
Ntelos,0002,0.015,2.289,2.304,0.899862
Ntelos,0003,0.016,2.199,2.215,0.899861
Ntelos,0004,0.016,2.18,2.196,0.8998609999999996
Ntt,0000,0.006,2.422,2.428,3.1329294463734567
Ntt,0001,0.006,1.329,1.335,4.50537511252572
Ntt,0002,0.005,2.159,2.164,4.683189461162551
Ntt,0003,0.005,2.151,2.156,2.99619843910751
Ntt,0004,0.005,14.746,14.751,3.4022349416473765
Oteglobe,0000,0.07,17.653,17.723,1.252771
Oteglobe,0001,0.054,15.937,15.991,1.252388
Oteglobe,0002,0.046,16.466,16.512,1.164698
Oteglobe,0003,0.049,16.393,16.442,1.199696
Oteglobe,0004,0.046,15.752,15.798,1.19327
Oxford,0000,0.002,0.149,0.151,0.900013
Oxford,0001,0.002,0.151,0.153,0.900047
Oxford,0002,0.002,0.128,0.13,0.900007
Oxford,0003,0.002,0.146,0.148,0.900044
Oxford,0004,0.002,0.187,0.189,0.900001
Pacificwave,0000,0.002,0.095,0.097,1.8001083
Pacificwave,0001,0.001,0.088,0.089,1.800019
Pacificwave,0002,0.001,0.097,0.098,1.8000362
Pacificwave,0003,0.001,0.104,0.105,1.8001246
Pacificwave,0004,0.001,0.101,0.102,1.8000152
Packetexchange,0000,0.003,0.144,0.147,0.899956
Packetexchange,0001,0.002,0.159,0.161,0.899955
Packetexchange,0002,0.002,0.166,0.168,0.899951
Packetexchange,0003,0.002,0.145,0.147,0.899955
Packetexchange,0004,0.002,0.156,0.158,0.899952
Padi,0000,0.0,0.028,0.028,0.89997
Padi,0001,0.001,0.027,0.028,0.8994
Padi,0002,0.0,0.028,0.028,0.8994
Padi,0003,0.0,0.027,0.027,0.8994
Padi,0004,0.0,0.028,0.028,0.8994
Palmetto,0000,0.014,1.694,1.708,1.013857
Palmetto,0001,0.013,2.034,2.047,0.914641
Palmetto,0002,0.014,1.825,1.839,1.10229
Palmetto,0003,0.014,1.715,1.729,0.99587
Palmetto,0004,0.014,1.847,1.861,0.95853
Peer1,0000,0.001,0.105,0.106,0.899983
Peer1,0001,0.001,0.077,0.078,0.899985
Peer1,0002,0.001,0.145,0.146,0.900005
Peer1,0003,0.002,0.497,0.499,0.900053
Peer1,0004,0.001,0.635,0.636,0.900027
Pern,0000,0.099,20.872,20.971,0.898501
Pern,0001,0.098,20.416,20.514,0.898509
Pern,0002,0.1,20.923,21.023,0.898502
Pern,0003,0.102,21.272,21.374,0.898533
Pern,0004,0.107,21.002,21.109,0.898505
PionierL1,0000,0.008,0.669,0.677,0.89998
PionierL1,0001,0.008,0.753,0.761,0.899984
PionierL1,0002,0.007,0.705,0.712,0.899982
PionierL1,0003,0.008,0.844,0.852,0.899946
PionierL1,0004,0.007,0.772,0.779,0.8999739999999999
PionierL3,0000,0.009,0.901,0.91,1.4663587
PionierL3,0001,0.009,0.998,1.007,1.3623937
PionierL3,0002,0.009,1.017,1.026,1.32881965
PionierL3,0003,0.01,0.946,0.956,1.6821686
PionierL3,0004,0.009,0.874,0.883,1.646869
Psinet,0000,0.002,0.195,0.197,0.8992
Psinet,0001,0.002,0.265,0.267,0.8993555555555555
Psinet,0002,0.004,0.206,0.21,0.8992444444444445
Psinet,0003,0.002,0.196,0.198,0.8993111111111111
Psinet,0004,0.003,0.192,0.195,0.8992444444444444
Quest,0000,0.002,0.206,0.208,0.900058
Quest,0001,0.003,0.351,0.354,0.900045
Quest,0002,0.003,50.491,50.494,0.914234
Quest,0003,0.002,0.387,0.389,0.900003
Quest,0004,0.003,1.565,1.568,0.900019
RedBestel,0000,0.048,20.567,20.615,1.125482
RedBestel,0001,0.046,20.668,20.714,1.17221
RedBestel,0002,0.047,20.545,20.592,0.995576
RedBestel,0003,0.046,20.608,20.654,0.960074
RedBestel,0004,0.048,20.569,20.617,1.040702
Rediris,0000,0.001,0.374,0.375,0.9085092
Rediris,0001,0.002,0.227,0.229,0.9093159999999999
Rediris,0002,0.001,0.219,0.22,0.9149716
Rediris,0003,0.001,0.252,0.253,0.9336544
Rediris,0004,0.002,0.215,0.217,0.9752152000000001
Renam,0000,0.0,0.024,0.024,0.89975
Renam,0001,0.0,0.025,0.025,0.899875
Renam,0002,0.0,0.046,0.046,0.89875
Renam,0003,0.0,0.024,0.024,0.899899033607385
Renam,0004,0.0,0.024,0.024,0.89875
Renater1999,0000,0.003,0.124,0.127,0.8996387096774193
Renater1999,0001,0.003,0.131,0.134,0.8996645161290323
Renater1999,0002,0.002,0.132,0.134,0.8996580645161291
Renater1999,0003,0.002,0.126,0.128,0.8996451612903226
Renater1999,0004,0.005,0.15,0.155,0.8996580645161291
Renater2001,0000,0.002,0.259,0.261,0.956941935483871
Renater2001,0001,0.003,0.145,0.148,1.1750258064516128
Renater2001,0002,0.002,0.162,0.164,0.947541935483871
Renater2001,0003,0.003,0.144,0.147,0.899832258064516
Renater2001,0004,0.003,0.162,0.165,0.8999032258064517
Renater2004,0000,0.004,0.447,0.451,0.9797496
Renater2004,0001,0.005,0.425,0.43,0.9862448
Renater2004,0002,0.005,0.512,0.517,0.9383132
Renater2004,0003,0.005,1.108,1.113,0.9140176
Renater2004,0004,0.005,0.474,0.479,0.9145988
Renater2006,0000,0.006,0.458,0.464,0.9000792
Renater2006,0001,0.006,0.542,0.548,0.9000096
Renater2006,0002,0.005,0.789,0.794,0.9000152
Renater2006,0003,0.006,0.547,0.553,0.9000324
Renater2006,0004,0.006,0.44,0.446,0.9000248000000001
Renater2008,0000,0.006,0.529,0.535,0.9000096
Renater2008,0001,0.006,0.537,0.543,0.9000647999999999
Renater2008,0002,0.006,0.648,0.654,0.9000352
Renater2008,0003,0.006,0.582,0.588,0.9000028
Renater2008,0004,0.005,0.523,0.528,0.9000020000000001
Renater2010,0000,0.013,1.214,1.227,0.8996645161290323
Renater2010,0001,0.013,1.329,1.342,0.8996838709677419
Renater2010,0002,0.013,1.469,1.482,0.8997096774193548
Renater2010,0003,0.013,1.606,1.619,0.8997290322580646
Renater2010,0004,0.013,1.183,1.196,0.8996903225806452
Restena,0000,0.001,0.106,0.107,0.9663823
Restena,0001,0.002,0.098,0.1,0.9543425
Restena,0002,0.002,0.11,0.112,0.951228
Restena,0003,0.002,0.105,0.107,0.9416971999999999
Restena,0004,0.003,0.115,0.118,0.9401589
Reuna,0000,0.008,0.484,0.492,0.8993707317073171
Reuna,0001,0.009,0.476,0.485,0.8993853658536586
Reuna,0002,0.008,0.472,0.48,0.899380487804878
Reuna,0003,0.009,0.464,0.473,0.8994750830564784
Reuna,0004,0.009,0.55,0.559,0.8993756097560975
Rhnet,0000,0.002,0.077,0.079,0.899974
Rhnet,0001,0.002,0.075,0.077,0.899981
Rhnet,0002,0.001,0.135,0.136,0.899979
Rhnet,0003,0.002,0.076,0.078,0.899976
Rhnet,0004,0.001,0.076,0.077,0.899982
Rnp,0000,0.005,0.323,0.328,0.8999904000000001
Rnp,0001,0.005,0.299,0.304,0.8999746666666666
Rnp,0002,0.005,0.307,0.312,0.899975
Rnp,0003,0.005,0.328,0.333,0.8999914999999999
Rnp,0004,0.005,0.321,0.326,0.8999743333333333
Roedunet,0000,0.011,0.579,0.59,2.1918025648589046
Roedunet,0001,0.011,0.645,0.656,1.2592721193415637
Roedunet,0002,0.011,0.603,0.614,1.4329920076412006
Roedunet,0003,0.011,0.623,0.634,1.8847479423868312
Roedunet,0004,0.011,0.614,0.625,2.3476605846080374
RoedunetFibre,0000,0.035,1.654,1.689,0.899786
RoedunetFibre,0001,0.016,1.58,1.596,0.899795
RoedunetFibre,0002,0.016,1.602,1.618,0.899788
RoedunetFibre,0003,0.016,1.566,1.582,0.8998
RoedunetFibre,0004,0.015,1.573,1.588,0.899794
Sago,0000,0.002,0.09,0.092,0.899956
Sago,0001,0.001,0.089,0.09,0.899956
Sago,0002,0.001,0.098,0.099,0.899957
Sago,0003,0.002,0.091,0.093,0.899965
Sago,0004,0.002,0.105,0.107,0.89996
Sanet,0000,0.012,1.457,1.469,0.9001425999999997
Sanet,0001,0.014,1.39,1.404,0.9000333
Sanet,0002,0.013,1.371,1.384,0.9000659
Sanet,0003,0.013,1.32,1.333,0.9001415
Sanet,0004,0.013,1.273,1.286,0.9000316
Sanren,0000,0.0,0.045,0.045,0.90248
Sanren,0001,0.0,0.038,0.038,0.9571069999999999
Sanren,0002,0.001,0.041,0.042,0.90986
Sanren,0003,0.0,0.051,0.051,0.9008349999999999
Sanren,0004,0.0,0.049,0.049,0.921459
Savvis,0000,0.002,0.142,0.144,0.8996000000000001
Savvis,0001,0.002,0.123,0.125,0.8995777777777778
Savvis,0002,0.002,0.14,0.142,0.8995333333333333
Savvis,0003,0.001,0.116,0.117,0.8996
Savvis,0004,0.001,0.142,0.143,0.8995333333333333
Shentel,0000,0.005,0.349,0.354,0.899942
Shentel,0001,0.003,0.308,0.311,0.899936
Shentel,0002,0.003,0.306,0.309,0.899931
Shentel,0003,0.004,0.308,0.312,0.899931
Shentel,0004,0.004,0.331,0.335,0.899937
Sinet,0000,0.028,4.762,4.79,0.90108085
Sinet,0001,0.027,4.216,4.243,0.902518875
Sinet,0002,0.026,4.209,4.235,0.9002792
Sinet,0003,0.028,4.316,4.344,0.9033021499999999
Sinet,0004,0.027,4.386,4.413,0.9002717
Singaren,0000,0.0,0.038,0.038,0.899993
Singaren,0001,0.0,0.039,0.039,0.899995
Singaren,0002,0.001,0.053,0.054,0.899995
Singaren,0003,0.0,0.038,0.038,0.899994
Singaren,0004,0.0,0.037,0.037,0.899995
Spiralight,0000,0.001,0.095,0.096,0.90005
Spiralight,0001,0.002,0.104,0.106,0.900033
Spiralight,0002,0.001,0.087,0.088,0.900068
Spiralight,0003,0.001,0.08,0.081,0.900068
Spiralight,0004,0.001,0.08,0.081,0.900045
Sprint,0000,0.001,0.15,0.151,0.8999333333333334
Sprint,0001,0.0,1.329,1.329,0.9028222222222222
Sprint,0002,0.0,0.709,0.709,0.8999555555555555
Sprint,0003,0.001,0.345,0.346,0.9017777777777777
Sprint,0004,0.0,0.071,0.071,0.9659777777777778
Sunet,0000,0.003,0.309,0.312,1.51693
Sunet,0001,0.007,0.316,0.323,1.509564
Sunet,0002,0.003,0.414,0.417,1.799949
Sunet,0003,0.003,0.332,0.335,1.35008
Sunet,0004,0.003,0.314,0.317,1.483969
Surfnet,0000,0.017,2.107,2.124,1.053419
Surfnet,0001,0.017,2.167,2.184,1.146207
Surfnet,0002,0.017,2.564,2.581,0.900002
Surfnet,0003,0.017,2.078,2.095,1.219621
Surfnet,0004,0.017,2.176,2.193,1.243916
Switch,0000,0.027,9.322,9.349,0.8999492
Switch,0001,0.029,9.414,9.443,0.8999164
Switch,0002,0.027,9.854,9.881,0.8999608
Switch,0003,0.027,9.26,9.287,0.8999704
Switch,0004,0.026,8.895,8.921,0.8999964
SwitchL3,0000,0.011,0.944,0.955,0.9385876
SwitchL3,0001,0.011,0.909,0.92,0.9593941
SwitchL3,0002,0.012,0.895,0.907,0.9711348000000001
SwitchL3,0003,0.024,0.921,0.945,0.9701557
SwitchL3,0004,0.016,1.043,1.059,0.9418736
Syringa,0000,0.029,10.837,10.866,0.899694
Syringa,0001,0.026,10.937,10.963,0.899588
Syringa,0002,0.027,11.014,11.041,0.8995919999999997
Syringa,0003,0.027,11.133,11.16,0.899568
Syringa,0004,0.028,10.949,10.977,0.899564
TataNld,0000,0.136,265.299,265.435,0.899349
TataNld,0001,0.14,228.389,228.529,0.899397
TataNld,0002,0.142,218.45,218.592,0.899344
TataNld,0003,0.138,221.272,221.41,0.899409
TataNld,0004,0.135,262.394,262.529,0.899388
Telcove,0000,0.025,2.773,2.798,0.89935
Telcove,0001,0.027,2.722,2.749,0.899364
Telcove,0002,0.025,2.766,2.791,0.899391
Telcove,0003,0.024,2.789,2.813,0.899365
Telcove,0004,0.025,2.737,2.762,0.899382
Telecomserbia,0000,0.0,0.036,0.036,0.919178
Telecomserbia,0001,0.0,0.043,0.043,0.9037868
Telecomserbia,0002,0.0,0.064,0.064,0.9493364
Telecomserbia,0003,0.0,0.035,0.035,0.9544168
Telecomserbia,0004,0.0,0.037,0.037,0.9027136
Tinet,0000,0.018,3.249,3.267,0.899845
Tinet,0001,0.018,2.934,2.952,0.899858
Tinet,0002,0.019,3.332,3.351,0.899881
Tinet,0003,0.017,2.912,2.929,0.899896
Tinet,0004,0.017,2.857,2.874,0.89991
TLex,0000,0.001,0.092,0.093,1.480000430081994
TLex,0001,0.001,0.094,0.095,1.554011635232317
TLex,0002,0.0,0.073,0.073,1.1430136208784818
TLex,0003,0.001,0.1,0.101,1.1714215966582022
TLex,0004,0.001,0.074,0.075,1.0131464253523037
Tw,0000,0.025,6.135,6.16,1.138501
Tw,0001,0.025,6.182,6.207,1.103208
Tw,0002,0.026,6.133,6.159,1.126419
Tw,0003,0.026,6.853,6.879,1.17225
Tw,0004,0.024,6.201,6.225,1.101253
Twaren,0000,0.001,0.096,0.097,0.900044
Twaren,0001,0.002,0.096,0.098,0.899993
Twaren,0002,0.002,0.102,0.104,0.899987
Twaren,0003,0.002,0.117,0.119,0.9
Twaren,0004,0.002,0.108,0.11,0.900033
Ulaknet,0000,0.043,3.559,3.602,0.89985
Ulaknet,0001,0.041,3.585,3.626,0.899832
Ulaknet,0002,0.044,3.562,3.606,0.899846
Ulaknet,0003,0.041,3.626,3.667,0.9538447
Ulaknet,0004,0.043,3.552,3.595,0.899844
UniC,0000,0.003,0.193,0.196,1.7999239999999999
UniC,0001,0.003,0.221,0.224,1.650283
UniC,0002,0.003,0.208,0.211,1.799925
UniC,0003,0.003,0.224,0.227,1.612914
UniC,0004,0.003,0.216,0.219,1.7999239999999999
Uninet,0000,0.0,0.067,0.067,1.350082
Uninet,0001,0.001,0.075,0.076,1.350066
Uninet,0002,0.001,0.081,0.082,1.042447
Uninet,0003,0.001,0.056,0.057,1.608921
Uninet,0004,0.002,0.072,0.074,1.278975
Uninett2010,0000,0.027,6.617,6.644,0.899835
Uninett2010,0001,0.026,6.857,6.883,0.899832
Uninett2010,0002,0.028,6.773,6.801,1.068928
Uninett2010,0003,0.026,6.754,6.78,1.0120948
Uninett2010,0004,0.029,7.034,7.063,1.0636536
Uninett2011,0000,0.023,5.434,5.457,0.899905
Uninett2011,0001,0.024,5.169,5.193,0.899956
Uninett2011,0002,0.024,5.402,5.426,0.89992
Uninett2011,0003,0.024,5.071,5.095,0.900954
Uninett2011,0004,0.023,6.001,6.024,0.901267
Uran,0000,0.003,0.139,0.142,1.252659
Uran,0001,0.003,0.167,0.17,1.201474
Uran,0002,0.003,0.216,0.219,1.237587
Uran,0003,0.003,0.178,0.181,0.899945
Uran,0004,0.003,0.14,0.143,1.236725
UsCarrier,0000,0.159,185.899,186.058,0.898599
UsCarrier,0001,0.162,191.326,191.488,0.898613
UsCarrier,0002,0.164,182.54,182.704,0.89859
UsCarrier,0003,0.158,193.428,193.586,0.898686
UsCarrier,0004,0.159,195.193,195.352,0.898621
UsSignal,0000,0.02,7.306,7.326,0.899897
UsSignal,0001,0.019,6.478,6.497,0.928234
UsSignal,0002,0.02,5.451,5.471,0.8999429999999999
UsSignal,0003,0.032,6.962,6.994,0.899915
UsSignal,0004,0.019,6.064,6.083,0.89993
Uunet,0000,0.016,2.167,2.183,0.8986666666666667
Uunet,0001,0.016,2.089,2.105,0.8986666666666666
Uunet,0002,0.025,2.291,2.316,0.8986666666666666
Uunet,0003,0.018,2.923,2.941,0.8988666666666666
Uunet,0004,0.017,2.387,2.404,0.8986888888888889
Vinaren,0000,0.003,0.231,0.234,0.8994774193548387
Vinaren,0001,0.006,0.259,0.265,0.8995290322580646
Vinaren,0002,0.003,0.152,0.155,0.8995032258064517
Vinaren,0003,0.003,0.149,0.152,0.8994903225806452
Vinaren,0004,0.005,0.182,0.187,0.899541935483871
VisionNet,0000,0.003,0.16,0.163,0.899945
VisionNet,0001,0.006,0.215,0.221,0.899937
VisionNet,0002,0.003,0.162,0.165,0.899939
VisionNet,0003,0.003,0.163,0.166,0.899932
VisionNet,0004,0.003,0.276,0.279,0.89994
VtlWavenet2008,0000,0.049,28.759,28.808,0.899621
VtlWavenet2008,0001,0.047,29.32,29.367,0.899596
VtlWavenet2008,0002,0.053,27.666,27.719,0.899533
VtlWavenet2008,0003,0.05,29.093,29.143,0.899562
VtlWavenet2008,0004,0.049,28.443,28.492,0.899547
VtlWavenet2011,0000,0.05,37.993,38.043,0.899508
VtlWavenet2011,0001,0.049,38.832,38.881,0.89951
VtlWavenet2011,0002,0.054,34.207,34.261,0.899507
VtlWavenet2011,0003,0.049,32.914,32.963,0.89949
VtlWavenet2011,0004,0.05,33.447,33.497,0.899515
WideJpn,0000,0.005,0.316,0.321,0.9899885
WideJpn,0001,0.006,0.222,0.228,0.899949
WideJpn,0002,0.005,0.224,0.229,0.9899915
WideJpn,0003,0.005,0.227,0.232,0.899945
WideJpn,0004,0.005,0.3,0.305,0.989989
Xeex,0000,0.003,0.345,0.348,0.900022
Xeex,0001,0.002,1.012,1.014,1.02475
Xeex,0002,0.003,0.345,0.348,0.972484
Xeex,0003,0.002,0.561,0.563,1.040223
Xeex,0004,0.003,0.318,0.321,1.0705809999999998
Xspedius,0000,0.007,1.234,1.241,0.899988
Xspedius,0001,0.007,0.935,0.942,0.900029
Xspedius,0002,0.006,0.923,0.929,0.900044
Xspedius,0003,0.006,0.783,0.789,0.900034
Xspedius,0004,0.006,0.896,0.902,0.900053
York,0000,0.003,0.253,0.256,0.899979
York,0001,0.002,0.189,0.191,0.900044
York,0002,0.003,0.216,0.219,0.8999780000000001
York,0003,0.003,0.194,0.197,0.900009
York,0004,0.002,0.191,0.193,0.899983
Zamren,0000,0.007,0.41,0.417,0.89855
Zamren,0001,0.01,0.469,0.479,0.89854
Zamren,0002,0.007,0.419,0.426,0.89852
Zamren,0003,0.007,0.413,0.42,0.89848
Zamren,0004,0.007,0.488,0.495,0.89863
