Topology,DemandFile,2-SR_SolveTime,3-SR_SolveTime,2-SR_TotalTime,3-SR_TotalTime,2-SR_umax,3-SR_umax
Aarnet,0000,0.248,1.244,0.372,1.455,0.8999912,0.8999912
Aarnet,0001,0.216,1.236,0.33999999999999997,1.447,0.8999904,0.8999904
Aarnet,0002,0.346,1.457,0.47,1.6680000000000001,0.900031575,0.90001775
Aarnet,0003,0.228,1.273,0.352,1.484,0.8999904,0.8999904
Aarnet,0004,0.369,1.47,0.493,1.681,0.90004615,0.9000096
Abilene,0000,0.272,0.486,0.30200000000000005,0.522,0.9000360685120885,0.9000417450327932
Abilene,0001,0.095,0.154,0.125,0.19,0.9000108506944444,0.9000588499469522
Abilene,0002,0.14,0.187,0.17,0.223,0.9000662093299897,0.9000195412969393
Abilene,0003,0.154,0.215,0.184,0.251,0.9,0.9000753018100566
Abilene,0004,0.169,0.677,0.199,0.7130000000000001,0.9000458642779063,0.9000334311905221
Abvt,0000,0.401,3.196,0.454,3.4560000000000004,0.89998375,0.9000279166666666
Abvt,0001,0.267,2.273,0.32,2.5330000000000004,0.9000313333333333,0.8999877499999999
Abvt,0002,0.272,1.977,0.325,2.237,0.9000019166666667,0.9000347499999997
Abvt,0003,0.275,1.882,0.328,2.142,0.8999901666666668,0.8999695
Abvt,0004,0.27,2.192,0.323,2.452,0.8999935,0.9000284999999999
Aconet,0000,0.318,3.011,0.397,3.0620000000000003,0.9000520754716981,0.9000366037735849
Aconet,0001,0.3,2.491,0.379,2.5420000000000003,0.900030716981132,0.9000016603773583
Aconet,0002,0.38,3.251,0.459,3.302,0.9000852075471698,0.9000713962264151
Aconet,0003,0.323,2.961,0.402,3.012,0.9000024150943396,0.9000264905660378
Aconet,0004,0.341,2.711,0.42000000000000004,2.762,0.9000183396226415,0.9000426415094339
Agis,0000,0.321,2.035,0.437,2.4650000000000003,0.8998,0.8997666666666667
Agis,0001,0.449,3.645,0.5650000000000001,4.075,0.8997849462365591,0.8997774193548386
Agis,0002,0.332,1.536,0.448,1.966,0.8997851851851852,0.8997688172043009
Agis,0003,0.381,1.688,0.497,2.118,0.8997925925925925,0.8997741935483871
Agis,0004,0.438,1.81,0.554,2.24,0.8997685185185184,0.8997924731182795
Ai3,0000,0.036,0.037,0.057999999999999996,0.056999999999999995,0.899993,0.899993
Ai3,0001,0.039,0.045,0.061,0.065,0.899994,0.899994
Ai3,0002,0.037,0.037,0.059,0.056999999999999995,0.899992,0.899992
Ai3,0003,0.037,0.039,0.059,0.059,0.899993,0.899993
Ai3,0004,0.054,0.036,0.076,0.055999999999999994,0.899991,0.899991
Airtel,0000,0.577,2.575,0.613,2.641,0.9000526666666666,0.900083
Airtel,0001,1.878,7.451,1.914,7.5169999999999995,0.9000428,0.900025
Airtel,0002,1.259,5.404,1.295,5.47,0.899993,0.899993
Airtel,0003,1.993,10.705,2.029,10.771,0.9000479999999997,0.9000836666666666
Airtel,0004,0.297,0.92,0.33299999999999996,0.986,0.9000661666666666,0.9000236666666663
Amres,0000,0.069,0.069,0.15200000000000002,0.502,0.899929,0.899929
Amres,0001,0.067,0.097,0.15000000000000002,0.53,0.899926,0.899926
Amres,0002,0.069,0.068,0.15200000000000002,0.501,0.899926,0.899926
Amres,0003,0.066,0.067,0.14900000000000002,0.5,0.899926,0.899926
Amres,0004,0.069,0.068,0.15200000000000002,0.501,0.899943,0.899943
Ans,0000,1.013,1.794,1.057,1.972,0.8997777777777778,0.8997777777777778
Ans,0001,0.966,3.545,1.01,3.723,0.8998666666666667,0.8998777777777777
Ans,0002,0.485,3.237,0.529,3.415,0.8997277777777778,0.8997666666666667
Ans,0003,0.335,1.408,0.379,1.5859999999999999,0.8997722222222222,0.8997555555555555
Ans,0004,0.744,1.556,0.788,1.734,0.8997055555555528,0.8996833333333333
Arn,0000,0.077,0.09,0.16599999999999998,0.313,0.8964583333333334,0.8964583333333334
Arn,0001,0.077,0.075,0.16599999999999998,0.298,0.89675,0.89675
Arn,0002,0.077,0.076,0.16599999999999998,0.299,0.8967916666666667,0.8967916666666667
Arn,0003,0.078,0.075,0.16699999999999998,0.298,0.8964583333333334,0.8964583333333334
Arn,0004,0.076,0.077,0.16499999999999998,0.3,0.8967916666666667,0.8967916666666667
Arnes,0000,0.723,6.89,0.756,6.946,0.90261375,0.90000325
Arnes,0001,0.623,5.799,0.656,5.855,0.905294375,0.90006625
Arnes,0002,0.68,5.628,0.7130000000000001,5.684,0.90068775,0.900027875
Arnes,0003,0.749,6.023,0.782,6.079,0.90325925,0.9000475
Arnes,0004,0.482,3.971,0.515,4.027,0.904476375,0.9000775
Arpanet196912,0000,0.036,0.035,0.051,0.049,0.962446,0.962446
Arpanet196912,0001,0.045,0.043,0.06,0.056999999999999995,1.132629,1.132629
Arpanet196912,0002,0.035,0.071,0.05,0.08499999999999999,0.923963,0.923963
Arpanet196912,0003,0.035,0.05,0.05,0.064,0.961027,0.961027
Arpanet196912,0004,0.035,0.034,0.05,0.048,1.208269,1.208269
Arpanet19706,0000,0.042,0.042,0.067,0.062,0.899989,0.899989
Arpanet19706,0001,0.053,0.087,0.078,0.107,0.899991,0.899991
Arpanet19706,0002,0.046,0.075,0.07100000000000001,0.095,0.899989,0.899989
Arpanet19706,0003,0.072,0.045,0.097,0.065,0.899991,0.899991
Arpanet19706,0004,0.043,0.043,0.068,0.063,0.899991,0.899991
Arpanet19719,0000,0.154,0.499,0.198,0.576,0.9000514999999999,0.900052
Arpanet19719,0001,0.169,0.586,0.21300000000000002,0.6629999999999999,0.9000235,0.899988
Arpanet19719,0002,0.16,0.725,0.20400000000000001,0.8019999999999999,0.90001,0.89998325
Arpanet19719,0003,0.177,0.533,0.22099999999999997,0.61,0.900033,0.90004
Arpanet19719,0004,0.209,0.502,0.253,0.579,0.900056,0.9000125
Arpanet19723,0000,0.305,1.023,0.356,1.144,0.8999955,0.900009
Arpanet19723,0001,0.439,1.208,0.49,1.329,0.90001575,0.89997225
Arpanet19723,0002,0.346,1.296,0.39699999999999996,1.417,0.899974,0.89999975
Arpanet19723,0003,0.27,1.253,0.321,1.3739999999999999,0.89997525,0.8999595
Arpanet19723,0004,0.369,0.924,0.42,1.045,0.8999867500000001,0.89999175
Arpanet19728,0000,1.432,8.453,1.5,8.873,0.900033,0.900013
Arpanet19728,0001,1.183,12.879,1.2510000000000001,13.299,0.90002375,0.900043
Arpanet19728,0002,1.375,5.89,1.443,6.31,0.9000015,0.90002375
Arpanet19728,0003,1.011,15.133,1.079,15.552999999999999,0.89996825,0.90000725
Arpanet19728,0004,0.813,5.633,0.881,6.053,0.900043,0.90000075
AsnetAm,0000,1.518,19.042,1.766,19.976000000000003,0.899725,0.899725
AsnetAm,0001,1.566,16.74,1.814,17.674,0.899732,0.899732
AsnetAm,0002,1.339,13.284,1.587,14.218,0.899717,0.899717
AsnetAm,0003,1.531,17.148,1.779,18.082,0.899718,0.899718
AsnetAm,0004,1.903,16.679,2.151,17.613,0.899929,0.89986775
Atmnet,0000,0.176,0.275,0.21999999999999997,0.333,0.8998419354838709,0.8998548387096774
Atmnet,0001,0.238,0.408,0.282,0.46599999999999997,0.8998806451612904,0.8999
Atmnet,0002,0.209,0.305,0.253,0.363,0.8998516129032252,0.8998709677419338
Atmnet,0003,0.196,0.453,0.24,0.511,0.8998774193548387,0.8998903225806452
Atmnet,0004,0.291,0.393,0.33499999999999996,0.451,0.8998903225806452,0.8998548387096774
AttMpls,0000,194.343,433.618,194.415,435.99899999999997,0.900083,0.9000786666666666
AttMpls,0001,131.687,1801.984,131.75900000000001,1804.365,0.9000855,0.9000915000000002
AttMpls,0002,5.643,274.852,5.715,277.23299999999995,0.9000504583333333,0.9000370416666666
AttMpls,0003,12.104,167.131,12.175999999999998,169.512,0.9000562499999998,0.9000516666666666
AttMpls,0004,9.334,49.07,9.405999999999999,51.451,0.9000545,0.9000645
Azrena,0000,0.097,0.083,0.131,0.119,0.89996,0.89996
Azrena,0001,0.101,0.072,0.135,0.10799999999999998,0.899949,0.899949
Azrena,0002,0.064,0.075,0.098,0.11099999999999999,0.899956,0.899956
Azrena,0003,0.071,0.111,0.105,0.147,0.899946,0.899946
Azrena,0004,0.077,0.105,0.111,0.141,0.899962,0.899962
Bandcon,0000,0.316,1.798,0.363,1.927,0.8999983333333332,0.9000143333333332
Bandcon,0001,0.29,1.143,0.33699999999999997,1.272,0.90004525,0.8999828333333333
Bandcon,0002,0.21,1.037,0.257,1.166,0.8999835,0.90003
Bandcon,0003,0.237,1.352,0.284,1.481,0.8999954999999998,0.9000070833333332
Bandcon,0004,0.19,1.035,0.237,1.164,0.8999915,0.899994
Basnet,0000,0.036,0.036,0.1,0.23600000000000002,0.8997419354838709,0.8997419354838709
Basnet,0001,0.036,0.036,0.1,0.23600000000000002,0.8996129032258064,0.8996129032258064
Basnet,0002,0.035,0.035,0.099,0.23500000000000001,0.8996129032258064,0.8996129032258064
Basnet,0003,0.035,0.035,0.099,0.23500000000000001,0.8996129032258064,0.8996129032258064
Basnet,0004,0.035,0.035,0.099,0.23500000000000001,0.8997419354838709,0.8997419354838709
Bbnplanet,0000,0.189,0.277,0.235,0.334,0.8990666666666667,0.8990555555555556
Bbnplanet,0001,0.257,0.306,0.303,0.363,0.8992,0.8991555555555556
Bbnplanet,0002,0.254,0.237,0.3,0.294,0.899,0.898988888888889
Bbnplanet,0003,0.228,0.239,0.274,0.296,0.8989555555555555,0.8989333333333334
Bbnplanet,0004,0.153,0.315,0.199,0.372,0.8989888888888888,0.8989666666666667
Bellcanada,0000,2.109,35.035,2.298,37.486999999999995,0.899894,0.899876
Bellcanada,0001,2.071,36.377,2.2600000000000002,38.829,0.8998815,0.899953
Bellcanada,0002,2.088,33.611,2.277,36.062999999999995,0.8998775,0.8998775
Bellcanada,0003,2.041,36.671,2.23,39.123,0.8998745,0.8998745
Bellcanada,0004,2.15,51.853,2.339,54.305,0.899933,0.899904
Bellsouth,0000,1.203,16.452,1.421,18.966,0.899881,0.899881
Bellsouth,0001,1.145,16.818,1.363,19.332,0.899906,0.899906
Bellsouth,0002,1.175,16.116,1.393,18.63,0.899886,0.899886
Bellsouth,0003,1.181,16.18,1.399,18.694,0.899881,0.899881
Bellsouth,0004,1.198,16.292,1.416,18.806,0.8998925,0.8998925
Belnet2003,0000,0.36,2.136,0.432,2.221,1.8092766666666662,1.809212
Belnet2003,0001,0.308,2.047,0.38,2.132,2.034345,2.034345
Belnet2003,0002,0.314,3.577,0.386,3.662,2.0279882000000002,2.0279403333333335
Belnet2003,0003,0.192,1.251,0.264,1.3359999999999999,0.89999,0.89999
Belnet2003,0004,0.488,3.121,0.5599999999999999,3.206,2.0150609999999998,2.0148974666666666
Belnet2004,0000,0.361,2.067,0.425,2.297,1.9834965,1.9834964999999998
Belnet2004,0001,0.71,11.351,0.774,11.581000000000001,1.1139582,1.11396972
Belnet2004,0002,0.676,3.857,0.74,4.087000000000001,2.0691312,2.0691312
Belnet2004,0003,0.302,3.168,0.366,3.398,1.35131125,1.35131125
Belnet2004,0004,0.365,2.131,0.429,2.3609999999999998,1.926716833333333,1.9266915
Belnet2005,0000,0.741,7.956,0.823,8.042,1.05479632,1.0547825
Belnet2005,0001,0.366,4.68,0.448,4.766,0.9000441,0.900085125
Belnet2005,0002,0.419,6.754,0.501,6.84,0.9000678799999999,0.900073685
Belnet2005,0003,0.628,5.801,0.71,5.8870000000000005,0.900084035,0.9000508249999999
Belnet2005,0004,0.976,7.016,1.058,7.102,1.3781443999999992,1.3781444
Belnet2006,0000,1.004,7.032,1.191,7.561,1.071694,1.03158214
Belnet2006,0001,0.435,4.274,0.622,4.803,2.4837864,2.127982
Belnet2006,0002,0.807,3.336,0.994,3.8649999999999998,1.0638943,1.0639348
Belnet2006,0003,0.895,4.283,1.082,4.812,1.1011547999999998,1.10119254
Belnet2006,0004,0.457,1.935,0.644,2.464,0.9000181999999999,0.9000859
Belnet2007,0000,0.204,0.838,0.251,0.952,0.8999801999999997,0.9000323666666664
Belnet2007,0001,0.278,0.885,0.325,0.999,0.8999943333333333,0.8999806666666665
Belnet2007,0002,0.265,1.139,0.312,1.2530000000000001,0.899986,0.899986
Belnet2007,0003,0.243,0.81,0.29,0.924,0.900036,0.900046
Belnet2007,0004,0.228,0.907,0.275,1.0210000000000001,0.899993,0.899991
Belnet2008,0000,0.27,1.144,0.32,1.2679999999999998,0.8999833333333332,0.9000096666666666
Belnet2008,0001,0.253,0.861,0.303,0.985,0.9000163333333334,0.9000593333333335
Belnet2008,0002,0.205,0.827,0.255,0.951,0.9000039999999999,0.90003
Belnet2008,0003,0.247,0.986,0.297,1.1099999999999999,0.9000341666666667,0.8999829999999999
Belnet2008,0004,0.259,0.922,0.309,1.046,0.900004,0.90004
Belnet2009,0000,0.276,1.254,0.32,1.38,0.899996,0.900048
Belnet2009,0001,0.334,1.129,0.378,1.255,0.8999780000000001,0.899991
Belnet2009,0002,0.326,1.264,0.37,1.3900000000000001,0.900022,0.900006
Belnet2009,0003,0.264,1.105,0.308,1.2309999999999999,0.899985,0.900031
Belnet2009,0004,0.279,0.829,0.323,0.955,0.8999823333333331,0.9000313333333332
Belnet2010,0000,0.304,0.744,0.349,0.842,0.900010666666666,0.9000229333333334
Belnet2010,0001,0.249,0.684,0.294,0.782,0.9000363333333332,0.9000283333333333
Belnet2010,0002,0.299,0.99,0.344,1.088,0.900064,0.900004
Belnet2010,0003,0.204,0.768,0.249,0.866,0.9000315,0.9000549999999999
Belnet2010,0004,0.204,0.765,0.249,0.863,0.900028,0.900056
BeyondTheNetwork,0000,2.787,53.981,3.002,56.211,0.89999625,0.8999887499999999
BeyondTheNetwork,0001,2.795,33.354,3.01,35.583999999999996,0.8999751666666667,0.8999690833333333
BeyondTheNetwork,0002,2.884,45.154,3.0989999999999998,47.384,0.899963,0.89999925
BeyondTheNetwork,0003,2.82,28.995,3.0349999999999997,31.225,0.89992,0.899994375
BeyondTheNetwork,0004,2.744,54.031,2.959,56.260999999999996,0.9000005833333333,0.8999919166666667
Bics,0000,1.146,14.843,1.262,16.589,0.8999651666666665,0.8999643333333331
Bics,0001,0.801,19.149,0.917,20.895,0.899956,0.900029
Bics,0002,1.409,22.573,1.5250000000000001,24.319,0.9000367916666665,0.8999751666666667
Bics,0003,0.871,18.896,0.987,20.642,0.8999835,0.8999946666666666
Bics,0004,0.943,12.856,1.059,14.602,0.8999524999999999,0.899948
Biznet,0000,0.311,1.271,0.371,1.379,0.899952,0.900012
Biznet,0001,0.365,0.745,0.425,0.853,0.8999715,0.900007
Biznet,0002,0.318,0.729,0.378,0.837,0.900029,0.8999765
Biznet,0003,0.535,1.151,0.595,1.2590000000000001,0.899952,0.899958
Biznet,0004,0.445,0.712,0.505,0.82,0.899954,0.9000305
Bren,0000,0.189,0.191,0.21,0.232,0.8999297752808989,0.8999578651685394
Bren,0001,0.167,0.216,0.188,0.257,0.8999564606741574,0.899936797752809
Bren,0002,0.178,0.215,0.19899999999999998,0.256,0.899941011235955,0.8999634831460674
Bren,0003,0.208,0.194,0.22899999999999998,0.23500000000000001,0.8999199438202248,0.8999676966292135
Bren,0004,0.227,0.295,0.248,0.33599999999999997,0.899986,0.899996
BsonetEurope,0000,0.364,1.128,0.40599999999999997,1.2409999999999999,0.9000264166666665,0.9000276666666666
BsonetEurope,0001,3.123,1.52,3.165,1.633,0.9000475833333332,0.9000280833333333
BsonetEurope,0002,0.399,1.894,0.441,2.007,0.9000406666666667,0.9000166666666665
BsonetEurope,0003,0.356,1.334,0.39799999999999996,1.447,0.9000649999999999,0.9000529166666666
BsonetEurope,0004,0.379,1.758,0.421,1.871,0.9000074166666667,0.9000732499999999
BtAsiaPac,0000,4.268,12.52,4.314,12.696,0.9000809999999999,0.9000800833333332
BtAsiaPac,0001,6.173,18.367,6.219,18.543,0.900068,0.9000864999999999
BtAsiaPac,0002,4.951,12.254,4.997,12.43,0.9000594166666667,0.900041625
BtAsiaPac,0003,1.633,5.576,1.679,5.752,0.90007575,0.9000660833333333
BtAsiaPac,0004,1.251,3.805,1.297,3.9810000000000003,0.9000705,0.9000715
BtEurope,0000,0.898,6.794,0.9550000000000001,7.2139999999999995,0.900016,0.8999905
BtEurope,0001,0.69,16.306,0.747,16.726000000000003,0.9000005,0.900049
BtEurope,0002,1.197,8.137,1.254,8.557,0.90006,0.900018
BtEurope,0003,0.62,4.385,0.677,4.805,0.900031,0.899993
BtEurope,0004,0.783,13.298,0.8400000000000001,13.718,1.1317949999999999,1.1317949999999999
BtLatinAmerica,0000,0.405,1.135,0.517,1.341,0.899748,0.899748
BtLatinAmerica,0001,0.378,1.11,0.49,1.316,0.899738,0.899738
BtLatinAmerica,0002,0.425,1.054,0.537,1.26,0.899758,0.899758
BtLatinAmerica,0003,0.403,1.136,0.515,1.3419999999999999,0.899746,0.899746
BtLatinAmerica,0004,0.381,1.012,0.493,1.218,0.89975,0.89975
BtNorthAmerica,0000,38.225,1808.519,38.402,1831.771,0.9000503194444444,0.9000418805555555
BtNorthAmerica,0001,47.495,1806.613,47.672,1829.865,0.9000544166666666,0.90005975
BtNorthAmerica,0002,41.694,942.576,41.871,965.828,0.9000769999999999,0.900089
BtNorthAmerica,0003,584.572,1807.516,584.749,1830.768,0.9000657083333332,0.9001148833333332
BtNorthAmerica,0004,44.576,1375.977,44.753,1399.229,0.9000305,0.900033
Canerie,0000,0.632,3.396,0.706,3.683,0.899991,0.899945
Canerie,0001,0.417,2.697,0.491,2.984,0.8999429999999999,0.899941
Canerie,0002,0.692,3.716,0.7659999999999999,4.003,0.899992,0.899948
Canerie,0003,0.457,3.734,0.531,4.021,0.899979,0.899947
Canerie,0004,0.666,4.163,0.74,4.45,0.899976,0.8999425
Carnet,0000,0.105,0.108,0.147,0.16,0.899842,0.899842
Carnet,0001,0.108,0.108,0.15,0.16,0.899832,0.899832
Carnet,0002,0.108,0.107,0.15,0.159,0.899832,0.899832
Carnet,0003,0.107,0.109,0.149,0.161,0.899839,0.899839
Carnet,0004,0.105,0.108,0.147,0.16,0.899834,0.899834
Cernet,0000,3.169,9.655,3.227,9.758,0.9778322580645161,0.8998043010752688
Cernet,0001,1.378,16.448,1.436,16.551000000000002,0.9000111836495044,0.8999808945987633
Cernet,0002,1.289,17.507,1.347,17.610000000000003,0.8999612903225807,0.8999861369344685
Cernet,0003,1.366,12.567,1.4240000000000002,12.67,0.8998559139784944,0.8998107526881723
Cernet,0004,0.922,16.115,0.9800000000000001,16.218,0.899804301075269,0.8998548387096774
Cesnet1993,0000,0.04,0.041,0.147,0.24200000000000002,0.8981666666666667,0.8981666666666667
Cesnet1993,0001,0.053,0.039,0.16,0.24000000000000002,0.8975,0.8975
Cesnet1993,0002,0.04,0.04,0.147,0.24100000000000002,0.8975,0.8975
Cesnet1993,0003,0.06,0.039,0.16699999999999998,0.24000000000000002,0.8975,0.8975
Cesnet1993,0004,0.038,0.039,0.145,0.24000000000000002,0.8985,0.8985
Cesnet1997,0000,0.061,0.075,0.086,0.103,0.8994705882352941,0.8994705882352941
Cesnet1997,0001,0.05,0.043,0.07500000000000001,0.071,0.8995,0.8995
Cesnet1997,0002,0.085,0.067,0.11000000000000001,0.095,0.8994705882352941,0.8994705882352941
Cesnet1997,0003,0.042,0.041,0.067,0.069,0.8993529411764706,0.8993529411764706
Cesnet1997,0004,0.052,0.04,0.077,0.068,0.8993823529411765,0.8993823529411765
Cesnet1999,0000,0.043,0.05,0.154,0.6110000000000001,0.8998774193548387,0.8998774193548387
Cesnet1999,0001,0.044,0.043,0.155,0.6040000000000001,0.8998529411764706,0.8998529411764706
Cesnet1999,0002,0.043,0.042,0.154,0.6030000000000001,0.89925,0.89925
Cesnet1999,0003,0.043,0.042,0.154,0.6030000000000001,0.8992258064516129,0.8992258064516129
Cesnet1999,0004,0.043,0.043,0.154,0.6040000000000001,0.8998529411764706,0.8998529411764706
Cesnet2001,0000,0.167,0.115,0.494,1.211,1.0319967741935483,0.8999863952519429
Cesnet2001,0001,0.102,0.12,0.429,1.2160000000000002,1.608474193548387,0.8999709677419353
Cesnet2001,0002,0.097,0.113,0.42400000000000004,1.209,1.8356548387096774,0.9000073692385309
Cesnet2001,0003,0.094,0.107,0.42100000000000004,1.203,1.6047483870967743,0.8999540839753074
Cesnet2001,0004,0.109,0.117,0.436,1.213,1.0544806451612903,0.8999869621164454
Cesnet200304,0000,0.263,0.675,0.343,0.766,0.900069,0.9000216666666666
Cesnet200304,0001,0.22,0.579,0.3,0.6699999999999999,0.8999583333333333,0.8999583333333333
Cesnet200304,0002,0.282,0.636,0.362,0.727,0.9000735,0.9000693333333332
Cesnet200304,0003,0.421,0.766,0.501,0.857,0.9000376666666667,0.900009
Cesnet200304,0004,0.226,0.602,0.306,0.693,0.8999533333333334,0.8999533333333334
Cesnet200511,0000,0.47,2.479,0.588,5.275,0.9000919856537962,0.9001021
Cesnet200511,0001,0.562,2.766,0.68,5.561999999999999,0.9000925887395448,0.9001227
Cesnet200511,0002,0.583,2.506,0.701,5.302,0.9093748322667762,0.90002195
Cesnet200511,0003,0.497,2.709,0.615,5.505,0.9464390500434523,0.9001509
Cesnet200511,0004,0.828,2.567,0.946,5.3629999999999995,0.9268098150999403,0.9000794
Cesnet200603,0000,0.772,2.498,0.8270000000000001,2.5530000000000004,0.9139523,0.9001268138557744
Cesnet200603,0001,0.524,2.261,0.5790000000000001,2.3160000000000003,0.899922,0.899922
Cesnet200603,0002,0.571,2.131,0.626,2.186,0.9714921,0.90005815
Cesnet200603,0003,0.513,2.497,0.5680000000000001,2.552,0.900126,0.9000283
Cesnet200603,0004,0.784,3.796,0.8390000000000001,3.851,0.9704413999999999,0.900061
Cesnet200706,0000,0.494,2.823,0.5640000000000001,3.017,0.9000734729020422,0.9000471936360995
Cesnet200706,0001,0.588,3.49,0.6579999999999999,3.684,0.9000839409913804,0.9000022680860232
Cesnet200706,0002,0.431,2.459,0.501,2.653,0.9000299649057305,0.9000365074615668
Cesnet200706,0003,0.554,3.91,0.6240000000000001,4.104,0.9000695473685404,0.9000722734334722
Cesnet200706,0004,0.547,2.875,0.617,3.069,0.9000608239607586,0.9000676
Cesnet201006,0000,0.774,8.264,0.795,8.286,0.8999768254357505,0.8999961587714581
Cesnet201006,0001,1.027,8.193,1.0479999999999998,8.215,0.8999763166637582,0.8999950140344755
Cesnet201006,0002,0.912,8.378,0.933,8.4,0.9000334263198945,0.8999922157885177
Cesnet201006,0003,0.879,8.077,0.9,8.099,0.9000298649159483,0.9000550491295674
Cesnet201006,0004,1.262,11.871,1.283,11.893,0.8999901807005485,0.9000220637453996
Chinanet,0000,6.278,114.769,6.438,117.7,0.90002725,0.899991375
Chinanet,0001,14.604,205.989,14.764,208.92000000000002,1.00850825,1.0084753333333332
Chinanet,0002,14.603,220.164,14.763,223.095,0.899986625,0.9000025
Chinanet,0003,11.539,137.968,11.699,140.899,0.9000716666666666,0.9000480833333333
Chinanet,0004,10.681,778.693,10.841,781.624,0.954757875,0.9526525
Claranet,0000,0.222,0.484,0.256,0.523,0.900054,0.900073
Claranet,0001,0.115,0.329,0.14900000000000002,0.368,0.8999865,0.9000145
Claranet,0002,0.182,0.6,0.216,0.639,0.9000285,0.900069
Claranet,0003,0.137,0.451,0.171,0.49,0.9000345,0.9000555
Claranet,0004,0.123,0.289,0.157,0.32799999999999996,0.9000075,0.89999
Cogentco,0000,465.852,-,489.974,-,0.898534,-
Cogentco,0001,525.348,-,549.4699999999999,-,0.8986913090277779,-
Cogentco,0002,494.164,-,518.286,-,0.8987625034722222,-
Cogentco,0003,577.646,-,601.7679999999999,-,0.899141420138889,-
Cogentco,0004,572.104,-,596.226,-,0.8991164756944446,-
Colt,0000,103.861,1851.162,109.762,2060.847,0.8986698333333333,0.8988279999999998
Colt,0001,112.933,1869.957,118.834,2079.6420000000003,0.898636,2.218322500000001
Colt,0002,120.357,1872.615,126.258,2082.3,0.8988258333333331,2.3367110000000366
Colt,0003,100.313,1750.748,106.214,1960.433,0.8986901666666667,0.8987125
Colt,0004,106.017,1861.353,111.91799999999999,2071.038,0.8986265,0.8989055833333333
Columbus,0000,9.208,259.857,9.734,271.749,0.8997385,0.8997353333333333
Columbus,0001,8.297,167.964,8.823,179.856,0.899731,0.899731
Columbus,0002,8.99,197.22,9.516,209.112,0.8997325,0.8998035833333332
Columbus,0003,8.571,247.224,9.097,259.116,0.89974,0.8997705
Columbus,0004,9.556,169.311,10.081999999999999,181.203,0.8997398333333333,0.899726
Compuserve,0000,1.536,0.602,1.564,0.65,0.8998944444444444,0.8999555555555556
Compuserve,0001,0.841,1.967,0.869,2.015,0.8999333333333334,0.8998888888888888
Compuserve,0002,4.597,9.779,4.625,9.827,0.9000888888888889,0.9000666666666667
Compuserve,0003,0.254,1.144,0.28200000000000003,1.192,0.8999111111111111,0.8999555555555555
Compuserve,0004,1.101,1.045,1.129,1.093,0.8999111111111111,0.8999166666666667
CrlNetworkServices,0000,0.776,2.712,0.868,2.97,0.8991222222222223,0.8991333333333333
CrlNetworkServices,0001,0.708,3.202,0.7999999999999999,3.46,0.8986666666666666,0.8986888888888889
CrlNetworkServices,0002,0.778,2.549,0.87,2.807,0.8986555555555555,0.8986444444444445
CrlNetworkServices,0003,0.769,4.024,0.861,4.282,0.8986111111111111,0.8985888888888889
CrlNetworkServices,0004,0.778,4.009,0.87,4.267,0.8986888888888886,0.8987333333333333
Cudi,0000,0.201,0.361,0.29600000000000004,0.45999999999999996,0.8998870833333333,0.8998870833333333
Cudi,0001,0.205,0.39,0.3,0.489,0.8999529166666667,0.8999529166666667
Cudi,0002,0.216,0.38,0.311,0.479,0.8998883333333333,0.8998883333333333
Cudi,0003,0.193,0.352,0.28800000000000003,0.45099999999999996,0.8998845833333332,0.8998845833333333
Cudi,0004,0.211,0.403,0.306,0.502,0.8998883333333333,0.8998883333333333
Cwix,0000,0.683,5.691,0.765,5.9639999999999995,0.8988222222222223,0.8988259259259257
Cwix,0001,1.181,4.597,1.2630000000000001,4.87,0.8989222222222222,0.8989555555555555
Cwix,0002,0.623,3.694,0.705,3.967,0.898937037037037,0.8989111111111111
Cwix,0003,0.639,5.402,0.721,5.675,0.8988444444444444,0.898811111111111
Cwix,0004,0.897,5.601,0.979,5.874,0.898959259259259,0.8989518518518516
Cynet,0000,0.075,0.078,0.375,3.159,0.8994971804511278,0.8994971804511278
Cynet,0001,0.076,0.077,0.376,3.158,0.8994501879699248,0.8994501879699248
Cynet,0002,0.077,0.127,0.377,3.208,0.8994736842105263,0.8994736842105263
Cynet,0003,0.075,0.076,0.375,3.157,0.8995112781954887,0.8995112781954887
Cynet,0004,0.074,0.077,0.374,3.158,0.8994736842105263,0.8994736842105263
Darkstrand,0000,0.297,1.325,0.361,1.466,0.899969,0.9000205
Darkstrand,0001,0.519,1.858,0.583,1.999,0.89998,0.8999775
Darkstrand,0002,0.442,1.084,0.506,1.225,0.899992,0.899954
Darkstrand,0003,0.308,1.115,0.372,1.256,0.9000035,0.89995825
Darkstrand,0004,0.424,1.216,0.488,1.357,0.9000195,0.90002925
Dataxchange,0000,0.045,0.062,0.062,0.08499999999999999,1.0392666666666666,1.0392666666666666
Dataxchange,0001,0.048,0.066,0.065,0.089,1.0802222222222222,1.0802222222222222
Dataxchange,0002,0.046,0.061,0.063,0.08399999999999999,1.2024,1.2024
Dataxchange,0003,0.066,0.056,0.083,0.079,0.8999333333333334,0.8999333333333334
Dataxchange,0004,0.061,0.065,0.078,0.088,1.432511111111111,1.432511111111111
Deltacom,0000,102.809,-,106.78,-,0.8996467222222222,-
Deltacom,0001,134.657,-,138.62800000000001,-,0.8997136250000002,-
Deltacom,0002,88.329,-,92.3,-,0.89961,-
Deltacom,0003,101.515,-,105.486,-,0.8996295,-
Deltacom,0004,105.33,-,109.301,-,0.8996682499999998,-
DeutscheTelekom,0000,1.408,18.647,1.4909999999999999,20.226999999999997,0.9000659999999999,0.9000655
DeutscheTelekom,0001,0.658,10.214,0.741,11.794,0.899957,0.899957
DeutscheTelekom,0002,0.654,9.767,0.737,11.347,0.899957,0.899957
DeutscheTelekom,0003,0.623,9.765,0.706,11.345,0.899961,0.899961
DeutscheTelekom,0004,0.587,14.788,0.6699999999999999,16.368000000000002,0.89996,0.89996
Dfn,0000,5.095,103.409,5.5169999999999995,129.96200000000002,0.900028875,0.89998275
Dfn,0001,29.779,570.754,30.201,597.307,0.9002615,0.9000555
Dfn,0002,13.135,237.808,13.557,264.361,0.9063074999999999,0.90004075
Dfn,0003,10.959,348.548,11.381,375.101,0.9000155,0.90004525
Dfn,0004,12.253,290.782,12.675,317.335,0.9094835,0.9000425
DialtelecomCz,0000,114.617,1654.858,119.33500000000001,1819.283,0.8995445,0.89927275
DialtelecomCz,0001,116.485,1876.568,121.203,2040.993,0.8992731666666667,0.8997065
DialtelecomCz,0002,173.242,1879.164,177.95999999999998,2043.589,0.899241,0.8992975
DialtelecomCz,0003,104.739,1436.863,109.45700000000001,1601.288,0.8992792499999999,0.899253
DialtelecomCz,0004,119.304,1875.493,124.022,2039.918,0.8993009999999999,0.8992836666666666
Digex,0000,0.461,3.064,0.534,3.335,0.8988666666666667,0.8988888888888888
Digex,0001,0.449,2.85,0.522,3.121,0.8988,0.8988777777777778
Digex,0002,0.541,2.761,0.614,3.032,0.8988444444444444,0.8988666666666667
Digex,0003,0.681,2.994,0.754,3.265,0.8987777777777778,0.8987777777777778
Digex,0004,0.645,4.616,0.718,4.887,0.8988129629629629,0.8988055555555553
Easynet,0000,0.17,0.66,0.21200000000000002,0.745,0.90006,0.900026
Easynet,0001,0.17,0.514,0.21200000000000002,0.599,0.900018,0.900035
Easynet,0002,0.227,0.626,0.269,0.711,0.9000395,0.899978
Easynet,0003,0.201,0.721,0.24300000000000002,0.8059999999999999,0.89998,0.900017
Easynet,0004,0.19,0.657,0.232,0.742,0.900071,0.9000459999999999
Eenet,0000,0.064,0.056,0.376,2.981,0.899994,0.899994
Eenet,0001,0.056,0.055,0.368,2.98,0.900002,0.900002
Eenet,0002,0.055,0.055,0.367,2.98,0.900038,0.900038
Eenet,0003,0.056,0.055,0.368,2.98,0.8999985,0.8999985
Eenet,0004,0.055,0.056,0.367,2.981,0.8999955,0.8999955
EliBackbone,0000,0.588,3.158,0.638,3.419,0.9000612499999999,0.900005
EliBackbone,0001,0.484,2.944,0.534,3.205,0.90005875,0.9000253333333332
EliBackbone,0002,0.616,7.783,0.666,8.044,0.9000703333333332,0.9000474166666667
EliBackbone,0003,1.095,6.478,1.145,6.739,0.9000644999999999,0.90003225
EliBackbone,0004,0.632,2.586,0.682,2.847,0.900009,0.9000455833333333
Epoch,0000,0.075,0.131,0.092,0.164,0.9926666666666667,0.9926666666666666
Epoch,0001,0.078,0.187,0.095,0.22,0.8999777777777778,0.8999944444444444
Epoch,0002,0.497,2.609,0.514,2.642,0.9000888888888888,0.9000888888888889
Epoch,0003,0.169,0.147,0.186,0.18,0.9000555555555556,0.9000111111111104
Epoch,0004,0.515,1.468,0.532,1.501,0.9001888888888889,0.9001888888888889
Ernet,0000,0.22,0.449,0.28700000000000003,0.553,0.899951,0.899951
Ernet,0001,0.305,0.716,0.372,0.82,0.899946,0.8999459999999999
Ernet,0002,0.37,0.515,0.437,0.619,0.899949,0.899949
Ernet,0003,0.319,0.495,0.386,0.599,0.899947,0.899947
Ernet,0004,0.272,0.422,0.339,0.526,0.899949,0.899949
Esnet,0000,3.048,44.936,3.13,45.205,0.9003703916666669,0.9002390762565604
Esnet,0001,3.013,45.74,3.0949999999999998,46.009,0.9001805564499449,0.900105407929141
Esnet,0002,4.061,42.467,4.143,42.736,0.900305209925165,0.9002634277436379
Esnet,0003,2.603,38.514,2.685,38.783,0.9002169833333328,0.9002219500000003
Esnet,0004,3.025,44.978,3.1069999999999998,45.247,0.900193733333333,0.900157675260014
Eunetworks,0000,0.123,0.281,0.152,0.326,0.90005,0.9000145
Eunetworks,0001,0.106,0.265,0.135,0.31,0.9000385,0.9000495000000001
Eunetworks,0002,0.098,0.22,0.127,0.265,0.900065,0.900051
Eunetworks,0003,0.109,0.249,0.138,0.294,0.9000225,0.900036
Eunetworks,0004,0.196,0.223,0.225,0.268,0.9000001666666666,0.9000536666666664
Evolink,0000,0.465,2.346,0.548,2.6270000000000002,0.899965,0.899923
Evolink,0001,0.503,2.424,0.586,2.705,0.89996275,0.899964
Evolink,0002,0.599,3.103,0.6819999999999999,3.3840000000000003,0.90001325,0.8999265
Evolink,0003,0.496,2.616,0.579,2.8970000000000002,0.89995425,0.899989
Evolink,0004,0.5,2.824,0.583,3.105,0.899998,0.8999245
Fatman,0000,0.127,0.257,0.164,0.308,0.899978,0.899978
Fatman,0001,0.106,0.21,0.143,0.261,0.899977,0.899977
Fatman,0002,0.117,0.233,0.154,0.28400000000000003,0.899971,0.899971
Fatman,0003,0.107,0.21,0.144,0.261,0.899973,0.899973
Fatman,0004,0.11,0.218,0.147,0.269,0.899973,0.899973
Fccn,0000,0.117,0.172,0.157,0.21999999999999997,0.900026,0.900048
Fccn,0001,0.115,0.143,0.155,0.191,0.899969,0.899969
Fccn,0002,0.134,0.239,0.17400000000000002,0.287,0.900008,0.9000049999999999
Fccn,0003,0.121,0.152,0.161,0.2,0.8999769999999999,0.90003
Fccn,0004,0.106,0.182,0.146,0.22999999999999998,0.900029,0.9000239999999999
Forthnet,0000,0.18,0.192,0.252,0.464,0.8999888888888888,0.8999888888888888
Forthnet,0001,0.187,0.193,0.259,0.465,0.8999883888888889,0.8999883888888889
Forthnet,0002,0.179,0.19,0.251,0.462,0.8999891111111111,0.8999891111111111
Forthnet,0003,0.192,0.2,0.264,0.47200000000000003,0.8999876111111111,0.8999876111111111
Forthnet,0004,0.208,0.215,0.27999999999999997,0.487,0.8999896111111111,0.8999896111111111
Funet,0000,0.411,1.366,0.46499999999999997,1.514,0.8999905,0.9000435
Funet,0001,0.337,1.28,0.391,1.428,0.899957,0.899979
Funet,0002,0.274,1.364,0.328,1.512,0.899968,0.8999575
Funet,0003,0.296,1.305,0.35,1.4529999999999998,0.8999695,0.900012
Funet,0004,0.337,1.203,0.391,1.351,0.900004,0.8999639999999999
Gambia,0000,0.108,0.145,0.195,0.518,0.89968,0.89968
Gambia,0001,0.13,0.144,0.217,0.517,0.89965,0.89965
Gambia,0002,0.106,0.119,0.193,0.492,0.89968,0.89968
Gambia,0003,0.162,0.144,0.249,0.517,0.899655,0.899655
Gambia,0004,0.128,0.145,0.215,0.518,0.89966,0.89966
Garr199901,0000,0.144,0.239,0.176,0.273,0.90006,0.900029
Garr199901,0001,0.37,1.011,0.402,1.045,0.900046,0.900078
Garr199901,0002,0.21,0.333,0.242,0.367,0.900081,0.9000630000000001
Garr199901,0003,0.145,0.288,0.177,0.32199999999999995,0.900024,0.900046
Garr199901,0004,0.175,0.346,0.207,0.38,0.90006,0.900043
Garr199904,0000,0.167,0.188,0.20500000000000002,0.23199999999999998,0.8999806451612903,0.8999677419354838
Garr199904,0001,0.2,0.387,0.23800000000000002,0.431,0.8999870967741935,0.8999870967741935
Garr199904,0002,0.146,0.292,0.184,0.33599999999999997,0.8999612903225807,0.8999225806451613
Garr199904,0003,0.273,0.325,0.311,0.369,0.8999483870967742,0.8999870967741912
Garr199904,0004,0.178,0.218,0.216,0.262,0.899974193548387,0.8999096774193548
Garr199905,0000,0.684,1.312,0.7270000000000001,1.355,0.8999806451612903,0.8999548387096773
Garr199905,0001,0.149,0.181,0.192,0.22399999999999998,0.8999483870967742,0.8999225806451613
Garr199905,0002,0.13,0.228,0.173,0.271,0.8999612903225807,0.8999548387096774
Garr199905,0003,1.17,0.646,1.2129999999999999,0.6890000000000001,0.8999290322580644,0.8999806451612903
Garr199905,0004,0.189,0.269,0.23199999999999998,0.312,0.8999483870967742,0.8999806451612903
Garr200109,0000,0.135,0.374,0.181,0.412,0.8999548387096773,0.8999548387096774
Garr200109,0001,0.211,0.165,0.257,0.203,0.8999483870967742,0.8999419354838709
Garr200109,0002,0.158,0.263,0.20400000000000001,0.301,0.8999999999999999,0.9
Garr200109,0003,0.155,0.158,0.201,0.196,0.8999096774193548,0.8999290322580644
Garr200109,0004,0.131,0.208,0.177,0.246,0.8999483870967742,0.8999483870967743
Garr200112,0000,0.18,0.285,0.222,0.33799999999999997,0.8999483870967742,0.899890322580645
Garr200112,0001,0.119,0.193,0.161,0.246,0.8999290322580645,0.8998645161290322
Garr200112,0002,0.179,0.197,0.221,0.25,0.8999677419354838,0.8999677419354839
Garr200112,0003,0.141,0.183,0.183,0.236,0.8998838709677419,0.8999096774193546
Garr200112,0004,0.173,0.215,0.215,0.268,0.8999354838709677,0.8999290322580645
Garr200212,0000,0.129,0.281,0.176,0.338,0.899858064516129,0.8998290322580645
Garr200212,0001,0.35,0.299,0.39699999999999996,0.356,0.8998430107526878,0.8998774193548387
Garr200212,0002,0.333,0.247,0.38,0.304,0.8999483870967742,0.8999086021505375
Garr200212,0003,0.231,0.202,0.278,0.259,0.8998666666666666,0.8998150537634404
Garr200212,0004,0.204,0.185,0.251,0.242,0.8997935483870966,0.8997999999999998
Garr200404,0000,0.402,0.194,0.44,0.23500000000000001,0.8999741935483871,0.8999870967741935
Garr200404,0001,0.107,0.179,0.145,0.22,0.8999290322580645,0.8999612903225805
Garr200404,0002,0.167,0.28,0.20500000000000002,0.321,0.8999419354838709,0.8999419354838709
Garr200404,0003,0.592,0.856,0.63,0.897,0.8999612903225805,0.8999806451612903
Garr200404,0004,0.173,0.22,0.211,0.261,0.8999806451612903,0.8999999999999999
Garr200902,0000,4.201,78.081,4.282,78.477,0.9000254000000001,0.9000584999999999
Garr200902,0001,3.586,44.094,3.667,44.49,0.899908,0.899908
Garr200902,0002,3.784,80.592,3.8649999999999998,80.988,0.9000500999999995,0.9000401666666664
Garr200902,0003,2.118,44.123,2.199,44.519,0.899902,0.899902
Garr200902,0004,3.254,71.279,3.335,71.675,0.9026443722222223,0.9011421425925922
Garr200908,0000,3.993,66.751,4.055,66.906,0.8999945,0.900022
Garr200908,0001,3.595,74.618,3.657,74.773,0.8999998666666665,0.8999855999999998
Garr200908,0002,6.754,74.722,6.816,74.877,0.9094333333333332,0.9011474
Garr200908,0003,4.363,70.672,4.425000000000001,70.827,0.8999782333333332,0.8999968666666666
Garr200908,0004,2.015,42.185,2.077,42.34,0.8999153846153846,0.8999153846153846
Garr200909,0000,4.889,71.289,4.9750000000000005,71.465,0.9058614,0.9007706
Garr200909,0001,1.873,36.182,1.959,36.358000000000004,0.8999169230769231,0.8999169230769231
Garr200909,0002,4.826,87.485,4.912,87.661,0.9000096,0.9000041999999998
Garr200909,0003,3.659,78.251,3.7449999999999997,78.427,0.8999789333333333,0.9000488333333332
Garr200909,0004,3.376,52.019,3.4619999999999997,52.195,0.9000140333333332,0.8999789
Garr200912,0000,4.995,70.552,5.102,70.72600000000001,0.9022430666666665,0.9007970512820512
Garr200912,0001,5.42,67.51,5.527,67.68400000000001,0.9014836333333333,0.9011174
Garr200912,0002,1.817,59.127,1.924,59.301,0.8999138461538462,0.8999138461538462
Garr200912,0003,1.845,34.687,1.952,34.861,0.8999261538461538,0.8999261538461538
Garr200912,0004,6.491,140.945,6.598,141.119,0.8999872333333332,0.8999820666666667
Garr201001,0000,5.761,75.509,5.855,75.681,0.9041382,0.9011638497652582
Garr201001,0001,2.294,48.347,2.388,48.519,0.8999184615384616,0.8999184615384542
Garr201001,0002,2.105,65.534,2.199,65.706,0.8999169230769231,0.8999169230769231
Garr201001,0003,6.809,81.232,6.9030000000000005,81.404,0.9000409999999999,0.9000281690140844
Garr201001,0004,3.408,81.275,3.502,81.447,0.9000217999999999,0.9000079
Garr201003,0000,3.66,75.316,3.982,77.833,0.9000005333333333,0.9000290333333332
Garr201003,0001,3.813,81.362,4.135,83.87899999999999,0.8999850333333332,0.9000337
Garr201003,0002,2.071,45.278,2.3930000000000002,47.795,0.8999184615384616,0.8999184615384616
Garr201003,0003,2.126,42.712,2.448,45.229000000000006,0.8999230769230769,0.8999230769230769
Garr201003,0004,1.932,39.716,2.254,42.233000000000004,0.8999169230769231,0.8999169230769231
Garr201004,0000,6.51,71.719,6.6499999999999995,73.425,0.9019500937499998,0.9003987965277778
Garr201004,0001,6.213,77.168,6.353,78.87400000000001,0.9026171513888886,0.9005994166666665
Garr201004,0002,5.348,81.272,5.4879999999999995,82.97800000000001,0.8999922,0.8999958
Garr201004,0003,1.788,35.128,1.928,36.834,0.8999230769230768,0.8999230769230768
Garr201004,0004,6.882,96.376,7.021999999999999,98.08200000000001,0.9000007333333329,0.900097200016033
Garr201005,0000,2.454,53.715,2.588,53.854000000000006,0.9000866296296293,0.9000666333333333
Garr201005,0001,3.974,82.809,4.1080000000000005,82.948,0.9000313,0.9000412333333333
Garr201005,0002,5.512,87.98,5.646,88.119,0.9000123203703702,0.9000654685185183
Garr201005,0003,3.971,45.187,4.105,45.326,0.8999998888888886,0.8999823333333334
Garr201005,0004,4.549,50.572,4.683000000000001,50.711000000000006,0.9030759458333333,0.9004789666666666
Garr201007,0000,2.447,45.251,2.572,45.406,0.8999246153846154,0.8999246153846154
Garr201007,0001,4.632,80.817,4.757,80.972,0.9026769166666664,0.9003581180555552
Garr201007,0002,4.244,74.134,4.369,74.289,0.9000381666666665,0.9000356981481475
Garr201007,0003,4.334,186.248,4.459,186.403,0.8999976216214557,0.8999834280720788
Garr201007,0004,7.546,98.538,7.671,98.693,0.9100276999999998,0.9006866333333331
Garr201008,0000,3.778,73.87,3.829,74.03200000000001,0.8999061538461538,0.8999061538461538
Garr201008,0001,3.499,62.196,3.5500000000000003,62.358,0.9000018333333332,0.9000022666666665
Garr201008,0002,2.83,82.917,2.8810000000000002,83.07900000000001,0.8999958833333331,0.9000156055555556
Garr201008,0003,4.643,80.735,4.694,80.897,0.9000091759259259,0.9000428537037034
Garr201008,0004,4.978,81.75,5.029,81.912,0.9070090222222219,0.9013285510306968
Garr201010,0000,3.937,58.52,4.005,58.733000000000004,0.9000693,0.9000634666666665
Garr201010,0001,2.36,70.786,2.428,70.999,0.8999850666666668,0.8999992999999998
Garr201010,0002,2.887,53.868,2.955,54.081,0.9000379444444442,0.9000417083333334
Garr201010,0003,5.983,97.543,6.050999999999999,97.756,0.9000268,0.9000421999999998
Garr201010,0004,3.834,76.59,3.902,76.803,0.9000723666666665,0.9000551
Garr201012,0000,2.826,55.091,2.9130000000000003,55.611000000000004,0.9000041481481478,0.9000127370370368
Garr201012,0001,4.235,80.392,4.322,80.91199999999999,0.9000734666666667,0.9000174999999999
Garr201012,0002,4.608,78.071,4.694999999999999,78.591,0.9000133333333331,0.8999839333333333
Garr201012,0003,3.028,112.074,3.115,112.594,0.8999983119478591,0.9000265041588732
Garr201012,0004,3.632,65.062,3.7190000000000003,65.582,0.9000358,0.9000658333333333
Garr201101,0000,4.959,94.614,5.143999999999999,94.894,0.9000654333333332,0.900146333333333
Garr201101,0001,4.352,60.157,4.537,60.437,0.9000237666666664,0.9000210333333332
Garr201101,0002,7.007,103.502,7.191999999999999,103.782,0.9004656333333331,0.9005341999999996
Garr201101,0003,4.525,87.645,4.71,87.925,0.9003014666666665,0.9000837
Garr201101,0004,4.781,90.97,4.965999999999999,91.25,0.90000765,0.9000452385405229
Garr201102,0000,2.618,45.332,2.847,75.075,0.89994,0.89994
Garr201102,0001,2.525,46.66,2.754,76.40299999999999,0.89995,0.89995
Garr201102,0002,2.342,45.127,2.571,74.87,0.899945,0.899945
Garr201102,0003,2.294,40.619,2.523,70.362,0.89995,0.89995
Garr201102,0004,2.383,61.393,2.612,91.136,0.899944,0.899944
Garr201103,0000,2.844,47.379,2.972,47.751999999999995,0.899941,0.899941
Garr201103,0001,2.835,50.005,2.963,50.378,0.899944,0.899944
Garr201103,0002,3.218,94.51,3.346,94.88300000000001,0.899949,0.899949
Garr201103,0003,2.953,51.641,3.081,52.013999999999996,0.899944,0.899944
Garr201103,0004,4.62,68.937,4.748,69.31,0.899947,0.899947
Garr201104,0000,3.448,63.981,3.574,64.125,0.899941,0.899941
Garr201104,0001,3.88,71.664,4.006,71.808,0.899944,0.899944
Garr201104,0002,5.117,114.38,5.243,114.524,0.8999715,0.8999715
Garr201104,0003,3.282,63.148,3.408,63.292,0.899941,0.899941
Garr201104,0004,3.086,60.989,3.2119999999999997,61.132999999999996,0.899939,0.899939
Garr201105,0000,3.669,67.083,3.837,68.241,0.9000573999999992,0.900001711111111
Garr201105,0001,3.171,57.276,3.339,58.434000000000005,0.899947,0.899947
Garr201105,0002,3.056,52.837,3.224,53.995000000000005,0.899943,0.899943
Garr201105,0003,3.331,62.355,3.499,63.513,0.899944,0.899944
Garr201105,0004,4.607,99.962,4.775,101.12,0.8999982,0.9000698333333332
Garr201107,0000,5.289,68.227,5.3229999999999995,68.26700000000001,0.899945,0.899945
Garr201107,0001,3.115,55.503,3.149,55.543,0.899946,0.899946
Garr201107,0002,6.083,112.348,6.117,112.388,0.9005024,0.90020435
Garr201107,0003,4.996,62.943,5.03,62.983,0.899947,0.8999469999999996
Garr201107,0004,3.016,53.822,3.05,53.862,0.899947,0.899947
Garr201108,0000,3.016,62.266,3.056,62.305,0.899946,0.899946
Garr201108,0001,4.694,88.362,4.734,88.401,0.9000309666666666,0.8999972
Garr201108,0002,2.864,53.178,2.904,53.217,0.900018244444444,0.8999641666666662
Garr201108,0003,4.604,60.525,4.644,60.564,0.9000044,0.8999642
Garr201108,0004,3.679,92.154,3.719,92.193,0.9000536666666663,0.9000366444444441
Garr201109,0000,3.547,87.195,3.605,87.24499999999999,0.8999879333333336,0.8999713000000001
Garr201109,0001,3.703,92.769,3.7609999999999997,92.819,0.8999725999999999,0.899986
Garr201109,0002,3.599,64.343,3.657,64.393,0.8999889111111111,0.9000472388888886
Garr201109,0003,5.374,105.121,5.4319999999999995,105.17099999999999,0.9000037333333333,0.9000596333333332
Garr201109,0004,3.65,59.965,3.7079999999999997,60.015,0.8999853833333337,0.8999621999999999
Garr201110,0000,3.479,92.243,3.541,92.32199999999999,0.899938,0.899938
Garr201110,0001,4.347,85.275,4.409000000000001,85.354,0.900053,0.9000002
Garr201110,0002,3.885,72.167,3.9469999999999996,72.246,0.9000168,0.9000494
Garr201110,0003,3.686,60.135,3.7479999999999998,60.214,0.8999766555555554,0.8999634777777771
Garr201110,0004,3.266,68.575,3.328,68.654,0.9000281999999998,0.8999839166666667
Garr201111,0000,2.651,68.936,2.759,69.102,0.8999614,0.8999732
Garr201111,0001,4.446,80.097,4.553999999999999,80.26299999999999,0.8999904111111112,0.9000514111111109
Garr201111,0002,3.781,67.782,3.8890000000000002,67.948,0.9000026,0.899997
Garr201111,0003,3.804,48.367,3.912,48.532999999999994,0.8999967,0.899963
Garr201111,0004,2.589,69.131,2.697,69.297,0.8999644,0.8999912
Garr201112,0000,2.847,55.961,3.037,56.336999999999996,0.9000728,0.9000116
Garr201112,0001,3.065,78.956,3.255,79.33200000000001,0.9000474,0.9000552
Garr201112,0002,3.101,55.826,3.291,56.202,0.900064,0.9000146
Garr201112,0003,2.822,50.128,3.012,50.504,0.899938,0.899938
Garr201112,0004,3.035,60.569,3.225,60.945,0.899965,0.8999894
Garr201201,0000,3.569,79.615,3.768,79.946,0.8999704,0.9000063
Garr201201,0001,5.31,95.734,5.5089999999999995,96.065,0.8999925,0.8999913
Garr201201,0002,3.11,53.568,3.3089999999999997,53.899,0.899939,0.899939
Garr201201,0003,4.867,78.816,5.066,79.147,0.8999762166666666,0.8999766722222209
Garr201201,0004,4.465,60.563,4.664,60.894000000000005,0.9000147166666664,0.900059
Gblnet,0000,0.034,0.043,0.054000000000000006,0.059,0.899993,0.899993
Gblnet,0001,0.035,0.034,0.05500000000000001,0.05,0.899993,0.899993
Gblnet,0002,0.056,0.033,0.076,0.049,0.899993,0.899993
Gblnet,0003,0.06,0.049,0.08,0.065,0.899993,0.899993
Gblnet,0004,0.038,0.038,0.057999999999999996,0.054,0.899992,0.899992
Geant2001,0000,2.103,45.62,2.2840000000000003,45.958,0.9000136655948553,0.9000043583333334
Geant2001,0001,0.622,8.978,0.8029999999999999,9.315999999999999,0.899975884244373,0.9000378885316184
Geant2001,0002,0.725,7.789,0.9059999999999999,8.126999999999999,0.8999734726688103,0.8999782958199357
Geant2001,0003,0.704,8.756,0.885,9.094,0.9000304,0.900078
Geant2001,0004,0.701,10.137,0.8819999999999999,10.475,0.8999766881028938,0.9000450160771705
Geant2009,0000,2.294,31.017,2.517,31.674,0.9000273458333332,0.9000854187499998
Geant2009,0001,7.745,125.572,7.968,126.229,0.9003032125,0.9000783749999998
Geant2009,0002,3.087,39.453,3.31,40.11,0.9003118875,0.90012745
Geant2009,0003,2.725,26.057,2.948,26.714,0.9001254138888888,0.900088161111111
Geant2009,0004,5.645,32.986,5.867999999999999,33.643,0.9000833625,0.900086475
Geant2010,0000,2.13,41.371,2.3529999999999998,45.135000000000005,0.900055025,0.900021282442748
Geant2010,0001,2.7,42.359,2.923,46.123000000000005,0.9000857404580153,0.9000657557251909
Geant2010,0002,3.385,92.337,3.6079999999999997,96.101,0.900446075,0.9002875416666667
Geant2010,0003,1.999,48.843,2.222,52.607000000000006,0.9000443053435114,0.900331572519084
Geant2010,0004,2.033,42.763,2.256,46.527,0.9001128956743001,0.900080427480916
Geant2012,0000,3.174,40.127,3.2159999999999997,40.192,0.9000325312499998,0.9000770124999999
Geant2012,0001,2.528,65.035,2.57,65.1,0.9000991157068944,0.90007454375
Geant2012,0002,3.659,60.954,3.7009999999999996,61.019,0.9000834041666667,0.9000776208333332
Geant2012,0003,3.849,83.882,3.891,83.947,0.9001218686159879,0.9000825625
Geant2012,0004,1.547,37.134,1.589,37.199,0.9000330372123756,0.9002003833333334
Getnet,0000,0.132,0.118,0.156,0.142,0.9163555555555547,0.9012333333333332
Getnet,0001,0.123,0.205,0.147,0.22899999999999998,0.9123333333333333,0.9123333333333333
Getnet,0002,0.183,0.239,0.207,0.263,0.9012444444444444,0.9012444444444444
Getnet,0003,0.155,0.41,0.179,0.434,0.9037,0.9005777777777778
Getnet,0004,0.058,0.062,0.082,0.086,0.9381444444444442,0.9246444444444445
Globalcenter,0000,0.078,0.592,0.1,0.655,1.3514,1.3514
Globalcenter,0001,0.084,0.768,0.10600000000000001,0.831,1.6360666666666663,1.6360666666666666
Globalcenter,0002,0.114,0.584,0.136,0.647,1.1823777777777777,1.1823777777777777
Globalcenter,0003,0.091,0.611,0.11299999999999999,0.6739999999999999,1.3111111111111111,1.3111111111111111
Globalcenter,0004,0.121,1.6,0.143,1.663,1.5756666666666668,1.5756666666666668
Globenet,0000,8.149,233.752,8.706,269.745,0.899893,0.899904
Globenet,0001,10.977,214.935,11.534,250.928,0.899809,0.8998619999999999
Globenet,0002,7.991,238.451,8.548,274.444,0.899814,0.899894
Globenet,0003,7.056,212.329,7.613,248.322,0.899813,0.899868
Globenet,0004,7.13,200.407,7.687,236.4,0.899827,0.899875
Goodnet,0000,7.081,43.057,7.159000000000001,43.276,0.899974074074074,0.8999666666666666
Goodnet,0001,0.646,50.032,0.724,50.251,0.941,0.9113777777777777
Goodnet,0002,0.992,7.565,1.07,7.784000000000001,1.2745333333333297,1.274533333333333
Goodnet,0003,1.791,15.374,1.869,15.593,0.8999648148148147,0.8999611111111111
Goodnet,0004,1.519,8.771,1.597,8.99,0.8999722222222222,0.899962962962963
Grena,0000,0.05,0.05,0.081,0.08,0.899971,0.899971
Grena,0001,0.063,0.073,0.094,0.103,0.899962,0.899962
Grena,0002,0.063,0.051,0.094,0.08099999999999999,0.899965,0.899965
Grena,0003,0.049,0.055,0.08,0.08499999999999999,0.899964,0.899964
Grena,0004,0.064,0.055,0.095,0.08499999999999999,0.899968,0.899968
Gridnet,0000,4.183,10.185,4.207,10.229000000000001,0.8999888888888888,0.9
Gridnet,0001,19.122,9.095,19.146,9.139000000000001,0.9000111111111111,0.9
Gridnet,0002,6.281,162.65,6.305,162.69400000000002,0.9000222222222222,0.9000222222222222
Gridnet,0003,3.895,63.278,3.919,63.321999999999996,0.9000333333333334,0.9000111111111111
Gridnet,0004,1.334,6.54,1.358,6.584,0.8999999999999998,0.900011111111111
Grnet,0000,0.48,4.054,23.962,1804.4750000000001,0.899951,0.899951
Grnet,0001,0.631,2.96,24.113,1803.381,0.9000611666666665,0.9000101666666666
Grnet,0002,0.485,2.569,23.967,1802.99,0.899947,0.899947
Grnet,0003,0.59,2.653,24.072,1803.074,0.899951,0.899951
Grnet,0004,0.495,2.704,23.977,1803.125,0.89995,0.89995
GtsCe,0000,411.813,-,421.926,-,0.8992208333333334,-
GtsCe,0001,205.248,-,215.361,-,0.8991453333333332,-
GtsCe,0002,297.289,-,307.402,-,0.8991671666666663,-
GtsCe,0003,301.698,-,311.811,-,0.8992541666666667,-
GtsCe,0004,309.164,-,319.277,-,0.8992208333333332,-
GtsCzechRepublic,0000,0.373,0.753,0.441,0.874,0.8999625,0.8999780000000001
GtsCzechRepublic,0001,0.406,0.651,0.47400000000000003,0.772,0.8999695,0.90001
GtsCzechRepublic,0002,0.462,0.686,0.53,0.807,0.8999925,0.899982
GtsCzechRepublic,0003,0.376,0.724,0.444,0.845,0.8999965,0.8999739999999999
GtsCzechRepublic,0004,0.502,0.673,0.5700000000000001,0.794,0.899995,0.8999725
GtsHungary,0000,0.222,0.41,0.28500000000000003,0.509,0.900006,0.899973
GtsHungary,0001,0.262,0.318,0.325,0.41700000000000004,0.900024,0.900045
GtsHungary,0002,0.197,0.327,0.26,0.42600000000000005,0.89996,0.899983
GtsHungary,0003,0.215,0.383,0.278,0.482,0.899959,0.899979
GtsHungary,0004,0.253,0.349,0.316,0.44799999999999995,0.899988,0.899989
GtsPoland,0000,0.603,5.73,0.6859999999999999,6.0120000000000005,0.9000215,0.900027
GtsPoland,0001,1.394,7.835,1.4769999999999999,8.116999999999999,0.9000233333333333,0.9000435833333332
GtsPoland,0002,1.188,7.703,1.271,7.985,0.9000398333333333,0.9000036666666666
GtsPoland,0003,0.646,5.706,0.729,5.988,0.8999873333333334,0.900016
GtsPoland,0004,1.076,7.431,1.159,7.713,0.900006,0.9000115
GtsRomania,0000,0.162,0.397,0.20500000000000002,0.449,0.9000005,0.9000509999999999
GtsRomania,0001,0.151,0.365,0.194,0.417,0.899985,0.8999905
GtsRomania,0002,0.138,0.263,0.181,0.315,0.900059,0.899982
GtsRomania,0003,0.127,0.27,0.16999999999999998,0.322,0.899981,0.899981
GtsRomania,0004,0.125,0.245,0.16799999999999998,0.297,0.89998,0.89998
GtsSlovakia,0000,0.335,0.881,0.40900000000000003,1.0150000000000001,0.8999679999999999,0.9000285
GtsSlovakia,0001,0.363,1.894,0.437,2.028,0.9000143333333332,0.899998
GtsSlovakia,0002,0.376,0.998,0.45,1.1320000000000001,0.9000181666666666,0.8999918333333334
GtsSlovakia,0003,0.485,1.266,0.5589999999999999,1.4,0.8999541666666666,0.899962
GtsSlovakia,0004,0.382,1.058,0.456,1.1920000000000002,0.8999834999999996,0.8999858333333333
Harnet,0000,0.188,0.475,6.5569999999999995,235.184,0.8999765,0.8999765
Harnet,0001,0.174,0.538,6.543,235.247,0.8999785,0.8999785
Harnet,0002,0.323,0.664,6.692,235.373,0.9134950732356852,0.9000703062583222
Harnet,0003,0.171,0.486,6.54,235.195,0.9000323124722592,0.9000168664003547
Harnet,0004,0.172,0.548,6.5409999999999995,235.257,0.8999976919662673,0.9000074567243675
Heanet,0000,0.125,0.556,0.144,0.5820000000000001,1.083629,1.0817503333333331
Heanet,0001,0.083,0.102,0.10200000000000001,0.128,1.1544574999999995,1.1544575
Heanet,0002,0.111,0.222,0.13,0.248,1.213517,1.213517
Heanet,0003,0.176,0.992,0.19499999999999998,1.018,0.9000673333333332,0.9000373333333332
Heanet,0004,0.93,8.599,0.9490000000000001,8.625,0.90152,0.9002815
HiberniaCanada,0000,0.169,0.144,0.196,0.173,0.899995,0.900055
HiberniaCanada,0001,0.343,0.526,0.37000000000000005,0.555,0.902285,0.902277
HiberniaCanada,0002,0.296,0.114,0.323,0.14300000000000002,0.899992,0.900053
HiberniaCanada,0003,0.161,0.211,0.188,0.24,0.900004,0.899989
HiberniaCanada,0004,0.163,0.23,0.19,0.259,0.900075,0.900052
HiberniaGlobal,0000,4.365,170.577,4.736000000000001,195.067,0.8998165,0.8998165
HiberniaGlobal,0001,3.711,158.394,4.082,182.88400000000001,0.8998115,0.899889
HiberniaGlobal,0002,6.232,158.547,6.603,183.037,0.899823,0.899822
HiberniaGlobal,0003,6.85,96.507,7.221,120.997,0.89985325,0.8998265
HiberniaGlobal,0004,4.543,95.325,4.914,119.815,0.8998105,0.8998854999999999
HiberniaIreland,0000,0.105,0.114,0.125,0.136,0.903995,0.903995
HiberniaIreland,0001,0.172,0.141,0.19199999999999998,0.16299999999999998,0.900041,0.900041
HiberniaIreland,0002,0.114,0.136,0.134,0.158,0.900001,0.900001
HiberniaIreland,0003,0.128,0.101,0.148,0.123,0.9,0.9
HiberniaIreland,0004,0.133,0.12,0.153,0.142,0.900042,0.900042
HiberniaNireland,0000,0.27,0.857,0.31,0.971,0.9000491666666666,0.9000370000000001
HiberniaNireland,0001,0.285,1.101,0.32499999999999996,1.215,0.9000374999999999,0.8999911666666666
HiberniaNireland,0002,0.243,0.891,0.283,1.0050000000000001,0.9000689999999999,0.9000548333333332
HiberniaNireland,0003,0.297,1.217,0.33699999999999997,1.3310000000000002,0.900023,0.9000555
HiberniaNireland,0004,0.282,0.81,0.32199999999999995,0.924,0.9000185,0.8999884999999999
HiberniaUk,0000,0.075,0.076,0.106,0.121,0.900014,0.900014
HiberniaUk,0001,0.211,0.148,0.242,0.193,0.900028,0.900028
HiberniaUk,0002,0.203,0.123,0.234,0.16799999999999998,0.900021,0.900021
HiberniaUk,0003,0.158,0.146,0.189,0.191,0.900022,0.900022
HiberniaUk,0004,0.07,0.069,0.101,0.114,0.900071,0.900071
HiberniaUs,0000,0.538,1.72,0.5880000000000001,1.955,0.8999579999999999,0.899958
HiberniaUs,0001,0.379,2.597,0.429,2.832,0.8999579999999999,0.899957999999998
HiberniaUs,0002,0.652,2.525,0.7020000000000001,2.76,0.9000323611111112,0.9000355555555555
HiberniaUs,0003,0.265,1.499,0.315,1.734,0.899965,0.899965
HiberniaUs,0004,0.274,1.425,0.324,1.6600000000000001,0.899955,0.899955
Highwinds,0000,0.307,2.745,0.367,3.124,0.9000128819444443,0.9000581157407408
Highwinds,0001,0.4,2.967,0.46,3.346,0.9000260624999997,0.9000092592592593
Highwinds,0002,0.378,2.663,0.438,3.042,0.9000040333333331,0.9000769500000001
Highwinds,0003,0.299,2.617,0.359,2.996,0.9000787083333334,0.900018247685185
Highwinds,0004,0.356,3.065,0.416,3.444,0.9000498833333334,0.9000179666666668
HostwayInternational,0000,0.183,0.51,0.219,0.5720000000000001,0.8999945,0.8999855
HostwayInternational,0001,0.137,0.419,0.17300000000000001,0.481,0.899976,0.899976
HostwayInternational,0002,0.2,0.415,0.23600000000000002,0.477,0.899974,0.899974
HostwayInternational,0003,0.143,0.563,0.179,0.625,0.9000421666666666,0.9000155
HostwayInternational,0004,0.129,0.391,0.165,0.453,0.899976,0.899976
HurricaneElectric,0000,0.41,4.21,0.471,4.54,0.9000074999999998,0.9000365
HurricaneElectric,0001,0.503,3.625,0.5640000000000001,3.955,0.9000115,0.8999895
HurricaneElectric,0002,0.427,3.209,0.488,3.539,0.900057,0.900047
HurricaneElectric,0003,0.508,5.711,0.569,6.041,0.9000171666666666,0.9000158333333333
HurricaneElectric,0004,0.441,5.34,0.502,5.67,0.9000669444444445,0.9000396666666665
Ibm,0000,2.436,12.237,2.4779999999999998,12.393,0.8998666666666667,0.8998416666666667
Ibm,0001,0.291,5.674,0.33299999999999996,5.83,0.8998666666666666,0.8998222222222222
Ibm,0002,0.707,4.52,0.749,4.675999999999999,0.8998222222222222,0.8998037037037037
Ibm,0003,0.537,2.49,0.5790000000000001,2.6460000000000004,0.8998166666666667,0.8998296296296295
Ibm,0004,0.673,3.343,0.7150000000000001,3.499,0.8998111111111111,0.8997555555555555
Iij,0000,1.746,38.392,2.428,49.940000000000005,0.9000438883798441,0.9000618389113938
Iij,0001,2.007,44.817,2.689,56.365,0.9000838040324398,0.900045278206447
Iij,0002,1.737,41.18,2.419,52.728,0.9000449767982679,0.9000752013406637
Iij,0003,1.81,47.576,2.492,59.124,0.9000439804767874,0.9000073258932398
Iij,0004,1.255,41.344,1.9369999999999998,52.892,0.9000499751505701,0.900078768004115
Iinet,0000,0.836,1.745,0.905,1.899,0.9000462499999999,0.90007525
Iinet,0001,0.45,1.553,0.519,1.7069999999999999,0.900098,0.900066
Iinet,0002,0.552,1.382,0.621,1.5359999999999998,0.899985,0.900026
Iinet,0003,0.326,1.071,0.395,1.2249999999999999,0.9000795,0.9000169999999998
Iinet,0004,0.637,1.283,0.706,1.4369999999999998,0.90008725,0.8999955
Ilan,0000,0.138,0.258,0.17800000000000002,0.332,0.9000468333333332,0.9000345
Ilan,0001,0.173,0.311,0.213,0.385,0.9000236666666667,0.9000763333333333
Ilan,0002,0.17,0.214,0.21000000000000002,0.288,0.9000771666666666,0.9000813333333333
Ilan,0003,0.144,0.228,0.184,0.302,0.9000513333333332,0.9000149999999999
Ilan,0004,0.141,0.23,0.181,0.304,0.9000664999999999,0.9000801666666663
Integra,0000,0.461,5.497,0.535,6.044,0.899967,0.9000015
Integra,0001,0.448,5.105,0.522,5.652,0.89997,0.899991
Integra,0002,0.638,5.307,0.712,5.854,0.89997,0.8999845
Integra,0003,0.488,5.112,0.5619999999999999,5.659,0.9000433333333334,0.900006
Integra,0004,0.743,10.405,0.817,10.952,0.90002125,0.90001125
Intellifiber,0000,9.499,168.879,10.209,186.201,0.8997355,0.8997425
Intellifiber,0001,8.441,140.123,9.151,157.445,0.8997485,0.8997485
Intellifiber,0002,10.663,185.127,11.373000000000001,202.449,0.8997709166666666,0.8997285
Intellifiber,0003,10.449,195.513,11.158999999999999,212.835,0.8997385,0.8997385
Intellifiber,0004,10.183,183.427,10.893,200.749,0.8997465,0.8997484375
Internetmci,0000,0.505,6.057,0.649,6.378,0.9000037037037036,0.8999296296296296
Internetmci,0001,0.459,3.705,0.603,4.026,0.8999481481481482,0.8999222222222222
Internetmci,0002,2.308,27.743,2.452,28.064,0.9000258064516129,0.9000262365591397
Internetmci,0003,1.079,5.775,1.2229999999999999,6.096,0.9000145161290323,0.9000204301075267
Internetmci,0004,0.398,4.119,0.542,4.4399999999999995,0.8999481481481479,0.8999481481481482
Internode,0000,4.3,62.041,4.52,62.279999999999994,0.90052953125,0.9002179166666666
Internode,0001,3.543,52.106,3.7630000000000003,52.345,0.9006302222222222,0.9004498958333333
Internode,0002,3.693,47.236,3.9130000000000003,47.474999999999994,0.9001717708333333,0.9000593749999999
Internode,0003,3.664,31.914,3.8840000000000003,32.153,0.9002797777777778,0.9003647395833333
Internode,0004,3.723,53.722,3.943,53.961,0.9003495555555555,0.9004795555555556
Interoute,0000,94.734,1997.979,98.118,3840.624,0.8997581666666663,3.5956787083333364
Interoute,0001,103.15,2093.588,106.534,3936.233,0.8996878333333332,3.698129415512085
Interoute,0002,134.158,2049.184,137.54199999999997,3891.829,0.8998212916666667,3.8258297443389893
Interoute,0003,119.877,2013.715,123.261,3856.3599999999997,0.8997740833333334,3.483269453048706
Interoute,0004,124.499,2036.188,127.883,3878.833,0.8997684999999999,3.7446156666666646
Intranetwork,0000,0.936,8.004,1.074,8.655999999999999,0.899881,0.899881
Intranetwork,0001,0.933,7.991,1.0710000000000002,8.642999999999999,0.89987,0.89987
Intranetwork,0002,0.846,6.63,0.984,7.282,0.899877,0.899877
Intranetwork,0003,0.913,7.809,1.0510000000000002,8.461,0.899882,0.899882
Intranetwork,0004,0.919,7.758,1.057,8.41,0.899883,0.899883
Ion,0000,98.903,1939.815,102.864,2493.367,0.8994895,3.68703293800354
Ion,0001,86.498,2064.965,90.459,2618.5170000000003,0.899416,3.378978729248047
Ion,0002,90.521,1917.864,94.482,2471.416,0.89941075,3.24805875
Ion,0003,87.114,2031.618,91.075,2585.17,0.8994878333333333,3.1250395
Ion,0004,103.237,1945.741,107.198,2499.293,0.8994616666666664,3.0500617027282715
IowaStatewideFiberMap,0000,1.056,10.066,1.1560000000000001,10.597000000000001,0.899978,0.899987
IowaStatewideFiberMap,0001,0.77,6.143,0.87,6.6739999999999995,0.9000135,0.90003225
IowaStatewideFiberMap,0002,0.743,12.291,0.843,12.822000000000001,0.8999915,0.900047
IowaStatewideFiberMap,0003,0.751,10.927,0.851,11.458,0.9000395,0.8999897499999999
IowaStatewideFiberMap,0004,1.247,9.957,1.3470000000000002,10.488000000000001,0.8999955,0.900022
Iris,0000,2.441,44.372,2.654,47.343,0.89988275,0.8998605
Iris,0001,2.03,55.358,2.243,58.32899999999999,0.8998575,0.8998575
Iris,0002,2.035,37.746,2.248,40.717,0.899849,0.89987425
Iris,0003,2.5,50.032,2.713,53.003,0.8998505,0.8998505
Iris,0004,1.937,52.349,2.15,55.31999999999999,0.899853,0.899853
Istar,0000,0.123,0.16,0.162,0.198,0.899945,0.899945
Istar,0001,0.086,0.08,0.125,0.118,0.899945,0.899945
Istar,0002,0.116,0.1,0.155,0.138,0.899944,0.899944
Istar,0003,0.093,0.088,0.132,0.126,0.899948,0.899948
Istar,0004,0.077,0.082,0.11599999999999999,0.12,0.899949,0.899949
Itnet,0000,0.046,0.065,0.067,0.088,0.899995,0.899995
Itnet,0001,0.038,0.037,0.059,0.06,0.899994,0.899994
Itnet,0002,0.062,0.039,0.083,0.062,0.899995,0.899995
Itnet,0003,0.038,0.038,0.059,0.061,0.899994,0.899994
Itnet,0004,0.049,0.038,0.07,0.061,0.899995,0.899995
Janetbackbone,0000,0.671,11.765,0.751,13.788,0.900008,0.900002
Janetbackbone,0001,0.684,13.164,0.764,15.187,0.900023,0.900056
Janetbackbone,0002,1.053,13.464,1.133,15.487,0.900048,0.900054
Janetbackbone,0003,0.987,12.206,1.067,14.229,0.9000639999999999,0.9000615
Janetbackbone,0004,1.983,28.005,2.063,30.028,0.9000365,0.9000583333333334
JanetExternal,0000,0.039,0.066,0.062,0.088,0.8999952,0.8999952
JanetExternal,0001,0.037,0.036,0.06,0.057999999999999996,0.8999956,0.8999956
JanetExternal,0002,0.057,0.053,0.08,0.075,0.8999948,0.8999948
JanetExternal,0003,0.06,0.035,0.08299999999999999,0.057,0.8999944,0.8999944
JanetExternal,0004,0.037,0.035,0.06,0.057,0.8999952,0.8999952
Janetlense,0000,0.382,3.042,0.524,3.3979999999999997,0.900074,0.90005
Janetlense,0001,0.304,2.315,0.44599999999999995,2.671,0.9000206666666666,0.9000306666666666
Janetlense,0002,0.352,2.427,0.494,2.783,0.900025,0.9000155
Janetlense,0003,0.271,1.871,0.41300000000000003,2.227,0.8999923333333332,0.9000249999999999
Janetlense,0004,0.363,2.058,0.505,2.4139999999999997,0.9000015,0.900022
Jgn2Plus,0000,0.05,0.052,0.096,0.08399999999999999,0.899963,0.899963
Jgn2Plus,0001,0.052,0.05,0.098,0.082,0.899966,0.899966
Jgn2Plus,0002,0.074,0.053,0.12,0.08499999999999999,0.899964,0.899964
Jgn2Plus,0003,0.051,0.06,0.097,0.092,0.899959,0.899959
Jgn2Plus,0004,0.051,0.051,0.097,0.08299999999999999,0.899959,0.899959
Karen,0000,0.22,0.944,0.306,1.028,2.7152485,0.90001805
Karen,0001,0.238,0.9,0.32399999999999995,0.984,3.826613,0.8999968500000001
Karen,0002,0.196,0.792,0.28200000000000003,0.876,3.366193,0.9000615
Karen,0003,0.218,1.007,0.304,1.091,3.868066,0.9000167
Karen,0004,0.219,0.828,0.305,0.9119999999999999,2.9555535,0.9000331
KentmanApr2007,0000,0.125,0.208,0.263,0.44899999999999995,0.89968,0.89968
KentmanApr2007,0001,0.118,0.189,0.256,0.43,0.89969,0.89969
KentmanApr2007,0002,0.119,0.188,0.257,0.429,0.89972,0.89972
KentmanApr2007,0003,0.121,0.19,0.259,0.431,0.89971,0.89971
KentmanApr2007,0004,0.118,0.235,0.256,0.476,0.89972,0.89972
KentmanAug2005,0000,0.156,0.394,0.185,0.41900000000000004,0.8996516129032258,0.8996516129032258
KentmanAug2005,0001,0.153,0.315,0.182,0.34,0.8996580645161291,0.8996580645161291
KentmanAug2005,0002,0.15,0.345,0.179,0.37,0.8996258064516129,0.8996258064516129
KentmanAug2005,0003,0.151,0.421,0.18,0.446,0.8996516129032258,0.8996516129032258
KentmanAug2005,0004,0.174,0.443,0.20299999999999999,0.468,0.8998193548387097,0.8997661290322579
KentmanFeb2008,0000,0.14,0.235,4.779,1800.5849999999998,0.8997,0.8997
KentmanFeb2008,0001,0.14,0.28,4.779,1800.6299999999999,0.89989,0.89989
KentmanFeb2008,0002,0.142,0.251,4.781000000000001,1800.6009999999999,0.89968,0.89968
KentmanFeb2008,0003,0.142,0.377,4.781000000000001,1800.7269999999999,0.89969,0.89969
KentmanFeb2008,0004,0.138,0.24,4.777,1800.59,0.89966,0.89966
KentmanJan2011,0000,0.118,0.118,0.235,1.883,0.899932,0.899932
KentmanJan2011,0001,0.111,0.111,0.228,1.876,0.899914,0.899914
KentmanJan2011,0002,0.111,0.111,0.228,1.876,0.899913,0.899913
KentmanJan2011,0003,0.11,0.111,0.227,1.876,0.89992,0.89992
KentmanJan2011,0004,0.106,0.109,0.223,1.8739999999999999,0.899933,0.899933
KentmanJul2005,0000,0.106,0.115,0.636,29.032999999999998,0.8995294117647059,0.8995294117647059
KentmanJul2005,0001,0.081,0.13,0.611,29.048,0.8995294117647059,0.8995294117647059
KentmanJul2005,0002,0.09,0.112,0.62,29.029999999999998,0.8996470588235294,0.8996470588235294
KentmanJul2005,0003,0.098,0.138,0.628,29.056,0.8999193548387097,0.8999
KentmanJul2005,0004,0.091,0.113,0.621,29.031,0.8999677419354838,0.8999290322580645
Kreonet,0000,0.043,0.044,5.632000000000001,168.41400000000002,0.8999992,0.8999992
Kreonet,0001,0.043,0.043,5.632000000000001,168.413,0.89999925,0.89999925
Kreonet,0002,0.042,0.042,5.631,168.412,0.89999925,0.89999925
Kreonet,0003,0.044,0.044,5.633,168.41400000000002,0.89999925,0.89999925
Kreonet,0004,0.041,0.041,5.630000000000001,168.411,0.89999925,0.89999925
LambdaNet,0000,1.028,4.652,1.1400000000000001,4.92,0.8999395,0.8999874999999999
LambdaNet,0001,1.008,4.583,1.12,4.851,0.899919,0.8999145
LambdaNet,0002,1.35,10.78,1.4620000000000002,11.048,0.899968,0.899961
LambdaNet,0003,0.766,5.379,0.878,5.646999999999999,0.8999695,0.8999215
LambdaNet,0004,0.784,3.923,0.896,4.191,0.899938,0.8999735
Latnet,0000,0.343,0.702,0.556,1.035,0.89704,0.89704
Latnet,0001,0.384,0.703,0.597,1.036,0.89693,0.8969299999999993
Latnet,0002,0.347,0.697,0.5599999999999999,1.03,0.89705,0.89705
Latnet,0003,0.474,0.784,0.6869999999999999,1.117,0.8970899999999999,0.8970899999999999
Latnet,0004,0.377,1.051,0.59,1.384,0.89701,0.8970099999999999
Layer42,0000,0.16,0.42,0.18,0.439,0.9000825,0.9000825
Layer42,0001,0.146,0.221,0.16599999999999998,0.24,0.9000665,0.9000665
Layer42,0002,0.062,0.24,0.082,0.259,0.9000495,0.9000495
Layer42,0003,0.077,0.063,0.097,0.082,0.9745189999999999,0.9745189999999999
Layer42,0004,0.108,0.055,0.128,0.074,0.900035,0.900035
Litnet,0000,0.169,0.169,0.29200000000000004,0.538,0.89992,0.89992
Litnet,0001,0.161,0.162,0.28400000000000003,0.531,0.899932,0.899932
Litnet,0002,0.192,0.199,0.315,0.5680000000000001,0.899885,0.899885
Litnet,0003,0.164,0.174,0.28700000000000003,0.5429999999999999,0.899924,0.899924
Litnet,0004,0.156,0.165,0.279,0.534,0.899901,0.899901
Marnet,0000,0.232,0.601,0.309,0.771,1.2089548387096771,1.208954838709677
Marnet,0001,0.226,127.475,0.303,127.645,1.092516129032258,0.900041935483871
Marnet,0002,0.339,0.633,0.41600000000000004,0.803,1.1339903225806451,1.0988548387096775
Marnet,0003,0.216,0.528,0.293,0.6980000000000001,1.2241096774193547,1.2241096774193547
Marnet,0004,0.411,0.574,0.488,0.744,1.2672799999999995,1.0805225806451613
Marwan,0000,0.128,0.26,0.17099999999999999,0.326,0.8997677212655186,0.8998157789347216
Marwan,0001,0.143,0.312,0.186,0.378,0.8998077693231877,0.8997997597116539
Marwan,0002,0.151,0.322,0.194,0.388,0.8998885329061541,0.8999599519423305
Marwan,0003,0.116,0.233,0.159,0.29900000000000004,0.8997997597116538,0.8997677212655185
Marwan,0004,0.112,0.352,0.155,0.418,0.8997757308770524,0.8998077693231878
Missouri,0000,9.414,211.198,9.885,228.227,0.899751,0.89975275
Missouri,0001,9.332,200.535,9.803,217.564,0.8998225,0.89976925
Missouri,0002,9.174,198.347,9.645,215.376,0.8997495,0.8997495
Missouri,0003,9.319,194.757,9.790000000000001,211.786,0.8997545,0.8997545
Missouri,0004,9.196,184.95,9.667,201.97899999999998,0.8997555,0.8997555
Mren,0000,0.038,0.075,0.055,0.092,0.899997,0.899997
Mren,0001,0.036,0.056,0.053,0.07300000000000001,0.899997,0.899997
Mren,0002,0.035,0.04,0.052000000000000005,0.057,0.899996,0.899996
Mren,0003,0.06,0.063,0.077,0.08,0.899998,0.899998
Mren,0004,0.042,0.049,0.059000000000000004,0.066,0.899997,0.899997
Myren,0000,0.299,0.595,0.379,0.9139999999999999,0.9000024115755627,0.8999863344051448
Myren,0001,0.318,0.563,0.398,0.8819999999999999,0.900023311897106,0.900008
Myren,0002,0.275,0.383,0.35500000000000004,0.702,0.8998225806451613,0.8997677419354838
Myren,0003,0.189,0.355,0.269,0.6739999999999999,0.89956,0.89956
Myren,0004,0.189,0.362,0.269,0.681,0.89964,0.89964
Napnet,0000,0.043,0.047,0.061,0.065,1.0766444444444445,1.0766444444444445
Napnet,0001,0.043,0.108,0.061,0.126,0.9241110554639059,0.9019111111111111
Napnet,0002,0.045,0.046,0.063,0.064,0.8999555555555555,0.8999555555555555
Napnet,0003,0.045,0.05,0.063,0.068,1.0675555555555556,1.0675555555555556
Napnet,0004,0.044,0.049,0.062,0.067,0.8999555555555555,0.8999555555555555
Navigata,0000,0.104,0.303,0.146,0.349,0.9000630000000001,0.9000285
Navigata,0001,0.106,0.551,0.148,0.5970000000000001,0.9000025,0.9000205
Navigata,0002,0.099,0.251,0.14100000000000001,0.297,0.899998,0.900038
Navigata,0003,0.113,0.244,0.155,0.29,0.9000065,0.900076
Navigata,0004,0.172,0.253,0.214,0.299,0.900065,0.9000655
Netrail,0000,0.177,0.237,0.19599999999999998,0.272,0.9185555555555556,0.9185555555555556
Netrail,0001,0.194,0.857,0.213,0.892,0.9042222222222223,0.9042222222222212
Netrail,0002,1.043,5.366,1.0619999999999998,5.401,0.9004888888888889,0.9004888888888889
Netrail,0003,0.272,0.571,0.29100000000000004,0.606,0.9396444444444437,0.9338666666666665
Netrail,0004,0.054,0.103,0.073,0.138,0.9616888888888889,0.9616888888888889
NetworkUsa,0000,0.608,2.165,0.6829999999999999,2.341,0.899927,0.8999375
NetworkUsa,0001,0.406,1.535,0.48100000000000004,1.7109999999999999,0.900012,0.8999885
NetworkUsa,0002,0.389,1.538,0.464,1.714,0.899992,0.899995
NetworkUsa,0003,0.62,1.66,0.695,1.8359999999999999,0.899942,0.8999365
NetworkUsa,0004,0.629,2.335,0.704,2.511,0.89999,0.8999695
Nextgen,0000,0.106,0.162,0.142,0.20700000000000002,0.899974,0.899974
Nextgen,0001,0.111,0.17,0.147,0.21500000000000002,0.899972,0.899972
Nextgen,0002,0.139,0.156,0.17500000000000002,0.201,0.899971,0.899971
Nextgen,0003,0.128,0.154,0.164,0.199,0.899968,0.899968
Nextgen,0004,0.101,0.168,0.137,0.21300000000000002,0.899971,0.899971
Niif,0000,0.397,1.799,0.42200000000000004,1.8299999999999998,0.90001,0.8999935
Niif,0001,0.559,1.729,0.5840000000000001,1.76,0.9000025,0.899956
Niif,0002,0.502,2.302,0.527,2.333,0.8999535,0.90001
Niif,0003,0.519,1.895,0.544,1.926,0.899969,0.899957
Niif,0004,0.506,2.46,0.531,2.491,0.9000035,0.900014
Noel,0000,0.239,0.75,0.286,0.876,0.9000379999999999,0.900021
Noel,0001,0.28,1.018,0.327,1.1440000000000001,0.899991,0.899997
Noel,0002,0.312,0.732,0.359,0.858,0.900021,0.900023
Noel,0003,0.504,1.09,0.551,1.2160000000000002,0.9000305,0.9000435
Noel,0004,0.296,0.988,0.34299999999999997,1.1139999999999999,0.900043,0.900038
Nordu1989,0000,0.033,0.034,0.051000000000000004,0.052000000000000005,0.89921875,0.89921875
Nordu1989,0001,0.033,0.033,0.051000000000000004,0.051000000000000004,0.89921875,0.89921875
Nordu1989,0002,0.035,0.035,0.053000000000000005,0.053000000000000005,0.899375,0.899375
Nordu1989,0003,0.033,0.041,0.051000000000000004,0.059,0.89921875,0.89921875
Nordu1989,0004,0.046,0.032,0.064,0.05,0.89921875,0.89921875
Nordu1997,0000,0.044,0.043,0.069,0.071,0.899978,0.899978
Nordu1997,0001,0.043,0.043,0.068,0.071,0.899979,0.899979
Nordu1997,0002,0.071,0.044,0.096,0.072,0.899978,0.899978
Nordu1997,0003,0.061,0.043,0.086,0.071,0.899981,0.899981
Nordu1997,0004,0.044,0.042,0.069,0.07,0.899979,0.899979
Nordu2005,0000,0.046,0.077,0.195,0.274,0.8999994067415196,0.8999994067415196
Nordu2005,0001,0.046,0.056,0.195,0.253,0.9348478,0.9348478
Nordu2005,0002,0.085,0.099,0.23399999999999999,0.29600000000000004,0.9001512,0.9001511970116665
Nordu2005,0003,0.046,0.059,0.195,0.256,0.8999946666666667,0.8999946666666667
Nordu2005,0004,0.049,0.049,0.198,0.246,0.9000174,0.9000874999999997
Nordu2010,0000,0.05,0.049,0.079,0.079,0.89998,0.89998
Nordu2010,0001,0.052,0.05,0.081,0.08,0.899982,0.899982
Nordu2010,0002,0.056,0.055,0.085,0.08499999999999999,0.899981,0.899981
Nordu2010,0003,0.058,0.05,0.08700000000000001,0.08,0.899979,0.899979
Nordu2010,0004,0.07,0.049,0.099,0.079,0.899985,0.899985
Nsfcnet,0000,0.072,0.182,0.093,0.207,0.900011,0.900057
Nsfcnet,0001,0.246,0.152,0.267,0.177,0.900015,0.900074
Nsfcnet,0002,0.051,0.073,0.072,0.098,0.899998,0.899998
Nsfcnet,0003,0.119,0.07,0.13999999999999999,0.095,0.900038,0.900078
Nsfcnet,0004,0.207,0.132,0.22799999999999998,0.157,0.900045,0.900045
Nsfnet,0000,0.18,0.323,0.207,0.362,0.8957253886010362,0.8957253886010362
Nsfnet,0001,1802.845,1803.959,1802.872,1803.998,0.8960492094290711,0.8960492015621776
Nsfnet,0002,0.824,1.875,0.851,1.914,0.8976683937823834,0.8976683937823834
Nsfnet,0003,1801.215,1802.467,1801.242,1802.506,0.9177460225542974,0.917746052574364
Nsfnet,0004,0.196,0.635,0.223,0.674,0.8979922279792746,0.8979922279792746
Ntelos,0000,2.201,46.954,2.415,50.277,0.899852,0.899852
Ntelos,0001,2.185,46.661,2.399,49.984,0.899861,0.899861
Ntelos,0002,2.138,45.884,2.352,49.207,0.899862,0.899862
Ntelos,0003,3.667,41.304,3.881,44.627,0.899861,0.899861
Ntelos,0004,2.298,38.491,2.512,41.814,0.899861,0.899861
Ntt,0000,28.009,1102.789,28.611,1105.54,0.989755973240312,0.9897575667965174
Ntt,0001,5.413,145.648,6.015000000000001,148.399,0.9367999135184573,0.9366934233405135
Ntt,0002,25.734,763.29,26.336000000000002,766.0409999999999,0.900279604732242,0.9003021216573103
Ntt,0003,82.978,1285.155,83.58,1287.906,0.9005636510183623,0.9000913207272696
Ntt,0004,11.941,159.582,12.543000000000001,162.333,1.39041978121785,1.3904842825681587
Oteglobe,0000,24.326,460.307,25.193,486.851,0.9016691666666665,0.8998096666666666
Oteglobe,0001,34.581,467.343,35.448,493.887,0.9010683333333332,0.899766
Oteglobe,0002,20.329,477.66,21.196,504.204,0.8997473333333332,0.899816
Oteglobe,0003,19.295,485.727,20.162000000000003,512.271,0.8997891666666668,0.8998158333333331
Oteglobe,0004,19.227,429.384,20.094,455.928,0.8997195,0.8997195
Oxford,0000,0.189,0.509,0.231,0.59,0.899983,0.899982
Oxford,0001,0.18,0.571,0.222,0.6519999999999999,0.9,0.899988
Oxford,0002,0.149,0.434,0.191,0.515,0.900011,0.900026
Oxford,0003,0.183,0.65,0.225,0.731,0.900048,0.900033
Oxford,0004,0.19,0.599,0.232,0.6799999999999999,0.900029,0.9
Pacificwave,0000,0.093,0.167,0.138,0.24,0.9000347,0.90008385
Pacificwave,0001,0.093,0.135,0.138,0.20800000000000002,0.9000069,0.9000125499999999
Pacificwave,0002,0.091,0.149,0.136,0.22199999999999998,0.90007035,0.9000594
Pacificwave,0003,0.142,0.228,0.187,0.301,0.900008,0.90002185
Pacificwave,0004,0.103,0.113,0.148,0.186,0.9000176,0.9000816
Packetexchange,0000,0.18,0.563,0.22599999999999998,0.6789999999999999,0.899956,0.899956
Packetexchange,0001,0.18,0.509,0.22599999999999998,0.625,0.899955,0.899955
Packetexchange,0002,0.183,0.594,0.22899999999999998,0.71,0.899951,0.8999510000000001
Packetexchange,0003,0.216,0.58,0.262,0.696,0.899955,0.899955
Packetexchange,0004,0.182,0.476,0.22799999999999998,0.592,0.899952,0.899951999999999
Padi,0000,0.034,0.035,0.181,0.40800000000000003,0.89997,0.89997
Padi,0001,0.034,0.035,0.181,0.40800000000000003,0.8994,0.8994
Padi,0002,0.035,0.035,0.182,0.40800000000000003,0.8994,0.8994
Padi,0003,0.033,0.035,0.18,0.40800000000000003,0.8994,0.8994
Padi,0004,0.035,0.035,0.182,0.40800000000000003,0.8994,0.8994
Palmetto,0000,2.587,71.728,2.7960000000000003,78.91999999999999,0.8999125,0.8999294999999999
Palmetto,0001,2.468,88.268,2.677,95.46000000000001,0.899906,0.899906
Palmetto,0002,2.01,65.479,2.219,72.67099999999999,0.899911,0.899926
Palmetto,0003,2.464,60.355,2.673,67.547,0.8999355,0.8999765
Palmetto,0004,2.705,74.19,2.914,81.382,0.8999726666666668,0.8999375000000001
Peer1,0000,0.188,0.671,0.222,0.74,0.899983,0.900066
Peer1,0001,0.159,0.49,0.193,0.5589999999999999,0.8999849999999999,0.899985
Peer1,0002,0.17,0.47,0.20400000000000001,0.5389999999999999,0.900045125,0.900006375
Peer1,0003,1.728,1.804,1.762,1.873,0.900033,0.900066
Peer1,0004,0.759,4.201,0.793,4.27,0.9000595,0.90000475
Pern,0000,2.819,11.438,4.181,13.593,0.898501,0.898501
Pern,0001,2.631,10.885,3.993,13.04,0.898509,0.898509
Pern,0002,2.794,11.512,4.156000000000001,13.667,0.898502,0.898502
Pern,0003,2.781,11.487,4.143000000000001,13.642,0.898533,0.898533
Pern,0004,2.765,11.462,4.127000000000001,13.616999999999999,0.898505,0.898505
PionierL1,0000,0.892,4.891,0.989,5.279,0.9000175,0.90000225
PionierL1,0001,0.663,4.148,0.76,4.536,0.8999965,0.899935
PionierL1,0002,0.699,6.261,0.7959999999999999,6.649,0.89995625,0.899973
PionierL1,0003,1.117,9.16,1.214,9.548,0.8999655,0.8999755
PionierL1,0004,0.757,5.513,0.854,5.901,0.8999665,0.900001
PionierL3,0000,1.233,12.055,1.312,12.142999999999999,0.900342975,0.9003314208333332
PionierL3,0001,0.894,10.342,0.973,10.43,0.900101725,0.9000916374999999
PionierL3,0002,1.613,11.896,1.692,11.984,0.9002497083333332,0.9002882375
PionierL3,0003,2.045,10.788,2.124,10.876,0.9033254987499999,0.904002475
PionierL3,0004,0.942,8.079,1.021,8.167,0.9022431375,0.9019969875
Psinet,0000,0.195,0.381,0.247,0.462,0.8992777777777777,0.8992666666666667
Psinet,0001,0.258,0.539,0.31,0.62,0.8993333333333333,0.8993111111111111
Psinet,0002,0.252,0.483,0.304,0.564,0.8992111111111111,0.8992111111111111
Psinet,0003,0.231,0.378,0.28300000000000003,0.459,0.8992333333333333,0.8992333333333333
Psinet,0004,0.324,0.442,0.376,0.523,0.8992444444444444,0.8992888888888889
Quest,0000,0.389,3.149,0.433,3.449,0.8999935,0.900010125
Quest,0001,8.49,28.336,8.534,28.636,0.9000315,0.900045
Quest,0002,299.112,343.146,299.156,343.446,0.9080485,0.900076
Quest,0003,0.311,5.358,0.355,5.6579999999999995,0.8999865,0.900044
Quest,0004,15.001,21.239,15.045,21.539,0.9000715,0.900043
RedBestel,0000,19.086,245.898,20.101,263.79,0.899536,0.899536
RedBestel,0001,23.171,248.68,24.186,266.572,0.89965,0.8997109249999995
RedBestel,0002,21.956,202.358,22.971,220.25,0.8995319999999999,0.899532
RedBestel,0003,21.707,208.997,22.722,226.889,0.899529,0.899529
RedBestel,0004,19.54,208.949,20.555,226.841,0.899538,0.899538
Rediris,0000,0.434,3.004,0.518,3.103,0.9000717,0.9000668
Rediris,0001,0.522,3.07,0.606,3.169,0.9000788,0.9000783999999998
Rediris,0002,0.68,2.843,0.764,2.942,0.9000807877813504,0.9000546623794212
Rediris,0003,0.699,2.898,0.7829999999999999,2.9970000000000003,0.9000786,0.9000514
Rediris,0004,1.88,2.808,1.964,2.907,0.9001634,0.9000838
Renam,0000,0.034,0.032,0.263,0.25,0.89975,0.89975
Renam,0001,0.034,0.031,0.263,0.249,0.899875,0.899875
Renam,0002,0.032,0.034,0.261,0.252,0.89875,0.89875
Renam,0003,0.031,0.033,0.26,0.251,0.899899033607385,0.899899033607385
Renam,0004,0.032,0.033,0.261,0.251,0.89875,0.89875
Renater1999,0000,0.067,0.067,0.14700000000000002,0.309,0.8996387096774193,0.8996387096774193
Renater1999,0001,0.068,0.066,0.14800000000000002,0.308,0.8996645161290323,0.8996645161290323
Renater1999,0002,0.066,0.067,0.14600000000000002,0.309,0.8996580645161291,0.8996580645161291
Renater1999,0003,0.065,0.067,0.14500000000000002,0.309,0.8996451612903226,0.8996451612903226
Renater1999,0004,0.067,0.065,0.14700000000000002,0.307,0.8996580645161291,0.8996580645161291
Renater2001,0000,0.301,0.766,0.374,0.88,0.8998967741935484,0.8999064516129033
Renater2001,0001,0.175,0.497,0.248,0.611,0.8999612903225807,0.899954838709677
Renater2001,0002,0.163,0.384,0.236,0.498,0.8998322580645162,0.8998322580645162
Renater2001,0003,0.156,0.427,0.22899999999999998,0.541,0.8998322580645162,0.8998322580645162
Renater2001,0004,0.194,0.516,0.267,0.63,0.8999193548387097,0.8998870967741935
Renater2004,0000,0.685,3.363,0.7530000000000001,3.404,0.951283,0.9000824
Renater2004,0001,1.322,4.712,1.3900000000000001,4.753,0.9269028,0.9000758
Renater2004,0002,1.026,4.528,1.094,4.569,0.9076826,0.9002984
Renater2004,0003,2.603,7.214,2.6710000000000003,7.255000000000001,0.9038088,0.9001078
Renater2004,0004,0.489,3.501,0.5569999999999999,3.542,0.9000318,0.8999919
Renater2006,0000,0.589,8.427,0.6689999999999999,8.887,0.9000248000000001,0.9000796
Renater2006,0001,0.938,7.461,1.018,7.921,0.9000352,0.8999922
Renater2006,0002,1.3,9.199,1.3800000000000001,9.659,0.9000258,0.9000228
Renater2006,0003,0.796,6.425,0.876,6.885,0.8999984,0.9000155999999998
Renater2006,0004,1.164,9.969,1.244,10.429,0.9000182,0.9000852
Renater2008,0000,1.074,7.428,1.161,7.925,0.9000774,0.9000728
Renater2008,0001,1.178,10.086,1.265,10.583,0.9000668,0.900044
Renater2008,0002,1.243,9.96,1.33,10.457,0.9000652,0.9000696
Renater2008,0003,0.999,7.556,1.086,8.053,0.900016,0.9000616
Renater2008,0004,1.106,7.759,1.193,8.256,0.900072,0.899996
Renater2010,0000,2.706,27.748,2.8649999999999998,30.237000000000002,0.8996908602150538,0.899708870967742
Renater2010,0001,2.052,28.594,2.211,31.083000000000002,0.8996795698924729,0.8996836021505376
Renater2010,0002,2.248,33.531,2.407,36.019999999999996,0.8997352150537633,0.8996919354838709
Renater2010,0003,3.155,40.627,3.3139999999999996,43.116,0.8996959677419354,0.8997297043010752
Renater2010,0004,1.862,58.865,2.021,61.354,0.8996943548387096,0.8997024193548387
Restena,0000,0.201,0.364,0.274,0.435,0.9000715,0.9000453499999999
Restena,0001,0.243,0.381,0.316,0.452,0.90221145,0.90011915
Restena,0002,0.186,0.375,0.259,0.446,0.900041175,0.900131825
Restena,0003,0.248,0.485,0.321,0.5559999999999999,0.9000338,0.9001030250000001
Restena,0004,0.256,0.442,0.329,0.513,0.900040425,0.900147625
Reuna,0000,0.094,0.137,0.189,0.197,0.8993707317073171,0.8993707317073171
Reuna,0001,0.095,0.099,0.19,0.159,0.8993853658536586,0.8993853658536586
Reuna,0002,0.092,0.093,0.187,0.153,0.899380487804878,0.899380487804878
Reuna,0003,0.094,0.093,0.189,0.153,0.8994750830564784,0.8994750830564784
Reuna,0004,0.094,0.096,0.189,0.156,0.8993756097560975,0.8993756097560975
Rhnet,0000,0.103,0.159,0.136,0.2,0.899974,0.899974
Rhnet,0001,0.107,0.139,0.14,0.18000000000000002,0.899981,0.899981
Rhnet,0002,0.16,0.149,0.193,0.19,0.899979,0.899979
Rhnet,0003,0.112,0.146,0.14500000000000002,0.187,0.899976,0.899976
Rhnet,0004,0.151,0.136,0.184,0.17700000000000002,0.899982,0.899982
Rnp,0000,0.253,0.616,0.311,0.6859999999999999,0.8999904,0.8999904
Rnp,0001,0.257,0.61,0.315,0.6799999999999999,0.8999746666666667,0.8999746666666667
Rnp,0002,0.252,0.649,0.31,0.7190000000000001,0.899975,0.899975
Rnp,0003,0.261,0.624,0.319,0.694,0.8999915,0.8999915
Rnp,0004,0.255,0.61,0.313,0.6799999999999999,0.8999743333333333,0.8999743333333333
Roedunet,0000,0.34,1.05,0.42100000000000004,1.145,0.8994341563786007,0.8994448731138549
Roedunet,0001,0.388,1.215,0.46900000000000003,1.31,0.8995145318930041,0.8994984567901234
Roedunet,0002,0.373,1.408,0.454,1.503,0.8995627572016461,0.8995691872427984
Roedunet,0003,0.416,1.061,0.497,1.156,0.8996592078189302,0.8996120541838131
Roedunet,0004,0.459,1.375,0.54,1.47,0.8994984567901233,0.8994663065843621
RoedunetFibre,0000,0.823,7.508,0.961,8.048,0.899786,0.899786
RoedunetFibre,0001,0.933,9.576,1.0710000000000002,10.116,0.899795,0.899795
RoedunetFibre,0002,0.844,7.892,0.982,8.432,0.899788,0.899788
RoedunetFibre,0003,0.921,9.441,1.0590000000000002,9.981000000000002,0.8998,0.899858
RoedunetFibre,0004,0.957,8.934,1.095,9.474,0.899794,0.8997939999999999
Sago,0000,0.052,0.07,0.098,0.11000000000000001,0.899956,0.899956
Sago,0001,0.075,0.053,0.121,0.093,0.899956,0.899956
Sago,0002,0.054,0.066,0.1,0.10600000000000001,0.899957,0.899957
Sago,0003,0.052,0.056,0.098,0.096,0.899965,0.899965
Sago,0004,0.074,0.059,0.12,0.099,0.89996,0.89996
Sanet,0000,0.777,2.959,0.867,3.04,0.90018945,0.90010645
Sanet,0001,0.647,2.882,0.737,2.963,0.90017215,0.90002795
Sanet,0002,0.67,2.934,0.76,3.015,0.9000481,0.90004465
Sanet,0003,0.952,2.553,1.042,2.634,0.9001191,0.90017675
Sanet,0004,0.711,2.734,0.8009999999999999,2.815,0.9001024999999999,0.90011155
Sanren,0000,0.138,0.11,0.15500000000000003,0.128,0.90248,0.90248
Sanren,0001,0.047,0.086,0.064,0.104,0.9571069999999999,0.9571069999999999
Sanren,0002,0.107,0.126,0.124,0.144,0.90986,0.90986
Sanren,0003,0.092,0.108,0.109,0.126,0.9008349999999999,0.9008349999999999
Sanren,0004,0.11,0.093,0.127,0.111,0.921459,0.921459
Savvis,0000,0.133,0.286,0.17300000000000001,0.349,0.8996222222222222,0.8996
Savvis,0001,0.131,0.283,0.171,0.346,0.8996333333333333,0.8996111111111105
Savvis,0002,0.187,0.383,0.227,0.446,0.8995777777777778,0.8995777777777778
Savvis,0003,0.196,0.286,0.23600000000000002,0.349,0.8995555555555556,0.899511111111111
Savvis,0004,0.31,0.462,0.35,0.525,0.8995111111111112,0.8995555555555556
Shentel,0000,0.33,2.073,0.40900000000000003,2.328,0.899942,0.899942
Shentel,0001,0.436,2.152,0.515,2.407,0.899936,0.899936
Shentel,0002,0.328,2.055,0.40700000000000003,2.31,0.899931,0.899931
Shentel,0003,0.348,2.068,0.427,2.323,0.899931,0.899931
Shentel,0004,0.398,3.432,0.47700000000000004,3.687,0.899937,0.899937
Sinet,0000,1.619,6.018,1.676,6.074,0.913555575,0.91745265
Sinet,0001,1.583,6.158,1.64,6.214,0.9036298999999999,0.909787175
Sinet,0002,1.514,6.436,1.571,6.492,0.9014352,0.9016813
Sinet,0003,2.69,5.035,2.747,5.091,0.923653275,0.9224594875000001
Sinet,0004,1.657,11.084,1.714,11.139999999999999,0.901498325,0.90170265
Singaren,0000,0.039,0.046,0.06,0.068,0.899993,0.899993
Singaren,0001,0.042,0.041,0.063,0.063,0.899995,0.899995
Singaren,0002,0.039,0.042,0.06,0.064,0.899995,0.899995
Singaren,0003,0.059,0.062,0.08,0.08399999999999999,0.899994,0.899994
Singaren,0004,0.054,0.039,0.075,0.061,0.899995,0.899995
Spiralight,0000,0.184,0.196,0.23099999999999998,0.254,0.900022,0.9000395
Spiralight,0001,0.136,0.55,0.183,0.6080000000000001,0.9000729999999999,0.9000360000000001
Spiralight,0002,0.114,0.215,0.161,0.273,0.9000275,0.900069
Spiralight,0003,0.373,0.598,0.42,0.656,0.9000695,0.9000294999999999
Spiralight,0004,0.154,0.351,0.201,0.409,0.899995,0.9000545
Sprint,0000,0.594,0.606,0.62,0.6799999999999999,0.8999777777777778,0.8999222222222222
Sprint,0001,65.794,55.865,65.82,55.939,0.9000148148148147,0.9000148148148149
Sprint,0002,0.279,5.318,0.30500000000000005,5.3919999999999995,0.8999666666666667,0.8999111111111111
Sprint,0003,216.89,180.964,216.916,181.038,0.9000111111111111,0.9000074074074075
Sprint,0004,0.321,1.31,0.34700000000000003,1.3840000000000001,0.9659777777777778,0.9659777777777777
Sunet,0000,0.502,1.987,0.573,2.216,0.900022,0.900012
Sunet,0001,0.524,2.58,0.595,2.809,0.899993,0.900013
Sunet,0002,0.331,1.909,0.402,2.138,0.8999745,0.8999745
Sunet,0003,0.423,2.291,0.494,2.52,0.9000469999999999,0.9000630000000001
Sunet,0004,0.352,3.071,0.423,3.3000000000000003,0.899976,0.90004
Surfnet,0000,4.432,125.411,4.667000000000001,131.733,0.8999325,0.8999585
Surfnet,0001,3.718,57.222,3.953,63.544000000000004,0.899911,0.899911
Surfnet,0002,2.741,111.948,2.976,118.27,0.9000105,0.8999625
Surfnet,0003,3.934,102.753,4.1690000000000005,109.075,0.899951,0.899982
Surfnet,0004,4.515,99.031,4.75,105.35300000000001,0.89998475,0.90001725
Switch,0000,11.304,221.975,11.965,242.678,0.8999908,0.8999522
Switch,0001,10.654,198.533,11.315,219.236,0.8999752,0.899911
Switch,0002,11.633,227.305,12.293999999999999,248.008,0.899975,0.8999174
Switch,0003,10.952,227.202,11.613,247.905,0.8999872,0.8999843999999999
Switch,0004,10.71,245.114,11.371,265.817,0.8999302333333334,0.900000233333333
SwitchL3,0000,1.596,47.749,1.9860000000000002,54.201,0.900015,0.90001
SwitchL3,0001,2.789,73.927,3.1790000000000003,80.379,0.9123582,0.9000435
SwitchL3,0002,3.157,64.677,3.547,71.129,0.9188104,0.9000351
SwitchL3,0003,1.607,62.81,1.9969999999999999,69.262,0.9194932,0.9000370999999999
SwitchL3,0004,2.315,67.428,2.705,73.88,0.8999891,0.9000372
Syringa,0000,0.869,0.81,1.307,1.306,0.899689,0.899689
Syringa,0001,0.842,0.884,1.28,1.38,0.899588,0.899588
Syringa,0002,0.84,0.859,1.278,1.355,0.899636,0.899636
Syringa,0003,0.825,0.858,1.263,1.354,0.899568,0.899568
Syringa,0004,0.833,0.84,1.271,1.3359999999999999,0.899564,0.899564
TataNld,0000,490.54,-,502.704,-,0.8994445833333337,-
TataNld,0001,275.051,-,287.215,-,0.89941075,-
TataNld,0002,443.359,-,455.52299999999997,-,0.8994293125,-
TataNld,0003,289.329,-,301.493,-,0.89935525,-
TataNld,0004,455.938,-,468.102,-,0.8995544999999995,-
Telcove,0000,0.195,0.212,0.372,0.399,0.89935,0.89935
Telcove,0001,0.193,0.196,0.37,0.383,0.899364,0.899364
Telcove,0002,0.22,0.213,0.397,0.4,0.899391,0.899391
Telcove,0003,0.211,0.187,0.388,0.374,0.899365,0.899365
Telcove,0004,0.271,0.192,0.448,0.379,0.899382,0.899382
Telecomserbia,0000,0.132,0.114,0.15,0.136,0.9026741999999999,0.9026742
Telecomserbia,0001,0.186,0.156,0.204,0.178,0.9000980000000001,0.900098
Telecomserbia,0002,0.115,0.112,0.133,0.134,0.9016348000000001,0.9016348000000001
Telecomserbia,0003,0.108,0.13,0.126,0.152,0.9151986,0.9151986
Telecomserbia,0004,0.157,0.11,0.175,0.132,0.9027136,0.9027135999999999
Tinet,0000,6.144,208.346,6.5120000000000005,259.68600000000004,0.8998694791666665,0.8998445
Tinet,0001,8.339,221.5,8.707,272.84000000000003,0.8999309270833332,0.8999108125
Tinet,0002,8.514,221.729,8.882,273.069,0.8998824166666666,0.8999033854166666
Tinet,0003,6.256,253.807,6.6240000000000006,305.147,0.8998568055555554,0.8998909444444445
Tinet,0004,6.218,230.33,6.586,281.67,0.8998425833333333,0.899841
TLex,0000,0.069,0.095,0.418,5.95,2.1036803948045266,2.1036803948045266
TLex,0001,0.072,0.1,0.421,5.955,1.6108097029320987,1.6108097029320987
TLex,0002,0.065,0.082,0.414,5.937,2.787303079989712,2.787303079989712
TLex,0003,0.063,0.087,0.412,5.942,2.7169319058641976,2.7169319058641976
TLex,0004,0.064,0.08,0.413,5.9350000000000005,3.004521122685185,3.004521122685185
Tw,0000,38.528,1841.327,39.445,2663.331,0.9142056666666666,0.9146245
Tw,0001,29.638,1263.396,30.555000000000003,2085.4,0.9087375416666666,0.8999976805555555
Tw,0002,45.203,996.679,46.120000000000005,1818.683,0.912044,0.8999646874999999
Tw,0003,30.632,1844.714,31.549000000000003,2666.718,0.9330397083333333,0.9039862499999999
Tw,0004,23.613,1080.325,24.53,1902.3290000000002,0.9069540833333333,0.899981722222222
Twaren,0000,0.105,0.34,0.144,0.38,0.9000645,0.900007
Twaren,0001,0.301,0.189,0.33999999999999997,0.229,0.8999785,0.900038
Twaren,0002,0.132,0.152,0.171,0.192,0.8999795,0.899979
Twaren,0003,0.324,0.288,0.363,0.32799999999999996,0.900027,0.9000425
Twaren,0004,0.178,0.314,0.217,0.354,0.900026,0.900065
Ulaknet,0000,0.261,0.27,0.605,6.08,0.89985,0.89985
Ulaknet,0001,0.256,0.279,0.6,6.0889999999999995,0.899832,0.899832
Ulaknet,0002,0.263,0.264,0.607,6.074,0.899846,0.899846
Ulaknet,0003,0.277,0.288,0.621,6.098,0.9000200999999999,0.9000200999999999
Ulaknet,0004,0.258,0.271,0.602,6.0809999999999995,0.899844,0.899844
UniC,0000,0.173,0.314,0.22199999999999998,0.384,0.899962,0.899962
UniC,0001,0.354,0.388,0.40299999999999997,0.458,0.899974,0.899998
UniC,0002,0.159,0.403,0.20800000000000002,0.47300000000000003,0.8999625,0.8999625
UniC,0003,0.18,0.332,0.22899999999999998,0.402,0.899993,0.899996
UniC,0004,0.218,0.273,0.267,0.343,0.8999619999999999,0.899962
Uninet,0000,0.134,0.482,0.162,0.534,0.900018222222222,0.9000352222222221
Uninet,0001,0.145,0.345,0.173,0.39699999999999996,0.9000667777777777,0.9000220833333332
Uninet,0002,1.203,3.158,1.231,3.21,0.9000823333333332,0.9000659999999999
Uninet,0003,0.123,0.341,0.151,0.393,0.9000053333333333,0.9000081666666666
Uninet,0004,0.993,0.277,1.021,0.329,0.9000481666666666,0.90001025
Uninett2010,0000,13.607,853.915,13.956,859.303,0.899835,0.899835
Uninett2010,0001,13.775,533.824,14.124,539.212,0.899832,0.899832
Uninett2010,0002,15.108,605.06,15.457,610.448,0.9000265,0.9000009999999999
Uninett2010,0003,15.721,581.389,16.07,586.777,0.899827,0.899827
Uninett2010,0004,15.762,676.126,16.111,681.514,0.9000216666666666,0.9000301979166666
Uninett2011,0000,11.32,599.737,11.695,605.53,0.899902,0.89991225
Uninett2011,0001,12.392,766.536,12.767,772.329,0.8999024062500001,0.8999639999999999
Uninett2011,0002,11.389,742.097,11.764,747.89,0.89994875,0.8999195
Uninett2011,0003,12.806,398.492,13.181,404.285,0.9005277499999998,0.8999760937499999
Uninett2011,0004,16.484,638.448,16.859,644.241,0.9007146666666667,0.899991
Uran,0000,0.109,0.143,0.45499999999999996,5.872,0.979197,0.8999785
Uran,0001,0.118,0.111,0.46399999999999997,5.84,0.960019,0.899984
Uran,0002,0.181,0.097,0.5269999999999999,5.8260000000000005,0.963893,0.9000165
Uran,0003,0.123,0.095,0.469,5.824,0.899945,0.899945
Uran,0004,0.107,0.189,0.45299999999999996,5.918,0.9612735,0.900007
UsCarrier,0000,175.257,1980.845,182.344,2930.469,0.8986022916666666,1.9644999504089355
UsCarrier,0001,164.956,1979.781,172.04299999999998,2929.4049999999997,0.8985855,1.8766119480133057
UsCarrier,0002,148.177,1949.085,155.26399999999998,2898.709,0.89859,2.0285415
UsCarrier,0003,210.664,1952.415,217.75099999999998,2902.0389999999998,0.8986115,2.047698
UsCarrier,0004,168.385,1981.078,175.47199999999998,2930.702,0.898621,2.0018961429595947
UsSignal,0000,13.089,300.777,13.56,328.965,0.89990825,0.89993725
UsSignal,0001,13.289,274.354,13.76,302.542,0.899914125,0.899863
UsSignal,0002,8.249,545.968,8.72,574.156,0.899921875,0.8998935
UsSignal,0003,13.295,296.415,13.766,324.603,0.8999471666666666,0.8999425624999998
UsSignal,0004,9.36,641.583,9.831,669.771,0.8999005833333332,0.8999292916666666
Uunet,0000,4.596,122.204,4.888,154.439,0.8987144444444445,0.8986437037037035
Uunet,0001,4.3,120.161,4.592,152.39600000000002,0.8986462962962963,0.898686111111111
Uunet,0002,5.335,262.933,5.627,295.168,0.898653888888889,0.8986622222222221
Uunet,0003,7.988,332.669,8.280000000000001,364.904,0.8989296296296296,0.8989314814814814
Uunet,0004,5.594,238.933,5.886,271.168,0.8986777777777776,0.8986203703703703
Vinaren,0000,0.125,0.147,0.471,5.929,0.8994774193548387,0.8994774193548387
Vinaren,0001,0.083,0.086,0.429,5.868,0.8995290322580645,0.8995290322580645
Vinaren,0002,0.084,0.088,0.43,5.87,0.8995032258064516,0.8995032258064516
Vinaren,0003,0.082,0.108,0.428,5.89,0.8994903225806452,0.8994903225806452
Vinaren,0004,0.083,0.114,0.429,5.896,0.899541935483871,0.899541935483871
VisionNet,0000,0.068,0.067,0.10800000000000001,0.12,0.899945,0.899945
VisionNet,0001,0.076,0.082,0.11599999999999999,0.135,0.899937,0.899937
VisionNet,0002,0.066,0.068,0.10600000000000001,0.121,0.899939,0.899939
VisionNet,0003,0.064,0.067,0.10400000000000001,0.12,0.899932,0.899932
VisionNet,0004,0.067,0.063,0.10700000000000001,0.11599999999999999,0.89994,0.89994
VtlWavenet2008,0000,15.515,267.286,16.653,287.249,0.8995445,0.89956475
VtlWavenet2008,0001,17.333,222.284,18.470999999999997,242.24699999999999,0.8996295,0.89955975
VtlWavenet2008,0002,18.018,213.928,19.156,233.891,0.899599,0.89955025
VtlWavenet2008,0003,17.042,234.241,18.18,254.204,0.89956875,0.89962175
VtlWavenet2008,0004,38.638,245.421,39.775999999999996,265.384,0.89952975,0.89960625
VtlWavenet2011,0000,26.094,339.262,27.305,362.129,0.89951775,0.89953125
VtlWavenet2011,0001,27.158,346.254,28.369,369.12100000000004,0.89956525,0.899573
VtlWavenet2011,0002,27.28,338.664,28.491,361.531,0.899561,0.8995465
VtlWavenet2011,0003,26.186,345.359,27.397,368.226,0.89949625,0.89953825
VtlWavenet2011,0004,26.836,296.833,28.046999999999997,319.70000000000005,0.8995795,0.89954725
WideJpn,0000,0.182,0.276,0.562,6.774,0.900041,0.9000671
WideJpn,0001,0.142,0.265,0.522,6.763,0.899949,0.899949
WideJpn,0002,0.154,0.274,0.534,6.772,0.900083,0.9001138
WideJpn,0003,0.129,0.272,0.509,6.7700000000000005,0.899945,0.899945
WideJpn,0004,0.157,0.278,0.537,6.776,0.9000525,0.9000835
Xeex,0000,0.642,8.979,0.7090000000000001,9.411999999999999,0.8999955,0.9000635
Xeex,0001,2.927,13.96,2.994,14.393,0.93533025,0.9000705
Xeex,0002,1.123,7.252,1.19,7.685,0.90003,0.90005425
Xeex,0003,6.588,10.478,6.655,10.911,0.9254565,0.900059
Xeex,0004,2.266,5.728,2.333,6.161,0.93539575,0.900071
Xspedius,0000,1.563,21.714,1.668,23.785999999999998,0.9000294999999998,0.900037
Xspedius,0001,2.016,33.453,2.121,35.525000000000006,0.9000352499999998,0.9000115
Xspedius,0002,1.297,18.516,1.402,20.587999999999997,0.900025,0.9000501666666666
Xspedius,0003,1.296,19.618,1.401,21.689999999999998,0.9000043333333333,0.9000372500000001
Xspedius,0004,1.68,43.583,1.785,45.655,0.9000111666666666,0.9000555
York,0000,0.153,0.251,0.22599999999999998,0.312,0.8999985,0.900044
York,0001,0.149,0.327,0.22199999999999998,0.388,0.9000095,0.8999875
York,0002,0.195,0.325,0.268,0.386,0.9000315,0.899968
York,0003,0.174,0.293,0.247,0.354,0.8999735,0.899996
York,0004,0.168,0.235,0.241,0.296,0.9000215,0.8999845
Zamren,0000,0.091,0.09,0.155,0.16499999999999998,0.89855,0.89855
Zamren,0001,0.088,0.09,0.152,0.16499999999999998,0.89854,0.89854
Zamren,0002,0.104,0.09,0.16799999999999998,0.16499999999999998,0.89852,0.89852
Zamren,0003,0.111,0.089,0.175,0.16399999999999998,0.89848,0.89848
Zamren,0004,0.088,0.085,0.152,0.16,0.89863,0.89863
