Topology,DemandFile,2-SR_SolveTime,3-SR_SolveTime,2-SR_umax,3-SR_umax
Aarnet,0000,0.404,1.995,0.9432922,0.9432921999999999
Aarnet,0001,0.177,1.933,0.9335895,0.9335895
Aarnet,0002,0.166,1.919,0.9634366999999998,0.9634366999999999
Aarnet,0003,0.178,2.027,0.9720654,0.9720654
Aarnet,0004,0.167,2.163,1.1249961,1.1249961
Abilene,0000,0.121,0.278,0.9000525454925411,0.900022203735854
Abilene,0001,0.082,0.296,0.900046718267747,0.9000255694605196
Abilene,0002,0.13,0.541,0.9000396351755401,0.9000810034481096
Abilene,0003,0.079,0.339,0.9000174314396862,0.9000892168209876
Abilene,0004,0.155,0.387,0.9000644259982639,0.9000639738859953
Abvt,0000,0.343,6.111,0.9000261666666667,0.9000070833333332
Abvt,0001,0.37,6.142,0.8999703333333332,0.9000131666666668
Abvt,0002,0.352,5.475,0.8999981666666668,0.9000234166666665
Abvt,0003,0.323,5.674,0.9000456666666666,0.8999695
Abvt,0004,0.363,5.906,0.9000126666666666,0.9000411666666667
Aconet,0000,0.327,4.438,0.900013962264151,0.9000828679245283
Aconet,0001,0.306,4.113,0.9000201509433963,0.8999964528301887
Aconet,0002,0.375,4.794,0.9000562264150943,0.9000343396226415
Aconet,0003,0.318,4.866,0.9000615094339622,0.9000067169811321
Aconet,0004,0.305,4.329,0.9000647547169811,0.9000636981132075
Agis,0000,0.29,5.652,0.8997999999999999,0.8998225806451613
Agis,0001,0.38,5.562,0.8997741935483871,0.8997774193548387
Agis,0002,0.36,4.991,0.899711111111111,0.8997806451612903
Agis,0003,0.632,5.046,0.8998,0.8997777777777778
Agis,0004,0.304,4.904,0.8997354838709677,0.8998129032258064
Ai3,0000,0.043,0.109,0.899993,0.899993
Ai3,0001,0.044,0.116,0.899994,0.899994
Ai3,0002,0.045,0.154,0.899992,0.899992
Ai3,0003,0.043,0.121,0.899993,0.899993
Ai3,0004,0.043,0.104,0.899991,0.899991
Airtel,0000,0.382,1.712,0.9000336666666666,0.9000363333333333
Airtel,0001,2.401,4.959,0.9000460999999997,0.9000306
Airtel,0002,0.362,6.865,0.899993,0.899993
Airtel,0003,1.756,9.798,0.900037,0.900059
Airtel,0004,0.343,1.223,0.9000679999999999,0.900077
Amres,0000,0.26,4.816,0.899929,0.899929
Amres,0001,0.207,4.765,0.899926,0.899926
Amres,0002,0.207,4.849,0.899926,0.899926
Amres,0003,0.193,4.829,0.899926,0.899926
Amres,0004,0.204,4.745,0.899943,0.899943
Ans,0000,0.779,5.219,0.8997722222222222,0.8997722222222222
Ans,0001,0.91,8.56,0.8999111111111111,0.8998777777777778
Ans,0002,0.903,2.475,0.8997777777777778,0.899794444444444
Ans,0003,0.278,3.097,0.8997277777777778,0.8997833333333334
Ans,0004,0.794,4.261,0.8997472222222218,0.8997222222222222
Arn,0000,0.241,6.694,0.8964583333333334,0.8964583333333334
Arn,0001,0.259,6.469,0.89675,0.89675
Arn,0002,0.265,6.681,0.8967916666666667,0.8967916666666667
Arn,0003,0.245,6.114,0.8964583333333334,0.8964583333333334
Arn,0004,0.256,6.55,0.8967916666666667,0.8967916666666667
Arnes,0000,0.778,18.265,0.902592,0.900060625
Arnes,0001,0.669,18.294,0.905321,0.900014375
Arnes,0002,0.709,19.428,0.900753125,0.900041125
Arnes,0003,0.786,18.488,0.903266625,0.900031125
Arnes,0004,0.582,17.602,0.904454875,0.90006125
Arpanet196912,0000,0.033,0.036,0.962446,0.962446
Arpanet196912,0001,0.031,0.041,1.132629,1.132629
Arpanet196912,0002,0.033,0.036,0.923963,0.923963
Arpanet196912,0003,0.032,0.041,0.961027,0.961027
Arpanet196912,0004,0.032,0.041,1.208269,1.208269
Arpanet19706,0000,0.042,0.135,0.899989,0.8999889999999999
Arpanet19706,0001,0.045,0.085,0.899991,0.899991
Arpanet19706,0002,0.045,0.095,0.899989,0.899989
Arpanet19706,0003,0.045,0.087,0.8999909999999999,0.899991
Arpanet19706,0004,0.04,0.131,0.899991,0.899991
Arpanet19719,0000,0.229,1.547,0.8999912499999999,0.900016
Arpanet19719,0001,0.177,1.646,0.900038,0.8999805
Arpanet19719,0002,0.243,1.648,0.900047,0.90003325
Arpanet19719,0003,0.184,1.695,0.900067,0.900031
Arpanet19719,0004,0.193,1.654,0.9000405,0.9000495
Arpanet19723,0000,0.608,7.18,0.900035,0.899986
Arpanet19723,0001,0.526,6.984,0.90002525,0.8999985
Arpanet19723,0002,0.426,6.607,0.89998925,0.90000375
Arpanet19723,0003,0.39,6.617,0.899966,0.89999975
Arpanet19723,0004,0.428,6.96,0.89998075,0.89999775
Arpanet19728,0000,1.315,21.179,0.900009,0.8999785
Arpanet19728,0001,1.03,19.882,0.8999855,0.90001925
Arpanet19728,0002,1.841,19.374,0.89999275,0.900027
Arpanet19728,0003,1.169,19.418,0.90002025,0.900014
Arpanet19728,0004,1.049,19.0,0.90003275,0.900052
AsnetAm,0000,4.31,952.214,0.899725,0.899725
AsnetAm,0001,4.561,938.272,0.899732,0.8997319999998581
AsnetAm,0002,4.16,1063.564,0.899717,0.899717
AsnetAm,0003,4.279,964.108,0.899718,0.899718
AsnetAm,0004,5.383,1258.895,0.899862125,0.8999025
Atmnet,0000,0.264,2.74,0.8998548387096774,0.8999032258064517
Atmnet,0001,0.553,2.812,0.8998967741935484,0.8998709677419355
Atmnet,0002,0.332,2.82,0.8999,0.8998903225806452
Atmnet,0003,0.229,2.882,0.8999322580645162,0.8998903225806452
Atmnet,0004,0.23,2.858,0.8998935483870968,0.8998645161290323
AttMpls,0000,142.369,1803.149,0.9000771666666667,0.9000995833333334
AttMpls,0001,220.315,1802.83,0.9001031666666667,0.9001067916666666
AttMpls,0002,5.23,135.702,0.9000588333333333,0.9000265416666666
AttMpls,0003,8.471,234.208,0.90007225,0.9000589166666666
AttMpls,0004,8.913,32.989,0.900024,0.9000486666666666
Azrena,0000,0.153,2.412,0.89996,0.89996
Azrena,0001,0.147,2.424,0.899949,0.899949
Azrena,0002,0.149,2.612,0.899956,0.899956
Azrena,0003,0.188,2.666,0.899946,0.899946
Azrena,0004,0.215,2.361,0.899962,0.899962
Bandcon,0000,0.316,3.475,0.8999876666666666,0.9000045833333333
Bandcon,0001,0.304,3.028,0.900019,0.9000203333333334
Bandcon,0002,0.27,3.22,0.8999805,0.9000085
Bandcon,0003,0.266,3.405,0.9000314166666666,0.9000659999999999
Bandcon,0004,0.243,3.178,0.9000195,0.9000605
Basnet,0000,0.065,0.061,0.8997419354838709,0.8997419354838709
Basnet,0001,0.033,0.048,0.8996129032258064,0.8996129032258064
Basnet,0002,0.033,0.101,0.8996129032258064,0.8996129032258064
Basnet,0003,0.034,0.059,0.8996129032258064,0.8996129032258064
Basnet,0004,0.034,0.05,0.8997419354838709,0.8997419354838709
Bbnplanet,0000,0.356,5.946,0.8990777777777778,0.8990666666666667
Bbnplanet,0001,0.307,5.751,0.8991333333333333,0.8991333333333333
Bbnplanet,0002,0.304,5.979,0.8989888888888887,0.8989999999999999
Bbnplanet,0003,0.297,5.779,0.8989666666666667,0.8989222222222222
Bbnplanet,0004,0.315,5.832,0.899,0.8989666666666667
Bellcanada,0000,2.977,996.598,0.899876,0.8999205
Bellcanada,0001,3.298,606.063,0.899925,0.8998815
Bellcanada,0002,3.499,625.648,0.8998775,0.899954
Bellcanada,0003,3.166,617.275,0.8998745,0.8998745
Bellcanada,0004,3.419,591.492,0.8998955,0.8998774999999997
Bellsouth,0000,2.278,478.101,0.899881,0.899881
Bellsouth,0001,2.338,478.538,0.899906,0.899906
Bellsouth,0002,2.233,475.567,0.899886,0.8998859999999999
Bellsouth,0003,2.22,442.898,0.899881,0.899881
Bellsouth,0004,2.37,512.368,0.8999315,0.8998974999999999
Belnet2003,0000,0.339,5.706,2.054439666666666,2.054439666666666
Belnet2003,0001,0.363,4.805,2.71246,2.71246
Belnet2003,0002,0.356,4.887,2.5179169999999997,2.5179169999999997
Belnet2003,0003,0.275,3.816,0.89999,0.89999
Belnet2003,0004,0.379,5.179,2.41846,2.41846
Belnet2004,0000,0.387,4.915,2.644662,2.644662
Belnet2004,0001,0.598,11.594,1.1139236,1.1139227999999999
Belnet2004,0002,2.605,14.645,2.0691312,2.0691312
Belnet2004,0003,0.335,5.459,1.8017483333333333,1.801748333333333
Belnet2004,0004,0.748,5.415,1.9748036666666664,1.9748036666666666
Belnet2005,0000,0.587,9.64,1.0547176,1.0547228
Belnet2005,0001,0.586,4.752,0.9000764,0.9000459999999999
Belnet2005,0002,0.756,5.129,0.90007824,0.9000565
Belnet2005,0003,0.447,7.82,0.9213883333333331,0.9213768333333334
Belnet2005,0004,0.541,7.013,1.3781444,1.3781444
Belnet2006,0000,0.753,11.082,1.071694,1.071694
Belnet2006,0001,0.374,4.776,3.5466366666666667,3.5466366666666667
Belnet2006,0002,1.018,8.075,1.1322997,1.0639348
Belnet2006,0003,0.677,5.186,1.1730283333333333,1.1730283333333333
Belnet2006,0004,0.467,4.39,0.9000836,0.9000122
Belnet2007,0000,0.274,3.864,0.8999904333333335,0.9000250333333332
Belnet2007,0001,0.289,3.731,0.9000263333333332,0.89998
Belnet2007,0002,0.326,3.922,0.900039,0.900053
Belnet2007,0003,0.251,3.72,0.899989,0.900043
Belnet2007,0004,0.239,3.838,0.899998,0.900043
Belnet2008,0000,0.257,3.664,0.8999839999999996,0.9000199999999999
Belnet2008,0001,0.234,3.75,0.8999883333333332,0.899979
Belnet2008,0002,0.267,3.69,0.899989,0.899991
Belnet2008,0003,0.374,3.859,0.8999892333333334,0.9000162666666666
Belnet2008,0004,0.277,3.901,0.9000629999999998,0.90006
Belnet2009,0000,0.303,4.371,0.900002,0.900067
Belnet2009,0001,0.336,3.882,0.8999780000000001,0.900065
Belnet2009,0002,0.32,4.348,0.900013,0.9000229997711441
Belnet2009,0003,0.29,4.193,0.899983,0.900013
Belnet2009,0004,0.279,3.719,0.8999989999999999,0.9000266666666668
Belnet2010,0000,0.261,4.354,0.9000453333333333,0.9000500000000001
Belnet2010,0001,0.28,4.242,0.8999989999999999,0.9000513333333331
Belnet2010,0002,0.332,4.553,0.900038,0.9000265
Belnet2010,0003,0.269,4.371,0.900007,0.8999785
Belnet2010,0004,0.247,4.122,0.899988,0.900011
BeyondTheNetwork,0000,3.752,983.909,0.90001075,0.899997875
BeyondTheNetwork,0001,3.658,863.525,0.8999852083333333,0.8999855
BeyondTheNetwork,0002,3.987,958.046,0.899972375,0.899981875
BeyondTheNetwork,0003,4.909,1844.171,0.89996975,0.900006
BeyondTheNetwork,0004,3.712,830.428,0.8999585,0.900001
Bics,0000,1.213,36.291,0.8999775,0.8999851666666667
Bics,0001,1.046,34.56,0.899956,0.899956
Bics,0002,1.491,40.66,0.8999762916666668,0.9000433333333332
Bics,0003,1.135,36.085,0.9000105,0.9000068333333333
Bics,0004,1.037,32.907,0.8999778333333334,0.899948
Biznet,0000,0.582,13.88,0.8999715,0.89999
Biznet,0001,0.517,13.78,0.899994,0.9000265
Biznet,0002,0.629,14.037,0.89996,0.8999885
Biznet,0003,0.611,14.223,0.899962,0.899983
Biznet,0004,0.495,13.894,0.900004,0.9000135
Bren,0000,0.572,22.238,0.8999410112359547,0.8999325842696629
Bren,0001,0.576,21.985,0.8999311797752809,0.8999269662921349
Bren,0002,0.63,22.422,0.899941011235955,0.9
Bren,0003,0.633,21.9,0.8999269662921349,0.899997191011236
Bren,0004,0.662,22.394,0.899968,0.900018
BsonetEurope,0000,0.366,2.747,0.9000596666666666,0.9000451666666666
BsonetEurope,0001,6.007,2.618,0.9000725833333324,0.9000523333333332
BsonetEurope,0002,0.307,2.2,0.9000599999999999,0.9000528333333334
BsonetEurope,0003,0.479,2.463,0.9000181666666667,0.9000197499999999
BsonetEurope,0004,0.515,3.974,0.9000756666666665,0.9000435833333333
BtAsiaPac,0000,3.202,7.611,0.9000815,0.9000723333333333
BtAsiaPac,0001,7.398,28.271,0.9000940000000001,0.900059
BtAsiaPac,0002,3.564,13.942,0.9000683333333332,0.900078
BtAsiaPac,0003,1.618,8.54,0.9000765,0.9000799999999993
BtAsiaPac,0004,1.556,7.219,0.9000755,0.900056
BtEurope,0000,0.815,9.349,0.9000475,0.9000015
BtEurope,0001,0.868,10.316,0.900069,0.900038
BtEurope,0002,1.147,18.988,0.900058,0.9000675
BtEurope,0003,0.902,8.895,0.9000475,0.900075
BtEurope,0004,0.811,17.392,1.1317949999999968,1.131795
BtLatinAmerica,0000,1.406,361.874,0.899748,0.899748
BtLatinAmerica,0001,1.324,375.496,0.899738,0.899738
BtLatinAmerica,0002,1.393,365.473,0.899758,0.899758
BtLatinAmerica,0003,1.343,390.192,0.899746,0.899746
BtLatinAmerica,0004,1.331,380.203,0.89975,0.89975
BtNorthAmerica,0000,253.732,1810.234,0.9000555,0.900226
BtNorthAmerica,0001,32.509,845.298,0.9000714583333332,0.9000656666666665
BtNorthAmerica,0002,135.058,1811.417,0.9000703333333333,0.9000408333333334
BtNorthAmerica,0003,215.633,1810.707,0.9000935,0.9002777208333334
BtNorthAmerica,0004,18.03,690.307,0.9000305,0.900066
Canerie,0000,0.735,18.528,0.899944999999994,0.899954
Canerie,0001,0.627,17.719,0.899945,0.899941
Canerie,0002,0.77,18.631,0.899984,0.899982
Canerie,0003,0.691,17.804,0.899941,0.900016
Canerie,0004,0.818,18.8,0.899947,0.900003
Carnet,0000,0.756,51.331,0.899842,0.899842
Carnet,0001,0.705,59.504,0.899832,0.899832
Carnet,0002,0.736,54.295,0.899832,0.899832
Carnet,0003,0.713,53.049,0.899839,0.899839
Carnet,0004,0.731,53.813,0.899834,0.899834
Cernet,0000,0.809,132.632,0.9565643362737012,0.9565876355435021
Cernet,0001,0.761,193.026,1.041833838927488,1.0418454885623885
Cernet,0002,0.711,157.672,1.037646960144269,1.0376527849617192
Cernet,0003,0.707,130.302,0.9492432,0.9492432
Cernet,0004,0.754,168.446,0.9283535803987903,0.9283559103257704
Cesnet1993,0000,0.043,0.182,0.8981666666666667,0.8981666666666667
Cesnet1993,0001,0.043,0.125,0.8975,0.8975
Cesnet1993,0002,0.043,0.137,0.8975,0.8975
Cesnet1993,0003,0.044,0.122,0.8975,0.8975
Cesnet1993,0004,0.044,0.153,0.8985,0.8985
Cesnet1997,0000,0.056,0.254,0.8994705882352941,0.8994705882352941
Cesnet1997,0001,0.058,0.293,0.8995,0.8995
Cesnet1997,0002,0.056,0.3,0.8994705882352941,0.8994705882352941
Cesnet1997,0003,0.085,0.26,0.8993529411764706,0.8993529411764706
Cesnet1997,0004,0.061,0.282,0.8993823529411765,0.8993823529411765
Cesnet1999,0000,0.083,0.218,0.8998774193548387,0.8998774193548387
Cesnet1999,0001,0.055,0.221,0.8998529411764706,0.8998529411764706
Cesnet1999,0002,0.055,0.21,0.89925,0.89925
Cesnet1999,0003,0.055,0.213,0.8992258064516129,0.8992258064516129
Cesnet1999,0004,0.054,0.284,0.8998529411764706,0.8998529411764706
Cesnet2001,0000,0.152,2.689,1.0581070126807588,1.0581070126807588
Cesnet2001,0001,0.151,2.686,1.0581070126807588,1.0581070126807588
Cesnet2001,0002,0.154,2.673,1.0581092801387684,1.0581092801387684
Cesnet2001,0003,0.151,2.46,1.0581002103067303,1.0581002103067303
Cesnet2001,0004,0.15,2.765,1.0581070126807588,1.0581070126807588
Cesnet200304,0000,0.403,6.945,0.900048,0.900011
Cesnet200304,0001,0.313,7.167,0.8999583333333333,0.8999583333333333
Cesnet200304,0002,0.342,6.902,0.900042,0.9000408
Cesnet200304,0003,0.32,7.092,0.9000303999999999,0.9000568
Cesnet200304,0004,0.29,7.108,0.8999533333333334,0.8999533333333334
Cesnet200511,0000,0.904,140.07,0.9000548,0.9000433
Cesnet200511,0001,0.834,100.132,0.9000463,0.9000646999999999
Cesnet200511,0002,0.748,104.187,0.9000867,0.9000231
Cesnet200511,0003,0.739,179.412,0.9001395,0.9000505988943025
Cesnet200511,0004,0.728,101.831,0.9000680883810103,0.900073
Cesnet200603,0000,0.758,166.898,0.9004130534291758,0.9001151
Cesnet200603,0001,0.739,100.133,0.899922,0.899922
Cesnet200603,0002,0.709,132.488,0.9001371,0.9000915
Cesnet200603,0003,0.796,169.916,0.9000776,0.900052
Cesnet200603,0004,0.78,158.178,0.9000162230066358,0.9000252692928639
Cesnet200706,0000,1.053,168.834,0.9000556,0.8999872
Cesnet200706,0001,1.041,182.861,0.9000968080178585,0.9000266936278123
Cesnet200706,0002,1.024,190.399,0.9000004143618696,0.9000516643825878
Cesnet200706,0003,1.283,171.558,0.9000488292750587,0.9000382521431232
Cesnet200706,0004,0.903,192.746,0.9,0.9000523186381714
Cesnet201006,0000,1.97,509.223,0.9000172728091388,0.9000217881605704
Cesnet201006,0001,2.133,551.261,0.9000015008773773,0.9000062070183061
Cesnet201006,0002,2.132,518.804,0.8999867464896004,0.8999662684169102
Cesnet201006,0003,2.534,485.324,0.8999987450290852,0.9000270666699907
Cesnet201006,0004,2.118,488.031,0.9000239292427049,0.9000098532175842
Chinanet,0000,6.449,1623.143,0.9000128749999999,0.900015
Chinanet,0001,9.935,1814.989,1.00850075,1.02341775
Chinanet,0002,7.585,1635.42,0.9000075,0.9000135
Chinanet,0003,3.65,359.744,0.900073375,0.9000704166666667
Chinanet,0004,6.239,1588.503,0.954637375,0.9525988333333333
Claranet,0000,0.194,0.934,0.9000279999999999,0.9000755
Claranet,0001,0.12,0.675,0.900009,0.9000455
Claranet,0002,0.091,0.534,0.9000025,0.900032
Claranet,0003,0.118,0.642,0.900022,0.9000735
Claranet,0004,0.089,0.57,0.900079,0.900035
Cogentco,0000,761.179,-,0.8985311770833333,-
Cogentco,0001,837.743,-,0.8991125173611112,-
Cogentco,0002,828.703,-,0.8988368645833333,-
Cogentco,0003,933.462,-,0.8991683437500001,-
Cogentco,0004,918.932,-,0.8989684062499995,-
Colt,0000,310.203,-,0.8986831666666668,-
Colt,0001,318.665,-,0.8987168333333333,-
Colt,0002,311.706,-,0.8988314166666667,-
Colt,0003,299.095,-,0.8986546666666667,-
Colt,0004,287.598,-,0.8986854999999998,-
Columbus,0000,15.448,-,0.899751083333333,-
Columbus,0001,14.134,-,0.8998009166666667,-
Columbus,0002,14.765,-,0.899822,-
Columbus,0003,14.244,2039.514,0.89974,3.2637295
Columbus,0004,19.298,-,0.8997390833333333,-
Compuserve,0000,1.416,1.481,0.8999222222222217,0.8999444444444444
Compuserve,0001,3.829,2.699,0.8999111111111034,0.8999333333333334
Compuserve,0002,3.156,9.132,0.9000999999999999,0.9001222222222223
Compuserve,0003,1.499,1.015,0.899911111111111,0.8999111111111093
Compuserve,0004,0.807,1.337,0.8999111111111111,0.8999055555555555
CrlNetworkServices,0000,0.983,25.322,0.8991111111111111,0.8991777777777777
CrlNetworkServices,0001,0.73,22.895,0.8986444444444445,0.8986611111111111
CrlNetworkServices,0002,1.019,22.119,0.8986555555555555,0.8986777777777778
CrlNetworkServices,0003,1.039,22.155,0.8986111111111111,0.8986111111111111
CrlNetworkServices,0004,0.982,22.094,0.8986888888888889,0.8987555555555554
Cudi,0000,1.421,183.279,0.8998870833333332,0.8998870833333333
Cudi,0001,1.431,186.267,0.8999529166666667,0.8999529166666667
Cudi,0002,1.45,194.409,0.8998883333333333,0.8998883333333333
Cudi,0003,1.602,191.918,0.8998845833333333,0.8998845833333333
Cudi,0004,1.342,181.524,0.8998883333333332,0.8998883333333333
Cwix,0000,1.002,28.68,0.8988296296296296,0.8988222222222222
Cwix,0001,1.351,30.969,0.8989555555555555,0.8989111111111111
Cwix,0002,1.061,28.318,0.8988888888888888,0.8988666666666667
Cwix,0003,1.19,30.111,0.8988592592592592,0.8988666666666666
Cwix,0004,1.08,27.652,0.8989259259259259,0.8989259259259254
Cynet,0000,0.331,6.637,0.8994971804511278,0.8994971804511278
Cynet,0001,0.298,6.93,0.8994501879699248,0.8994501879699248
Cynet,0002,0.306,6.713,0.8994736842105263,0.8994736842105263
Cynet,0003,0.343,6.831,0.8995112781954887,0.8995112781954887
Cynet,0004,0.296,6.775,0.8994736842105263,0.8994736842105263
Darkstrand,0000,0.473,11.161,0.9000425,0.8999805
Darkstrand,0001,0.676,11.269,0.8999615,0.899997
Darkstrand,0002,0.666,10.994,0.8999755,0.8999545
Darkstrand,0003,0.522,11.535,0.89998425,0.89998875
Darkstrand,0004,0.693,11.086,0.89996875,0.89998025
Dataxchange,0000,0.051,0.062,1.0392666666666666,1.0392666666666666
Dataxchange,0001,0.046,0.058,1.0802222222222222,1.0802222222222222
Dataxchange,0002,0.061,0.059,1.2024,1.202399999999999
Dataxchange,0003,0.074,0.054,0.8999333333333334,0.8999333333333334
Dataxchange,0004,0.04,0.053,1.432511111111111,1.432511111111111
Deltacom,0000,140.999,-,0.8997080214285711,-
Deltacom,0001,146.708,-,0.899699333333333,-
Deltacom,0002,121.307,-,0.89961,-
Deltacom,0003,128.827,-,0.8996197499999999,-
Deltacom,0004,142.172,-,0.8997097499999999,-
DeutscheTelekom,0000,0.834,24.406,0.9000548333333334,0.900044
DeutscheTelekom,0001,0.717,22.189,0.899957,0.899957
DeutscheTelekom,0002,0.842,21.824,0.899957,0.899957
DeutscheTelekom,0003,0.83,23.97,0.899961,0.899961
DeutscheTelekom,0004,0.754,21.578,0.89996,0.89996
Dfn,0000,6.672,1530.257,0.9000388749999999,0.90000425
Dfn,0001,48.347,1861.728,0.9002615,6.2989745
Dfn,0002,16.963,1876.723,0.90666425,5.9270524978637695
Dfn,0003,14.508,1874.872,0.90001475,5.9620161056518555
Dfn,0004,14.489,1916.705,0.9093735,0.98876325
DialtelecomCz,0000,200.537,-,0.89927325,-
DialtelecomCz,0001,196.085,-,0.89927,-
DialtelecomCz,0002,203.419,-,0.8992904999999998,-
DialtelecomCz,0003,203.143,-,0.89927325,-
DialtelecomCz,0004,208.043,-,0.899216,-
Digex,0000,0.955,18.436,0.8988777777777778,0.8989444444444444
Digex,0001,0.797,18.769,0.8988,0.8988444444444444
Digex,0002,0.75,18.769,0.8988333333333334,0.8988444444444444
Digex,0003,0.714,18.871,0.8987777777777778,0.8987555555555555
Digex,0004,0.887,19.211,0.8988240740740739,0.8988777777777778
Easynet,0000,0.322,1.816,0.900014,0.900025
Easynet,0001,0.17,1.831,0.9000055,0.9000265
Easynet,0002,0.169,1.78,0.9000005,0.899978
Easynet,0003,0.224,2.004,0.90006,0.900031
Easynet,0004,0.197,2.019,0.900051,0.89999
Eenet,0000,0.059,0.332,0.9539915,0.9539915
Eenet,0001,0.058,0.291,0.9539885,0.9539885
Eenet,0002,0.06,0.349,0.953989,0.953989
Eenet,0003,0.057,0.28,0.95399,0.95399
Eenet,0004,0.059,0.328,0.953991,0.953991
EliBackbone,0000,0.372,5.627,0.9000648333333332,0.900026
EliBackbone,0001,0.497,4.618,0.900055125,0.9000468333333334
EliBackbone,0002,0.714,6.834,0.9000478333333334,0.9000229166666667
EliBackbone,0003,0.589,9.395,0.9000755,0.9000635
EliBackbone,0004,0.476,5.889,0.9000526666666666,0.8999910833333333
Epoch,0000,0.042,0.064,0.9926666666666667,0.9926666666666667
Epoch,0001,0.126,0.376,0.9000277777777778,0.9
Epoch,0002,0.424,1.933,0.9000888888888889,0.9000888888888878
Epoch,0003,0.211,0.162,0.9000555555555555,0.9000111111111111
Epoch,0004,0.389,2.175,0.9001888888888889,0.9001888888888889
Ernet,0000,0.488,9.471,0.899951,0.899951
Ernet,0001,0.604,9.413,0.899946,0.899946
Ernet,0002,0.495,9.586,0.899949,0.899949
Ernet,0003,0.451,9.622,0.899947,0.899947
Ernet,0004,0.43,9.524,0.899949,0.899949
Esnet,0000,6.611,1962.244,0.9002421,11.2832
Esnet,0001,6.492,2020.642,0.900084902977022,6.633725881576538
Esnet,0002,6.453,1964.75,0.9002654999999998,9.349318
Esnet,0003,6.317,1964.51,0.9002988999999999,7.941864
Esnet,0004,6.281,2013.436,0.9001049,6.464745998382568
Eunetworks,0000,0.201,0.518,0.9000525,0.9000555
Eunetworks,0001,0.124,0.505,0.9000416666666667,0.9000019999999999
Eunetworks,0002,0.18,0.533,0.9000338333333333,0.9000423333333333
Eunetworks,0003,0.113,0.555,0.9000235,0.9000355
Eunetworks,0004,0.129,0.57,0.9000071666666666,0.9000021666666668
Evolink,0000,0.877,27.734,0.899936,0.899986
Evolink,0001,1.061,28.473,0.89998675,0.8999415
Evolink,0002,1.119,28.853,0.8999385,0.89993875
Evolink,0003,0.921,27.184,0.89997025,0.899943
Evolink,0004,1.09,27.429,0.89996925,0.8999245
Fatman,0000,0.167,0.873,0.899978,0.899978
Fatman,0001,0.181,0.909,0.899977,0.899977
Fatman,0002,0.11,0.88,0.899971,0.899971
Fatman,0003,0.168,0.884,0.899973,0.899973
Fatman,0004,0.148,0.926,0.899973,0.899973
Fccn,0000,0.22,2.724,0.899981,0.900047
Fccn,0001,0.243,2.782,0.899969,0.899969
Fccn,0002,0.239,2.73,0.900053,0.899988
Fccn,0003,0.242,2.759,0.900057,0.899986
Fccn,0004,0.26,2.887,0.899985,0.899973
Forthnet,0000,2.325,528.282,0.8999888888888888,0.9001106111111111
Forthnet,0001,2.351,497.426,0.8999883888888889,0.8999883888888889
Forthnet,0002,2.23,516.425,0.8999891111111111,0.8999891111111111
Forthnet,0003,2.331,522.784,0.8999876111111111,0.8999876111111111
Forthnet,0004,2.35,621.637,0.8999896111111111,0.9000793333333333
Funet,0000,0.473,8.381,0.8999794999999999,0.8999585
Funet,0001,0.395,8.302,0.899971,0.9000255
Funet,0002,0.377,8.103,0.899978,0.9000395
Funet,0003,0.483,8.008,0.900018,0.900013
Funet,0004,0.481,7.946,0.9000265,0.899964
Gambia,0000,0.245,6.305,0.89968,0.89968
Gambia,0001,0.278,6.653,0.89965,0.89965
Gambia,0002,0.24,6.225,0.89968,0.89968
Gambia,0003,0.329,6.651,0.899655,0.899655
Gambia,0004,0.329,6.732,0.89966,0.89966
Garr199901,0000,0.245,0.722,0.900047,0.900076
Garr199901,0001,0.822,1.206,0.90005,0.900064
Garr199901,0002,0.216,0.788,0.9,0.9000389999999999
Garr199901,0003,0.173,0.969,0.900079,0.900014
Garr199901,0004,0.154,0.866,0.900062,0.900079
Garr199904,0000,0.255,2.438,0.8999483870967743,0.8999612903225807
Garr199904,0001,0.269,2.311,0.8999483870967742,0.8999096774193549
Garr199904,0002,0.203,2.41,0.899941935483871,0.8999290322580636
Garr199904,0003,0.258,2.31,0.8999806451612903,0.8999806451612904
Garr199904,0004,0.28,2.562,0.8999612903225807,0.8999677419354839
Garr199905,0000,0.711,3.02,0.8999806451612904,0.8999677419354839
Garr199905,0001,0.36,2.425,0.8999548387096774,0.8999677419354839
Garr199905,0002,0.227,2.523,0.8999677419354839,0.8999483870967742
Garr199905,0003,0.721,2.675,0.8999741935483871,0.8999612903225805
Garr199905,0004,0.218,2.534,0.8999225806451613,0.8999548387096774
Garr200109,0000,0.183,1.937,0.8999677419354839,0.8999612903225807
Garr200109,0001,0.181,2.028,0.8999354838709678,0.8999225806451613
Garr200109,0002,0.305,2.029,0.9,0.8999677419354839
Garr200109,0003,0.235,2.064,0.8999032258064517,0.8999225806451612
Garr200109,0004,0.297,2.2,0.8998967741935483,0.8999677419354839
Garr200112,0000,0.294,2.829,0.899883870967742,0.8999483870967742
Garr200112,0001,0.273,2.81,0.8999354838709678,0.8998838709677419
Garr200112,0002,0.315,2.823,0.8999741935483871,0.8999741935483871
Garr200112,0003,0.282,2.792,0.899916129032258,0.8999290322580645
Garr200112,0004,0.258,2.804,0.8999290322580645,0.899916129032258
Garr200212,0000,0.292,4.781,0.8998677419354838,0.8998774193548387
Garr200212,0001,0.313,5.105,0.8998451612903221,0.8998365591397847
Garr200212,0002,0.283,4.887,0.8999096774193548,0.8999247311827957
Garr200212,0003,0.261,4.872,0.8998580645161288,0.8998817204301073
Garr200212,0004,0.241,4.715,0.8997978494623656,0.8998215053763441
Garr200404,0000,0.387,1.912,0.8999483870967742,0.8999419354838709
Garr200404,0001,0.186,2.094,0.8999354838709678,0.8999677419354839
Garr200404,0002,0.263,2.119,0.8999548387096774,0.8999354838709678
Garr200404,0003,0.214,2.377,0.8999612903225807,0.8999870967741935
Garr200404,0004,0.172,2.036,0.8999870967741935,0.8999935483870968
Garr200902,0000,2.901,909.1,0.9001364,0.8999952
Garr200902,0001,2.771,844.73,0.899908,0.8999978
Garr200902,0002,2.517,844.048,0.8999864,0.9000184
Garr200902,0003,2.192,433.45,0.899902,0.899902
Garr200902,0004,2.857,804.326,0.9320303999999999,0.930196
Garr200908,0000,2.175,889.896,0.9000004,0.9000256
Garr200908,0001,2.775,941.646,0.900076,0.9000076
Garr200908,0002,2.915,715.17,0.9467672,0.9105482
Garr200908,0003,3.661,977.138,0.9000048,0.90005
Garr200908,0004,2.082,460.204,0.984247,0.9842469999999999
Garr200909,0000,2.787,933.176,0.9592114,0.9306975999999999
Garr200909,0001,2.19,488.635,0.8999169230769231,0.8999169230769231
Garr200909,0002,3.104,1043.575,0.953402,0.953362
Garr200909,0003,2.487,971.455,0.8999904000000001,0.900042
Garr200909,0004,2.289,978.961,0.9001212,0.90005
Garr200912,0000,2.48,1040.781,0.9469809707094992,0.9469323999999999
Garr200912,0001,2.517,891.638,0.9650124,0.9450715999999996
Garr200912,0002,2.439,819.863,0.8999138461538462,0.8999138461538462
Garr200912,0003,2.054,564.945,0.8999261538461538,0.8999261538461538
Garr200912,0004,2.483,1009.266,0.9568708,0.9330856
Garr201001,0000,3.077,976.781,0.9726618,0.9447408
Garr201001,0001,2.552,986.331,1.091937,1.091937
Garr201001,0002,2.676,605.513,0.905651,0.905651
Garr201001,0003,3.511,1142.885,0.906406,0.9000855130784708
Garr201001,0004,2.607,1007.896,1.007009,1.007009
Garr201003,0000,2.808,987.302,0.9000648,0.9000068
Garr201003,0001,2.251,460.338,1.019401,1.019401
Garr201003,0002,2.327,832.601,0.8999184615384616,0.8999184615384614
Garr201003,0003,2.28,980.162,0.8999230769230769,0.8999230769230769
Garr201003,0004,2.294,815.767,0.8999169230769231,0.899916923076923
Garr201004,0000,3.437,672.479,0.9417278166666664,0.9242109833333333
Garr201004,0001,2.591,1075.519,0.976953,0.976953
Garr201004,0002,2.212,874.895,1.204614,1.204614
Garr201004,0003,2.248,408.995,0.8999230769230769,0.8999230769230762
Garr201004,0004,6.079,1845.749,0.9175984333333334,9.637733846153846
Garr201005,0000,2.853,1007.583,0.9001212,0.9002044
Garr201005,0001,2.847,946.738,0.9000852,0.9000488
Garr201005,0002,3.016,1234.167,0.9000951999999999,0.9000451999999999
Garr201005,0003,2.829,998.512,0.9000912000000001,0.9000328
Garr201005,0004,2.909,575.205,0.925324,0.9250832333333326
Garr201007,0000,2.355,906.644,0.8999246153846154,0.8999246153846154
Garr201007,0001,2.685,663.285,1.1195149999999998,1.119515
Garr201007,0002,3.161,891.097,0.900074,0.9000264
Garr201007,0003,2.975,969.248,0.9000104,0.9000497925056525
Garr201007,0004,2.493,902.418,0.9616369666666669,0.92465365
Garr201008,0000,3.032,611.638,0.8999061538461538,0.8999061538461539
Garr201008,0001,2.839,1294.352,0.9000408,0.9000144
Garr201008,0002,2.721,1103.581,0.9000152,0.90005
Garr201008,0003,2.997,980.58,0.9000828,0.899994
Garr201008,0004,2.364,512.804,1.221674,1.221674
Garr201010,0000,2.913,1257.7,0.9001282,0.9000633666666659
Garr201010,0001,2.848,619.205,0.9000704,0.8999715999999999
Garr201010,0002,3.028,1311.212,0.900106,0.90006
Garr201010,0003,3.327,1139.935,0.9001692,0.9000481
Garr201010,0004,3.129,1193.092,0.9000728,0.900038
Garr201012,0000,2.445,581.26,0.9000312,0.9000256
Garr201012,0001,3.287,1127.631,0.9000632,0.9000416
Garr201012,0002,2.878,1227.983,0.900078,0.9000408
Garr201012,0003,3.269,1341.361,0.9000046638966369,0.8999896976611602
Garr201012,0004,3.082,948.395,0.9000552,0.9000036
Garr201101,0000,3.383,1193.256,0.9002604,0.9001232
Garr201101,0001,2.846,676.075,0.900028,0.9000336
Garr201101,0002,4.091,1853.611,0.900372,0.9003676821199429
Garr201101,0003,3.427,1359.872,0.900084,0.9001128
Garr201101,0004,3.471,1185.922,0.9000615999999999,0.9000292
Garr201102,0000,2.602,481.36,0.89994,0.8999399999993329
Garr201102,0001,2.688,496.937,0.89995,0.89995
Garr201102,0002,2.685,1011.434,0.899945,0.899945
Garr201102,0003,2.599,595.544,0.89995,0.89995
Garr201102,0004,2.617,519.029,0.899944,0.899944
Garr201103,0000,2.862,514.138,0.899941,0.899941
Garr201103,0001,2.817,563.909,0.899944,0.899944
Garr201103,0002,3.219,1165.192,0.899949,0.899949
Garr201103,0003,2.966,600.6,0.899944,0.899944
Garr201103,0004,3.202,740.264,0.899947,0.899947
Garr201104,0000,3.078,571.147,0.899941,0.8999409999996715
Garr201104,0001,3.034,1306.228,0.899944,0.899944
Garr201104,0002,2.859,1251.744,0.8999715,0.8999715
Garr201104,0003,3.263,597.809,0.899941,0.899941
Garr201104,0004,3.028,1234.08,0.899939,0.899939
Garr201105,0000,3.068,736.761,0.900058,0.9000339999999999
Garr201105,0001,3.064,1036.279,0.899947,0.8999469999999999
Garr201105,0002,3.086,567.597,0.899943,0.899942999999439
Garr201105,0003,3.565,1155.77,0.8999439999999996,0.899944
Garr201105,0004,3.268,1143.555,0.9000548,0.9000132
Garr201107,0000,3.471,1328.669,0.899945,0.899945
Garr201107,0001,3.013,651.489,0.899946,0.899946
Garr201107,0002,3.62,1564.169,0.9000368,0.9000464
Garr201107,0003,3.401,777.399,0.899947,0.899947
Garr201107,0004,3.377,1029.767,0.899947,0.899947
Garr201108,0000,3.155,1198.537,0.899946,0.899946
Garr201108,0001,3.411,644.264,0.8999812,0.9000216
Garr201108,0002,3.115,716.912,0.9000116,0.9000128
Garr201108,0003,3.419,1059.332,0.899978,0.90003
Garr201108,0004,3.568,1470.177,0.8999676,0.9000552
Garr201109,0000,3.561,1125.621,0.8999728,0.8999828
Garr201109,0001,3.616,1191.778,0.8999944,0.899968
Garr201109,0002,3.591,720.716,0.8999915999999999,0.9000416
Garr201109,0003,3.85,833.898,0.9000488,0.9000152
Garr201109,0004,3.805,819.486,0.9000132,0.8999868000000001
Garr201110,0000,3.479,692.852,0.8999379999999999,0.899938
Garr201110,0001,3.428,709.09,0.9000056,0.9000279999999999
Garr201110,0002,3.486,730.635,0.899992,0.9000444
Garr201110,0003,3.506,703.604,0.8999824,0.9000364
Garr201110,0004,3.281,773.412,0.8999984,0.900044
Garr201111,0000,3.772,1229.992,0.8999692,0.899966
Garr201111,0001,3.675,894.622,0.8999972,0.900006
Garr201111,0002,3.535,1183.41,0.9000432,0.9000598
Garr201111,0003,3.628,787.734,0.89998,0.9000212000000001
Garr201111,0004,3.58,1220.126,0.9000236,0.9000296
Garr201112,0000,3.431,753.378,0.9000228,0.900016
Garr201112,0001,3.741,1296.793,0.9000052,0.9000066
Garr201112,0002,3.633,1242.984,0.9000028,0.9000395999999999
Garr201112,0003,3.481,1306.136,0.899938,0.899938
Garr201112,0004,3.861,1275.352,0.8999924,0.899976
Garr201201,0000,3.567,1542.023,0.9000624,0.899994
Garr201201,0001,4.06,1779.854,0.9153203166666662,0.9000344
Garr201201,0002,3.303,1406.064,0.899939,0.899939
Garr201201,0003,3.445,1475.506,0.900084,0.9000288
Garr201201,0004,3.628,820.147,0.9000083999999999,0.900012
Gblnet,0000,0.075,0.114,0.899993,0.899993
Gblnet,0001,0.072,0.07,0.899993,0.899993
Gblnet,0002,0.037,0.095,0.899993,0.899993
Gblnet,0003,0.061,0.085,0.899993,0.899993
Gblnet,0004,0.069,0.091,0.899992,0.899992
Geant2001,0000,1.286,19.905,0.9860945,0.9750882000000001
Geant2001,0001,0.59,12.574,0.8999967845659164,0.8999710610932475
Geant2001,0002,3.273,14.632,0.9453406,0.9443474374999999
Geant2001,0003,0.85,13.23,0.9138641479099677,0.9138689710610932
Geant2001,0004,0.651,14.75,0.9000144694533762,0.9000080385852091
Geant2009,0000,3.35,55.713,0.900004275,0.9000841124999999
Geant2009,0001,4.628,104.834,0.93880865,0.938412
Geant2009,0002,2.868,81.373,0.9004695291666667,0.900099975
Geant2009,0003,2.399,55.973,0.900149675,0.9000656375
Geant2009,0004,3.282,50.091,0.9001049499999999,0.9000684583333332
Geant2010,0000,1.202,36.202,0.9000378625954198,0.9000598473282443
Geant2010,0001,1.502,38.176,0.9000856183206107,0.9000852
Geant2010,0002,4.562,46.616,0.9003350229007634,0.9003101679389313
Geant2010,0003,1.27,36.664,0.9000897,0.9000309
Geant2010,0004,1.127,32.148,0.9001192061068702,0.9000846
Geant2012,0000,1.277,228.174,0.900120920941481,0.9000568744238953
Geant2012,0001,1.183,292.216,0.90009065,0.9000815721006113
Geant2012,0002,2.018,316.159,0.900189990715348,0.9000416
Geant2012,0003,2.166,313.171,0.90011865,0.9000589674473458
Geant2012,0004,1.474,242.734,0.9001062697773274,0.9000831
Getnet,0000,0.12,0.162,0.9163555555555555,0.9012333333333329
Getnet,0001,0.116,0.224,0.9123333333333333,0.9124111111111108
Getnet,0002,0.113,0.297,0.9012444444444444,0.9012444444444444
Getnet,0003,0.152,0.29,0.9037,0.9005777777777778
Getnet,0004,0.063,0.105,0.9381444444444441,0.9246444444444445
Globalcenter,0000,0.094,0.583,1.3514,1.3514
Globalcenter,0001,0.123,0.667,1.6360666666666663,1.6360666664030599
Globalcenter,0002,0.136,0.552,1.1823777777777777,1.1823777777777777
Globalcenter,0003,0.072,0.654,1.3111111111111111,1.3111111111111111
Globalcenter,0004,0.06,0.443,1.5756666666666668,1.5756666666666668
Globenet,0000,12.559,2064.392,0.899908,4.8312718868255615
Globenet,0001,15.52,2013.336,0.899843,4.69137
Globenet,0002,12.263,2007.576,0.899889,4.141412
Globenet,0003,11.853,2006.632,0.899867,4.140424
Globenet,0004,11.38,2067.061,0.899827,3.771009922027588
Goodnet,0000,14.642,17.662,0.8999481481481483,0.8999444444444444
Goodnet,0001,0.864,102.028,0.9409999999999998,0.9113888888888889
Goodnet,0002,0.946,8.895,1.2745333333333333,1.2745333333333333
Goodnet,0003,1.403,15.206,0.8999666666666667,0.8999111111111111
Goodnet,0004,2.031,6.899,0.8999703703703703,0.8999777777777778
Grena,0000,0.085,0.649,0.899971,0.899971
Grena,0001,0.083,0.681,0.899962,0.899962
Grena,0002,0.16,0.651,0.899965,0.899965
Grena,0003,0.148,0.635,0.899964,0.899964
Grena,0004,0.086,0.732,0.899968,0.899968
Gridnet,0000,1.315,4.46,0.9,0.9000333333333334
Gridnet,0001,10.909,19.95,0.9000111111111111,0.9000222222222222
Gridnet,0002,9.163,145.401,0.9000111111111111,0.9000333333333334
Gridnet,0003,4.996,5.322,0.9000333333333334,0.9000333333333334
Gridnet,0004,2.176,8.815,0.9000222222222223,0.8999666666666667
Grnet,0000,0.58,24.523,0.899951,0.899951
Grnet,0001,0.623,24.734,0.900055,0.900017
Grnet,0002,0.642,24.473,0.899947,0.899947
Grnet,0003,0.677,24.585,0.899951,0.899951
Grnet,0004,0.585,24.14,0.89995,0.89995
GtsCe,0000,465.024,-,0.8991534166666661,-
GtsCe,0001,301.409,-,0.899156,-
GtsCe,0002,386.279,-,0.8991495,-
GtsCe,0003,417.706,-,0.8992830000000005,-
GtsCe,0004,403.028,-,0.8992284166666668,-
GtsCzechRepublic,0000,0.695,15.98,0.8999805,0.8999645
GtsCzechRepublic,0001,0.677,15.722,0.89995,0.8999609999999999
GtsCzechRepublic,0002,0.677,16.024,0.8999565,0.8999385
GtsCzechRepublic,0003,0.656,15.824,0.8999385,0.8999585
GtsCzechRepublic,0004,0.667,15.823,0.8999375,0.9000134999999981
GtsHungary,0000,0.38,10.144,0.9000315,0.900042
GtsHungary,0001,0.383,9.921,0.899984,0.9000214999999999
GtsHungary,0002,0.403,10.022,0.9000315,0.8999765
GtsHungary,0003,0.431,9.857,0.9000095,0.899988
GtsHungary,0004,0.439,9.821,0.899971,0.899991
GtsPoland,0000,1.303,25.154,0.900031,0.899971
GtsPoland,0001,1.325,29.824,0.9000111666666666,0.9000417499999999
GtsPoland,0002,1.284,26.896,0.9000001666666665,0.9000328333333333
GtsPoland,0003,0.95,24.182,0.9000173333333333,0.9000335
GtsPoland,0004,1.407,28.692,0.899968,0.899997
GtsRomania,0000,0.165,2.152,0.9000585,0.8999824999999999
GtsRomania,0001,0.264,2.153,0.90003,0.900045
GtsRomania,0002,0.167,2.138,0.9000085,0.9000055
GtsRomania,0003,0.157,2.005,0.899981,0.899981
GtsRomania,0004,0.23,2.063,0.89998,0.89998
GtsSlovakia,0000,0.566,16.576,0.8999674999999999,0.8999553333333332
GtsSlovakia,0001,0.661,17.234,0.9000016666666665,0.90002
GtsSlovakia,0002,0.732,16.922,0.8999604999999996,0.89995
GtsSlovakia,0003,0.753,16.619,0.8999656666666667,0.8999623333333333
GtsSlovakia,0004,0.702,16.314,0.8999359999999998,0.900022
Harnet,0000,0.308,3.291,0.8999765,0.9000511318242344
Harnet,0001,0.213,2.816,0.8999785,0.8999785
Harnet,0002,0.437,3.069,0.9135041278295606,0.9000671105193073
Harnet,0003,0.242,3.082,0.9000708388814913,0.9000195295162006
Harnet,0004,0.23,2.91,0.9000362183754992,0.8999865068797157
Heanet,0000,0.08,0.713,1.083629,1.0817503333333331
Heanet,0001,0.088,0.082,1.1544575,1.1544575
Heanet,0002,0.057,0.313,1.213517,1.213517
Heanet,0003,0.648,2.433,0.9000673333333332,0.9000673333333332
Heanet,0004,0.742,12.643,0.9015196583881457,0.9002815
HiberniaCanada,0000,0.094,0.417,0.900007,0.900014
HiberniaCanada,0001,0.346,0.883,0.902309,0.902285
HiberniaCanada,0002,0.242,0.401,0.900008,0.900078
HiberniaCanada,0003,0.228,0.4,0.90003,0.900043
HiberniaCanada,0004,0.139,0.351,0.900028,0.900031
HiberniaGlobal,0000,9.458,2014.912,0.8998345,0.9008885
HiberniaGlobal,0001,7.012,1074.479,0.8998115,0.8999
HiberniaGlobal,0002,9.676,1141.232,0.8998389999999999,0.89983
HiberniaGlobal,0003,10.146,1926.704,0.89990425,0.9005245
HiberniaGlobal,0004,7.322,1079.818,0.89981,0.899871375
HiberniaIreland,0000,0.137,0.168,0.903995,0.903995
HiberniaIreland,0001,0.121,0.144,0.900041,0.900025
HiberniaIreland,0002,0.106,0.211,0.900001,0.900001
HiberniaIreland,0003,0.1,0.149,0.9,0.9
HiberniaIreland,0004,0.146,0.214,0.900077,0.900074
HiberniaNireland,0000,0.209,2.168,0.8999941666666667,0.8999916666666666
HiberniaNireland,0001,0.314,2.578,0.9000024999999999,0.9000603333333331
HiberniaNireland,0002,0.254,2.098,0.9000664999999999,0.9000398333333334
HiberniaNireland,0003,0.278,1.986,0.9000291666666667,0.9000258333333333
HiberniaNireland,0004,0.259,2.801,0.9000221666666667,0.9000406666666666
HiberniaUk,0000,0.09,0.579,0.9000349999999999,0.900009
HiberniaUk,0001,0.225,0.635,0.9000509999999999,0.900013
HiberniaUk,0002,0.131,0.575,0.900073,0.900017
HiberniaUk,0003,0.159,0.602,0.900022,0.900022
HiberniaUk,0004,0.083,0.526,0.90005,0.900047
HiberniaUs,0000,0.323,5.239,0.899958,0.899958
HiberniaUs,0001,0.406,6.969,0.899958,0.899958
HiberniaUs,0002,0.495,5.347,0.9000694027777778,0.9000604444444446
HiberniaUs,0003,0.286,4.918,0.899965,0.899965
HiberniaUs,0004,0.313,5.025,0.899955,0.899955
Highwinds,0000,0.383,3.815,0.9000629351851853,0.9000459583333332
Highwinds,0001,0.265,3.938,0.8999939537037036,0.900018733796296
Highwinds,0002,0.367,3.797,0.9000090500000001,0.9000044
Highwinds,0003,0.261,5.035,0.9000515740740739,0.9000039768518521
Highwinds,0004,0.296,3.758,0.8999971333333332,0.9000019666666668
HostwayInternational,0000,0.158,1.086,0.89998875,0.8999855
HostwayInternational,0001,0.126,1.0,0.899976,0.899976
HostwayInternational,0002,0.181,0.968,0.899974,0.899974
HostwayInternational,0003,0.122,0.917,0.9000184999999999,0.9000233333333332
HostwayInternational,0004,0.124,0.978,0.899976,0.899976
HurricaneElectric,0000,0.667,7.152,0.9000196666666667,0.9000338333333333
HurricaneElectric,0001,0.51,7.929,0.900026,0.900031
HurricaneElectric,0002,0.355,6.922,0.900027,0.900023
HurricaneElectric,0003,1.034,10.783,0.9000708333333333,0.9000155
HurricaneElectric,0004,0.559,6.592,0.900043,0.9000380833333333
Ibm,0000,3.481,5.901,0.8998694444444445,0.899861111111111
Ibm,0001,0.343,5.087,0.8998444444444444,0.8998222222222222
Ibm,0002,0.543,4.124,0.8998222222222222,0.8997555555555555
Ibm,0003,0.419,5.908,0.8998601851851851,0.8998555555555555
Ibm,0004,0.501,5.079,0.8998222222222222,0.8997888888888889
Iij,0000,1.314,122.02,0.9000625170797966,0.9000317399557398
Iij,0001,1.19,106.036,1.0440097133809156,1.0440097133809156
Iij,0002,1.165,105.406,1.026588119695216,1.026588119695216
Iij,0003,2.002,127.437,0.9000697425036436,0.9000341009864753
Iij,0004,1.86,126.699,0.9000337828333976,0.9000630864063569
Iinet,0000,1.006,11.505,0.90012925,0.90011425
Iinet,0001,0.491,10.96,0.900011,0.90004425
Iinet,0002,0.84,11.369,0.900054,0.9000365
Iinet,0003,0.831,11.335,0.9000775,0.900032
Iinet,0004,0.687,12.39,0.9000655,0.900041
Ilan,0000,0.377,0.736,0.900049,0.9000355
Ilan,0001,0.259,0.498,0.9000203333333333,0.9000713333333313
Ilan,0002,0.215,0.444,0.9000676666666666,0.9000739999999999
Ilan,0003,0.285,0.65,0.9000331666666666,0.9000369999999999
Ilan,0004,0.196,0.527,0.9000243333333333,0.9000636666666665
Integra,0000,0.659,10.839,0.89998375,0.899967
Integra,0001,0.524,11.491,0.89997,0.89999025
Integra,0002,0.858,11.716,0.9000045,0.90005675
Integra,0003,0.595,11.317,0.90002375,0.90003
Integra,0004,0.596,16.627,0.899988,0.899985
Intellifiber,0000,16.547,-,0.8997355,-
Intellifiber,0001,14.921,-,0.8997485,-
Intellifiber,0002,17.064,-,0.8997285,-
Intellifiber,0003,18.083,-,0.8997385,-
Intellifiber,0004,17.529,-,0.8997614375,-
Internetmci,0000,0.356,5.462,0.8999703703703703,0.8999592592592592
Internetmci,0001,0.313,3.435,0.8999407407407408,0.8999703703703703
Internetmci,0002,7.147,12.59,0.8999806451612903,0.9000258064516129
Internetmci,0003,0.448,4.337,0.9653462365591398,0.9653182795698924
Internetmci,0004,0.199,4.196,0.8999888888888888,0.8999814814814814
Internode,0000,3.425,1097.977,1.2119702372950563,1.2119702372950563
Internode,0001,3.751,1213.847,1.132372,1.1322613333333333
Internode,0002,3.422,928.225,1.3384756188648905,1.3384756188648907
Internode,0003,3.5,1232.111,1.1323439583333332,1.132214375
Internode,0004,3.59,1912.341,1.1331564444444444,1.1348395555555555
Interoute,0000,119.218,-,0.8999026666666666,-
Interoute,0001,133.743,-,0.8997635416666666,-
Interoute,0002,168.458,-,0.8997915625000001,-
Interoute,0003,129.055,-,0.8997414583333333,-
Interoute,0004,121.224,-,0.8997314999999995,-
Intranetwork,0000,1.817,216.226,0.899881,0.899881
Intranetwork,0001,1.861,213.099,0.89987,0.89987
Intranetwork,0002,1.668,213.382,0.899877,0.899877
Intranetwork,0003,1.967,218.391,0.899882,0.8998819999999998
Intranetwork,0004,1.903,202.986,0.899883,0.899883
Ion,0000,217.846,-,0.899488,-
Ion,0001,159.35,-,0.8995017500000002,-
Ion,0002,145.874,-,0.89941325,-
Ion,0003,139.537,-,0.89946325,-
Ion,0004,147.001,-,0.89945875,-
IowaStatewideFiberMap,0000,1.379,31.328,0.90000875,0.9000305
IowaStatewideFiberMap,0001,0.973,24.625,0.9000405,0.8999905
IowaStatewideFiberMap,0002,1.004,25.214,0.89998575,0.89999175
IowaStatewideFiberMap,0003,1.049,26.06,0.9000355,0.90003825
IowaStatewideFiberMap,0004,1.054,26.207,0.9000305,0.90003175
Iris,0000,4.076,1483.031,0.89988875,0.899934
Iris,0001,3.344,849.046,0.8998575,0.8999305
Iris,0002,3.712,809.274,0.89989675,0.89991
Iris,0003,4.681,769.447,0.899865,0.89988625
Iris,0004,3.685,755.292,0.899853,0.899853
Istar,0000,0.213,2.797,0.899945,0.899945
Istar,0001,0.211,2.866,0.899945,0.899945
Istar,0002,0.243,2.798,0.899944,0.899944
Istar,0003,0.242,2.817,0.8999479999999999,0.8999479999999999
Istar,0004,0.21,2.831,0.899949,0.899949
Itnet,0000,0.092,0.142,0.899995,0.899995
Itnet,0001,0.095,0.141,0.899994,0.899994
Itnet,0002,0.086,0.147,0.899995,0.899995
Itnet,0003,0.077,0.142,0.899994,0.899994
Itnet,0004,0.068,0.137,0.899995,0.899995
Janetbackbone,0000,1.164,20.049,0.900039,0.9000339166666668
Janetbackbone,0001,1.222,19.113,0.9000580833333334,0.9000625
Janetbackbone,0002,1.033,19.535,0.9000046666666667,0.9000416666666666
Janetbackbone,0003,1.41,19.039,0.9000345,0.900062
Janetbackbone,0004,2.103,33.361,0.900062,0.90004125
JanetExternal,0000,0.059,0.122,0.8999952,0.8999952
JanetExternal,0001,0.065,0.113,0.8999956,0.8999956
JanetExternal,0002,0.058,0.107,0.8999948,0.8999948
JanetExternal,0003,0.059,0.106,0.8999944,0.8999944
JanetExternal,0004,0.072,0.108,0.8999952,0.8999952
Janetlense,0000,0.357,4.29,0.9000423333333334,0.9000276666666666
Janetlense,0001,0.313,3.795,0.9000321666666665,0.9000061666666667
Janetlense,0002,0.325,4.013,0.9000505,0.9000245
Janetlense,0003,0.318,2.923,0.8999916666666666,0.9000294999999999
Janetlense,0004,0.414,3.719,0.900038,0.9000515
Jgn2Plus,0000,0.151,0.998,0.899963,0.899963
Jgn2Plus,0001,0.095,0.963,0.899966,0.899966
Jgn2Plus,0002,0.117,0.947,0.899964,0.899964
Jgn2Plus,0003,0.171,0.997,0.899959,0.899959
Jgn2Plus,0004,0.166,0.95,0.899959,0.899959
Karen,0000,0.347,5.894,0.9899956,0.9899956
Karen,0001,0.291,6.051,0.9899956,0.9899956
Karen,0002,0.317,5.746,0.9899958,0.9899958
Karen,0003,0.336,5.889,0.9899967,0.989996699999999
Karen,0004,0.353,5.651,0.9899964,0.9899964
KentmanApr2007,0000,0.221,2.576,0.89968,0.89968
KentmanApr2007,0001,0.226,2.662,0.89969,0.89969
KentmanApr2007,0002,0.194,2.391,0.89972,0.89972
KentmanApr2007,0003,0.269,2.577,0.89971,0.89971
KentmanApr2007,0004,0.304,2.705,0.89972,0.89972
KentmanAug2005,0000,0.342,5.793,0.8996516129032258,0.8996516129032258
KentmanAug2005,0001,0.346,5.789,0.8996580645161291,0.8996580645161291
KentmanAug2005,0002,0.338,5.612,0.8996258064516129,0.8996258064516129
KentmanAug2005,0003,0.288,5.651,0.8996516129032258,0.8996516129032258
KentmanAug2005,0004,0.351,5.823,0.8998064516129032,0.8998451612903225
KentmanFeb2008,0000,0.279,5.143,0.8997,0.8997
KentmanFeb2008,0001,0.257,5.238,0.9928224153211498,0.9928224153211498
KentmanFeb2008,0002,0.25,5.174,0.89968,0.89968
KentmanFeb2008,0003,0.29,5.174,0.89969,0.89969
KentmanFeb2008,0004,0.305,5.242,0.89966,0.89966
KentmanJan2011,0000,0.527,32.942,0.899932,0.899932
KentmanJan2011,0001,0.59,33.312,0.8999139999999999,0.899914
KentmanJan2011,0002,0.628,28.862,0.899913,0.899912999999998
KentmanJan2011,0003,0.506,33.538,0.89992,0.89992
KentmanJan2011,0004,0.586,32.504,0.8999329999999999,0.899933
KentmanJul2005,0000,0.159,0.588,0.8995294117647059,0.8995294117647059
KentmanJul2005,0001,0.163,0.591,0.8995294117647059,0.8995294117647059
KentmanJul2005,0002,0.184,0.714,0.8996470588235294,0.8996470588235294
KentmanJul2005,0003,0.162,0.588,0.8999193548387097,0.8999419354838709
KentmanJul2005,0004,0.176,0.62,0.8999064516129032,0.899916129032258
Kreonet,0000,0.088,0.222,0.8999992,0.8999992
Kreonet,0001,0.114,0.225,0.89999925,0.89999925
Kreonet,0002,0.104,0.23,0.89999925,0.89999925
Kreonet,0003,0.056,0.218,0.89999925,0.89999925
Kreonet,0004,0.053,0.233,0.89999925,0.89999925
LambdaNet,0000,1.67,67.733,0.899899,0.8999395
LambdaNet,0001,1.937,67.416,0.899962,0.8998895
LambdaNet,0002,2.295,69.603,0.8999265,0.8999240000000001
LambdaNet,0003,1.731,68.666,0.8999045,0.899911
LambdaNet,0004,1.717,67.119,0.8999705,0.8999645
Latnet,0000,3.524,928.874,0.89704,0.89704
Latnet,0001,3.587,903.172,0.89693,0.8969299999998839
Latnet,0002,3.402,872.614,0.89705,0.89705
Latnet,0003,3.572,994.589,0.8970899999999999,0.89709
Latnet,0004,3.502,1029.325,0.8970099999999999,0.89701
Layer42,0000,0.263,0.187,0.9000825,0.9000825
Layer42,0001,0.139,0.232,0.9000665,0.9000055
Layer42,0002,0.133,0.207,0.9000495,0.9000495
Layer42,0003,0.068,0.088,0.9745189999999999,0.9745189999999999
Layer42,0004,0.059,0.094,0.900035,0.900035
Litnet,0000,0.872,136.233,0.899897,0.899921
Litnet,0001,0.7,80.013,0.899929,0.899944
Litnet,0002,0.877,83.341,0.89996,0.899953
Litnet,0003,0.825,134.116,0.899909,0.899906
Litnet,0004,0.726,143.076,0.899901,0.899917
Marnet,0000,0.157,1.281,2.357032258064516,2.357032258064516
Marnet,0001,0.103,1.229,2.932135483870968,2.932135483870968
Marnet,0002,0.161,1.36,2.4704516129032257,2.4704516129032257
Marnet,0003,0.149,1.295,2.932141935483871,2.932141935483871
Marnet,0004,0.113,1.36,2.9321225806451614,2.9321225806451614
Marwan,0000,0.183,0.852,0.899847817380857,0.8998077693231878
Marwan,0001,0.241,0.952,0.8998398077693232,0.8997757308770524
Marwan,0002,0.456,1.271,0.8999185689494058,0.8999138966760112
Marwan,0003,0.165,0.866,0.8997864103590977,0.8997970898411427
Marwan,0004,0.238,0.879,0.8997997597116539,0.8997837404885863
Missouri,0000,13.091,2033.106,0.89975,3.4502031803131104
Missouri,0001,13.904,2026.439,0.8997495,3.564913749694824
Missouri,0002,13.43,1993.743,0.89977725,3.52253625
Missouri,0003,12.681,2033.321,0.8997545,3.5571491718292236
Missouri,0004,13.365,2077.657,0.899768,3.2094795
Mren,0000,0.04,0.058,0.899997,0.899997
Mren,0001,0.03,0.085,0.899997,0.899997
Mren,0002,0.029,0.092,0.899996,0.899996
Mren,0003,0.054,0.061,0.899998,0.899998
Mren,0004,0.059,0.091,0.899997,0.899997
Myren,0000,0.657,66.308,0.8999541800643087,0.8999590032154341
Myren,0001,0.66,61.001,0.899984,0.8999849999999999
Myren,0002,0.614,42.209,0.8997870967741934,0.8997548387096774
Myren,0003,0.606,30.717,0.89956,0.89956
Myren,0004,0.61,33.607,0.89964,0.89964
Napnet,0000,0.041,0.055,1.0766444444444445,1.0766444444444445
Napnet,0001,0.041,0.154,0.9241111111111111,0.9019111111111111
Napnet,0002,0.055,0.056,0.8999555555555555,0.8999555555555556
Napnet,0003,0.07,0.099,1.0675555555555554,1.0675555555555556
Napnet,0004,0.065,0.054,0.8999555555555556,0.8999555555555555
Navigata,0000,0.171,0.537,0.9000165,0.9000675
Navigata,0001,0.144,0.722,0.90001,0.9000049999999999
Navigata,0002,0.173,0.492,0.900064,0.900047
Navigata,0003,0.148,0.491,0.9000745,0.900047
Navigata,0004,0.148,0.859,0.900016,0.900014
Netrail,0000,0.257,0.456,0.9185555555555555,0.9185555555555556
Netrail,0001,0.307,1.197,0.9042222222222223,0.9042222222222223
Netrail,0002,0.701,7.139,0.9004888888888889,0.9004888888888889
Netrail,0003,0.196,0.54,0.9396444444444444,0.9338666666666667
Netrail,0004,0.05,0.097,0.9616888888888889,0.9616888888888888
NetworkUsa,0000,0.953,26.489,0.8999445,0.899981
NetworkUsa,0001,0.816,26.924,0.899987,0.9000135
NetworkUsa,0002,0.955,26.358,0.8999465,0.8999715
NetworkUsa,0003,0.705,26.996,0.899929,0.899944
NetworkUsa,0004,0.945,26.437,0.8999889999999999,0.899968
Nextgen,0000,0.126,1.123,0.899974,0.899974
Nextgen,0001,0.121,1.17,0.899972,0.899972
Nextgen,0002,0.128,1.239,0.899971,0.899971
Nextgen,0003,0.124,1.117,0.899968,0.899968
Nextgen,0004,0.125,1.137,0.899971,0.899971
Niif,0000,0.461,18.292,0.90002,0.900003
Niif,0001,0.467,18.488,0.899982,0.899956
Niif,0002,0.479,18.539,0.899983,0.900034
Niif,0003,0.478,18.598,0.899991,0.899971
Niif,0004,0.468,18.72,0.899963,0.89999
Noel,0000,0.185,1.967,0.900037,0.899985
Noel,0001,0.203,2.047,0.900034,0.900011
Noel,0002,0.407,2.229,0.9000549999999999,0.900031
Noel,0003,0.254,2.375,0.9000597499999999,0.900035
Noel,0004,0.309,2.831,0.900012,0.900018
Nordu1989,0000,0.033,0.071,0.89921875,0.89921875
Nordu1989,0001,0.034,0.049,0.89921875,0.89921875
Nordu1989,0002,0.033,0.089,0.899375,0.899375
Nordu1989,0003,0.034,0.068,0.89921875,0.89921875
Nordu1989,0004,0.034,0.05,0.89921875,0.89921875
Nordu1997,0000,0.058,0.303,0.899978,0.899978
Nordu1997,0001,0.06,0.284,0.899979,0.899979
Nordu1997,0002,0.082,0.275,0.899978,0.899978
Nordu1997,0003,0.058,0.277,0.899981,0.899981
Nordu1997,0004,0.058,0.275,0.899979,0.899979
Nordu2005,0000,0.043,0.084,0.9218342,0.9218342
Nordu2005,0001,0.04,0.105,1.3499996,1.3499996
Nordu2005,0002,0.044,0.084,1.3499997,1.3499997
Nordu2005,0003,0.04,0.103,1.0587268,1.0587268
Nordu2005,0004,0.046,0.082,0.9490053,0.9490053
Nordu2010,0000,0.065,0.417,0.8999799999999999,0.8999799999999999
Nordu2010,0001,0.065,0.496,0.899982,0.899982
Nordu2010,0002,0.069,0.384,0.8999809999999999,0.8999809999999999
Nordu2010,0003,0.066,0.419,0.899979,0.899979
Nordu2010,0004,0.066,0.403,0.899985,0.899985
Nsfcnet,0000,0.175,0.2,0.9000285,0.900076
Nsfcnet,0001,0.132,0.463,0.900074,0.900006
Nsfcnet,0002,0.051,0.091,0.899998,0.899998
Nsfcnet,0003,0.214,0.138,0.9000339999999999,0.900046
Nsfcnet,0004,0.1,0.128,0.900062,0.9000109999999999
Nsfnet,0000,0.153,0.551,0.8957253886010362,0.8957253886010362
Nsfnet,0001,1803.538,1803.987,0.8960492060822142,0.8960490685766549
Nsfnet,0002,0.795,1.877,0.8976683937823834,0.8976683937823834
Nsfnet,0003,1800.695,1806.581,0.9177460223668176,0.9177460636183051
Nsfnet,0004,0.172,0.594,0.8979922279792746,0.8979922279792746
Ntelos,0000,3.621,466.791,0.899852,0.899852
Ntelos,0001,3.63,676.199,0.899861,0.899861
Ntelos,0002,3.572,681.249,0.899862,0.899862
Ntelos,0003,3.76,783.52,0.899861,0.8998609999998735
Ntelos,0004,3.749,442.251,0.899861,0.899861
Ntt,0000,3.27,97.589,0.9568442043967503,0.9564767259302126
Ntt,0001,2.766,100.015,1.0189340599279835,1.0189340599279835
Ntt,0002,2.32,86.724,1.1290372620884774,1.1290372620884774
Ntt,0003,1.982,84.755,0.9610420936671412,0.9601129231605979
Ntt,0004,2.631,97.633,1.1559373392489711,1.1559373392489711
Oteglobe,0000,33.71,-,0.9016178333333332,-
Oteglobe,0001,40.556,-,0.900905,-
Oteglobe,0002,30.34,-,0.8997804166666665,-
Oteglobe,0003,30.522,-,0.8997471666666664,-
Oteglobe,0004,29.483,-,0.8997195,-
Oxford,0000,0.207,2.146,0.899999,0.900027
Oxford,0001,0.211,2.072,0.900022,0.900031
Oxford,0002,0.169,2.122,0.900012,0.89998
Oxford,0003,0.209,2.114,0.899983,0.900024
Oxford,0004,0.24,2.116,0.900009,0.900052
Pacificwave,0000,0.12,1.08,0.9000348,0.9000147
Pacificwave,0001,0.115,1.266,0.90003595,0.90006075
Pacificwave,0002,0.118,1.181,0.9000005999999999,0.90002825
Pacificwave,0003,0.246,1.231,0.9000202999999999,0.9000871
Pacificwave,0004,0.116,1.079,0.9000122,0.90004675
Packetexchange,0000,0.219,2.922,0.899956,0.899956
Packetexchange,0001,0.209,2.702,0.899955,0.899955
Packetexchange,0002,0.221,3.045,0.899951,0.899951
Packetexchange,0003,0.223,2.774,0.899955,0.899955
Packetexchange,0004,0.213,2.728,0.899952,0.899952
Padi,0000,0.035,0.063,0.89997,0.89997
Padi,0001,0.033,0.091,0.8994,0.8994
Padi,0002,0.033,0.084,0.8994,0.8994
Padi,0003,0.035,0.06,0.8994,0.8994
Padi,0004,0.033,0.091,0.8994,0.8994
Palmetto,0000,3.487,339.375,0.899966,0.899927
Palmetto,0001,3.083,346.938,0.899906,0.8999705
Palmetto,0002,3.41,360.256,0.8999225,0.899922
Palmetto,0003,3.064,646.23,0.899917,0.8999515
Palmetto,0004,3.805,617.362,0.8999478333333333,0.8999463333333334
Peer1,0000,0.21,1.082,0.899983,0.899983
Peer1,0001,0.132,0.945,0.899985,0.899985
Peer1,0002,0.219,1.138,0.900059375,0.899997875
Peer1,0003,1.172,2.041,0.900066,0.9000155
Peer1,0004,0.74,2.53,0.90008225,0.9000515
Pern,0000,25.429,-,0.898501,-
Pern,0001,23.55,-,0.898509,-
Pern,0002,24.924,-,0.898502,-
Pern,0003,25.047,-,0.898533,-
Pern,0004,25.097,-,0.898505,-
PionierL1,0000,1.032,34.527,0.89994875,0.90001125
PionierL1,0001,1.034,36.362,0.900007,0.90000675
PionierL1,0002,1.195,35.467,0.899954,0.8999385
PionierL1,0003,1.294,39.418,0.8999555,0.900012
PionierL1,0004,1.18,37.875,0.8999725,0.8999455
PionierL3,0000,1.832,55.344,0.9005745375,0.9003342375
PionierL3,0001,2.162,53.417,0.9001699,0.90006935
PionierL3,0002,1.441,52.417,0.900654075,0.9005248149999999
PionierL3,0003,2.063,70.19,0.9044009033333333,0.901579575
PionierL3,0004,1.75,52.231,0.9028580375,0.901377975
Psinet,0000,0.329,5.143,0.8992888888888889,0.8992333333333333
Psinet,0001,0.328,5.197,0.8992888888888889,0.8993
Psinet,0002,0.255,4.928,0.8991777777777777,0.8992
Psinet,0003,0.347,5.096,0.8992444444444444,0.8992888888888888
Psinet,0004,0.307,5.139,0.8992444444444444,0.8992555555555556
Quest,0000,0.514,7.505,0.900032875,0.90003
Quest,0001,0.73,21.168,0.900064,0.900064
Quest,0002,653.536,92.211,0.908068,0.90006425
Quest,0003,0.688,6.586,0.90001625,0.900032
Quest,0004,4.047,68.16,0.9000601666666667,0.90007325
RedBestel,0000,36.307,-,0.899536,-
RedBestel,0001,41.525,-,0.8996835,-
RedBestel,0002,38.464,-,0.899532,-
RedBestel,0003,41.799,-,0.899529,-
RedBestel,0004,38.718,-,0.899538,-
Rediris,0000,0.339,3.243,0.9046372,0.900044
Rediris,0001,0.33,1.911,0.9093752999999999,0.9000484
Rediris,0002,0.327,3.219,0.908726,0.900084
Rediris,0003,0.337,2.152,0.9337342,0.9000677
Rediris,0004,0.234,3.016,0.9751766,0.900072347266881
Renam,0000,0.029,0.034,0.89975,0.89975
Renam,0001,0.029,0.033,0.899875,0.899875
Renam,0002,0.03,0.048,0.89875,0.89875
Renam,0003,0.042,0.062,0.899899033607385,0.899899033607385
Renam,0004,0.029,0.032,0.89875,0.89875
Renater1999,0000,0.162,3.18,0.8996387096774193,0.8996387096774193
Renater1999,0001,0.165,3.12,0.8996645161290323,0.8996645161290323
Renater1999,0002,0.171,3.277,0.8996580645161291,0.8996580645161291
Renater1999,0003,0.163,3.315,0.8996451612903226,0.8996451612903226
Renater1999,0004,0.16,3.13,0.8996580645161291,0.8996580645161291
Renater2001,0000,0.204,3.192,0.956941935483871,0.899916129032258
Renater2001,0001,0.188,3.06,1.1750258064516128,0.899975
Renater2001,0002,0.195,3.159,0.947541935483871,0.8998322580645162
Renater2001,0003,0.177,3.137,0.899832258064516,0.8998322580645162
Renater2001,0004,0.196,3.14,0.8999032258064517,0.8999096774193548
Renater2004,0000,1.049,10.821,0.9512056,0.9001224
Renater2004,0001,1.367,12.419,0.9271701999999999,0.9001556
Renater2004,0002,0.681,12.496,0.9076848,0.9002792
Renater2004,0003,3.594,15.846,0.9042082,0.9000712000000001
Renater2004,0004,0.617,11.678,0.9000653000000001,0.9000353
Renater2006,0000,0.808,23.741,0.9000205,0.9000258
Renater2006,0001,1.353,20.127,0.9000354,0.9000148
Renater2006,0002,2.071,35.046,0.9000575999999999,0.9000598
Renater2006,0003,0.891,21.658,0.900038,0.9000435999999999
Renater2006,0004,1.063,20.934,0.9000716,0.9000492
Renater2008,0000,1.113,23.766,0.9000454,0.9000455999999999
Renater2008,0001,1.321,22.769,0.9000742,0.900056
Renater2008,0002,1.125,27.076,0.9000433,0.9000702999999999
Renater2008,0003,0.796,20.713,0.9000344,0.9000114
Renater2008,0004,1.14,25.159,0.9000052,0.9000564
Renater2010,0000,3.023,295.838,0.8996940860215052,0.8996577956989246
Renater2010,0001,2.837,425.962,0.8996983870967739,0.8996997311827954
Renater2010,0002,3.067,347.361,0.8996962365591399,0.899720698924731
Renater2010,0003,4.212,463.903,0.899675,0.8996983870967743
Renater2010,0004,2.62,450.094,0.8996889784946235,0.8996822580645161
Restena,0000,0.142,1.457,0.9663823,0.9000384
Restena,0001,0.12,1.254,0.9543425,0.9000921
Restena,0002,0.125,1.462,0.951228,0.9000537
Restena,0003,0.127,1.295,0.9416971999999999,0.9000541
Restena,0004,0.141,1.446,0.9401589,0.900064
Reuna,0000,0.561,27.298,0.8993707317073171,0.8993707317073171
Reuna,0001,0.629,27.186,0.8993853658536586,0.8993853658536586
Reuna,0002,0.643,27.21,0.899380487804878,0.899380487804878
Reuna,0003,0.575,26.802,0.8994750830564784,0.8994750830564784
Reuna,0004,0.67,26.988,0.8993756097560975,0.8993756097560975
Rhnet,0000,0.111,0.757,0.899974,0.899974
Rhnet,0001,0.116,0.778,0.899981,0.899981
Rhnet,0002,0.12,0.698,0.899979,0.899979
Rhnet,0003,0.115,0.685,0.899976,0.899976
Rhnet,0004,0.108,0.8,0.899982,0.899982
Rnp,0000,0.455,13.525,0.8999904,0.8999904
Rnp,0001,0.451,13.723,0.8999746666666667,0.8999746666666667
Rnp,0002,0.438,13.937,0.899975,0.899975
Rnp,0003,0.46,13.587,0.8999915,0.8999915
Rnp,0004,0.48,13.893,0.8999743333333333,0.8999743333333333
Roedunet,0000,0.678,38.749,1.0959012824294523,1.0959012824294523
Roedunet,0001,0.674,39.333,1.2592721193415637,1.2592721193415637
Roedunet,0002,0.745,38.931,1.2593171296296297,1.2593171296296295
Roedunet,0003,0.655,36.675,1.2594071502057613,1.2594071502057613
Roedunet,0004,0.704,40.799,1.1738302923040187,1.1738302923040187
RoedunetFibre,0000,2.209,473.305,0.899786,0.899786
RoedunetFibre,0001,2.215,477.848,0.899795,0.899795
RoedunetFibre,0002,2.225,483.257,0.899788,0.899788
RoedunetFibre,0003,2.087,463.084,0.8998,0.8998
RoedunetFibre,0004,2.229,489.728,0.899794,0.899794
Sago,0000,0.115,1.356,0.899956,0.899956
Sago,0001,0.114,1.33,0.899956,0.899956
Sago,0002,0.113,1.408,0.899957,0.899957
Sago,0003,0.112,1.376,0.899965,0.899965
Sago,0004,0.113,1.397,0.89996,0.89996
Sanet,0000,1.677,101.871,0.90015325,0.90013925
Sanet,0001,1.727,100.733,0.9000982,0.9001036
Sanet,0002,1.726,99.775,0.90002205,0.90005265
Sanet,0003,1.77,103.079,0.9001073,0.90024965
Sanet,0004,1.675,101.971,0.90001195,0.90013235
Sanren,0000,0.093,0.17,0.90248,0.90248
Sanren,0001,0.042,0.092,0.9571069999999999,0.9571069999999999
Sanren,0002,0.089,0.169,0.90986,0.90986
Sanren,0003,0.09,0.149,0.9008349999999999,0.900835
Sanren,0004,0.099,0.132,0.921459,0.921459
Savvis,0000,0.215,1.671,0.8996444444444445,0.8995777777777778
Savvis,0001,0.165,1.653,0.8995888888888889,0.8995777777777774
Savvis,0002,0.183,1.563,0.8995555555555556,0.8995777777777778
Savvis,0003,0.195,1.656,0.8995333333333333,0.8995333333333334
Savvis,0004,0.19,1.717,0.8994666666666666,0.8995333333333334
Shentel,0000,0.496,12.512,0.899942,0.899942
Shentel,0001,0.465,12.289,0.899936,0.899936
Shentel,0002,0.47,12.777,0.899931,0.899931
Shentel,0003,0.629,13.053,0.899931,0.899931
Shentel,0004,0.426,13.303,0.899937,0.899937
Sinet,0000,5.702,2046.221,0.906354275,3.087784767150879
Sinet,0001,5.681,2023.591,0.9050377375,2.777743075
Sinet,0002,5.594,-,0.901425075,-
Sinet,0003,5.389,-,0.9129856999999999,-
Sinet,0004,5.451,2054.448,0.90080740625,2.715749979019165
Singaren,0000,0.048,0.229,0.899993,0.899993
Singaren,0001,0.046,0.163,0.899995,0.899995
Singaren,0002,0.078,0.154,0.899995,0.899995
Singaren,0003,0.081,0.183,0.899994,0.899994
Singaren,0004,0.067,0.238,0.899995,0.899995
Spiralight,0000,0.155,0.658,0.9000515,0.9000215
Spiralight,0001,0.372,0.718,0.9000755,0.899994
Spiralight,0002,0.143,0.716,0.900021,0.899993
Spiralight,0003,0.308,1.143,0.900019,0.9000085
Spiralight,0004,0.538,0.643,0.900053,0.9000045
Sprint,0000,0.176,0.816,0.8999333333333334,0.8999222222222222
Sprint,0001,23.21,52.868,0.8999814814814814,0.9000148148148149
Sprint,0002,4.025,4.728,0.8999111111111111,0.8999222222222222
Sprint,0003,48.237,302.785,0.9,0.8999814814814816
Sprint,0004,0.227,1.379,0.9659777777777778,0.9659777777777778
Sunet,0000,0.609,13.587,0.899976,0.9000235
Sunet,0001,0.511,13.224,0.900006,0.900008
Sunet,0002,0.504,13.319,0.8999745,0.8999745
Sunet,0003,0.639,13.154,0.900058,0.90002
Sunet,0004,0.606,13.482,0.9000115,0.899995
Surfnet,0000,5.019,1317.147,0.899951,0.9000075
Surfnet,0001,4.784,682.822,0.8999135,0.899911
Surfnet,0002,4.377,721.13,0.89999275,0.899966
Surfnet,0003,5.5,915.115,0.8999425,0.8999720833333332
Surfnet,0004,6.232,1146.175,0.899959,0.900038
Switch,0000,17.173,-,0.8999374,-
Switch,0001,17.007,-,0.8999894,-
Switch,0002,18.103,-,0.8999682,-
Switch,0003,16.6,-,0.89998865,-
Switch,0004,16.808,-,0.8999660666666667,-
SwitchL3,0000,1.281,270.932,0.9385959999999999,0.900062
SwitchL3,0001,1.449,269.654,0.9594171,0.900041
SwitchL3,0002,1.335,402.714,0.9711219,0.900074
SwitchL3,0003,1.333,428.816,0.9701601,0.9000657
SwitchL3,0004,1.375,290.535,0.9418447,0.9000083
Syringa,0000,11.183,-,0.899694,-
Syringa,0001,11.36,-,0.899588,-
Syringa,0002,11.338,-,0.8995919999999997,-
Syringa,0003,11.458,-,0.899568,-
Syringa,0004,11.388,-,0.899564,-
TataNld,0000,569.032,-,0.8994443541666655,-
TataNld,0001,424.84,-,0.89941925,-
TataNld,0002,561.376,-,0.8995005833333328,-
TataNld,0003,390.285,-,0.8994293333333331,-
TataNld,0004,569.377,-,0.899513479166666,-
Telcove,0000,3.097,546.967,0.89935,0.89935
Telcove,0001,3.142,517.714,0.899364,0.899364
Telcove,0002,3.201,506.168,0.899391,0.899391
Telcove,0003,2.941,521.635,0.899365,0.899365
Telcove,0004,3.005,536.469,0.899382,0.899382
Telecomserbia,0000,0.119,0.12,0.9026742,0.9026741999999994
Telecomserbia,0001,0.115,0.25,0.900098,0.900098
Telecomserbia,0002,0.087,0.131,0.9016348,0.9016348000000001
Telecomserbia,0003,0.102,0.193,0.9151986,0.9151986
Telecomserbia,0004,0.103,0.156,0.9027136,0.9027136
Tinet,0000,7.413,701.885,0.8998803645833333,0.899883625
Tinet,0001,9.755,748.414,0.8999006874999999,0.8998814583333333
Tinet,0002,9.703,746.883,0.8999286875000001,0.89990959375
Tinet,0003,7.571,737.166,0.8998405,0.8998549166666667
Tinet,0004,7.677,794.789,0.899841,0.8999198888888887
TLex,0000,0.072,0.223,1.4800004300819942,1.4800004300819942
TLex,0001,0.063,0.254,1.554011635232317,1.554011635232317
TLex,0002,0.065,0.395,1.0136558605032078,1.013655860503208
TLex,0003,0.066,0.411,1.013117652261141,1.0130711610033145
TLex,0004,0.075,0.437,1.0131323416813662,1.0131299186842155
Tw,0000,45.505,1986.407,0.9140061666666666,5.383611375000001
Tw,0001,32.969,2038.9,0.9086625,5.472728490829468
Tw,0002,42.585,2039.801,0.9121605,5.61475396156311
Tw,0003,31.751,2039.723,0.9331005833333332,5.2737743854522705
Tw,0004,36.706,2037.965,0.9071454999999999,5.3444294929504395
Twaren,0000,0.156,1.63,0.8999905,0.8999805
Twaren,0001,0.155,1.591,0.9000305,0.899977
Twaren,0002,0.153,1.622,0.9000565,0.8999759999999997
Twaren,0003,0.278,1.761,0.9000225,0.9000255
Twaren,0004,0.155,1.625,0.8999945,0.9000445
Ulaknet,0000,4.07,1183.457,0.89985,0.89985
Ulaknet,0001,4.051,1153.353,0.899832,0.899832
Ulaknet,0002,4.003,1318.402,0.899846,0.899846
Ulaknet,0003,4.197,1334.191,0.9538447,0.9538447
Ulaknet,0004,4.159,1257.173,0.899844,0.899844
UniC,0000,0.305,6.691,0.899962,0.899962
UniC,0001,0.337,6.756,0.9000019999999996,0.8999769999999999
UniC,0002,0.362,6.783,0.8999625,0.8999625
UniC,0003,0.334,6.511,0.9000349999999999,0.899976
UniC,0004,0.297,6.575,0.899962,0.899962
Uninet,0000,0.165,0.523,0.9000248333333334,0.9000123888888888
Uninet,0001,0.133,0.588,0.900007611111111,0.9000310555555553
Uninet,0002,3.571,0.819,0.9000323333333332,0.9000298333333333
Uninet,0003,0.125,0.527,0.9000194999999999,0.9000405
Uninet,0004,1.352,0.962,0.9000438333333333,0.9000853333333332
Uninett2010,0000,9.472,2089.278,0.899835,4.485734939575195
Uninett2010,0001,9.521,2026.226,0.899832,4.4596471666666675
Uninett2010,0002,10.219,2030.864,0.9000165,4.586785
Uninett2010,0003,9.549,2019.858,0.899827,5.020132
Uninett2010,0004,13.414,2018.071,0.8999733666666666,6.793272
Uninett2011,0000,7.171,1964.299,0.899902,6.960261999999998
Uninett2011,0001,8.188,2017.818,0.899913,7.928191900253296
Uninett2011,0002,8.106,1980.019,0.899908,7.0219395
Uninett2011,0003,10.412,1999.449,0.900972,9.617193460464478
Uninett2011,0004,9.521,2013.236,0.901318,9.3989839553833
Uran,0000,0.187,3.598,1.252659,0.90006
Uran,0001,0.173,3.473,1.201474,0.899993
Uran,0002,0.171,3.601,1.237587,0.900062
Uran,0003,0.179,3.513,0.899945,0.899945
Uran,0004,0.176,3.63,1.236725,0.899992
UsCarrier,0000,326.577,-,0.8986005,-
UsCarrier,0001,338.573,-,0.8985925,-
UsCarrier,0002,313.291,-,0.89859,-
UsCarrier,0003,321.188,-,0.898622,-
UsCarrier,0004,348.596,-,0.8986508333333334,-
UsSignal,0000,12.288,1933.708,0.8999334166666666,4.547323458333333
UsSignal,0001,12.175,1946.617,0.899897875,4.866747833333333
UsSignal,0002,14.253,1934.566,0.89992325,4.315730416666667
UsSignal,0003,16.174,1970.685,0.8999370625000002,4.395406484603882
UsSignal,0004,12.186,1966.643,0.8999062499999999,4.7453529834747314
Uunet,0000,5.726,735.271,0.8986933333333332,0.89865
Uunet,0001,6.962,527.617,0.898671111111111,0.8986859259259259
Uunet,0002,6.45,1301.957,0.8986777777777778,0.8986802469135802
Uunet,0003,8.707,1233.144,0.8989018518518518,0.8989333333333331
Uunet,0004,5.34,904.735,0.8986925925925925,0.8986333333333332
Vinaren,0000,0.191,3.819,0.8994774193548387,0.8994774193548387
Vinaren,0001,0.176,3.785,0.8995290322580646,0.8995290322580646
Vinaren,0002,0.188,4.044,0.8995032258064517,0.8995032258064515
Vinaren,0003,0.18,3.88,0.8994903225806452,0.8994903225806452
Vinaren,0004,0.176,3.767,0.899541935483871,0.899541935483871
VisionNet,0000,0.2,4.915,0.899945,0.899945
VisionNet,0001,0.202,4.937,0.899937,0.899937
VisionNet,0002,0.208,5.035,0.899939,0.899939
VisionNet,0003,0.211,4.927,0.899932,0.899932
VisionNet,0004,0.21,4.964,0.89994,0.89994
VtlWavenet2008,0000,43.735,-,0.8995555,-
VtlWavenet2008,0001,42.857,-,0.89962025,-
VtlWavenet2008,0002,41.052,-,0.8996109999999999,-
VtlWavenet2008,0003,62.496,-,0.89955025,-
VtlWavenet2008,0004,42.723,-,0.899547,-
VtlWavenet2011,0000,48.408,-,0.89955875,-
VtlWavenet2011,0001,47.211,-,0.8994905,-
VtlWavenet2011,0002,50.391,-,0.899546,-
VtlWavenet2011,0003,47.804,-,0.899569,-
VtlWavenet2011,0004,51.845,-,0.89958125,-
WideJpn,0000,0.301,8.636,0.9899885,0.9899885
WideJpn,0001,0.287,8.537,0.899949,0.899949
WideJpn,0002,0.284,8.526,0.9899915,0.9899915000000001
WideJpn,0003,0.297,8.512,0.899945,0.899945
WideJpn,0004,0.282,8.307,0.989989,0.989989
Xeex,0000,0.645,10.904,0.899999,0.9000735
Xeex,0001,8.543,22.082,0.935223,0.900061
Xeex,0002,1.376,12.216,0.900074,0.90004375
Xeex,0003,4.583,12.035,0.92552,0.90006825
Xeex,0004,1.708,12.745,0.93542525,0.90006625
Xspedius,0000,2.533,45.122,0.9000285,0.9000219999999999
Xspedius,0001,2.598,42.334,0.899979,0.900027
Xspedius,0002,1.366,41.782,0.9000015,0.9000471666666666
Xspedius,0003,1.248,43.07,0.900046875,0.9000081666666667
Xspedius,0004,2.578,47.115,0.90004025,0.900052125
York,0000,0.244,4.138,0.900035,0.9000029999999998
York,0001,0.233,4.085,0.8999915,0.900016
York,0002,0.294,4.327,0.899999,0.900039
York,0003,0.284,4.198,0.8999865,0.900002
York,0004,0.282,4.196,0.8999935,0.899996
Zamren,0000,0.493,22.13,0.89855,0.89855
Zamren,0001,0.5,22.781,0.89854,0.89854
Zamren,0002,0.51,22.908,0.89852,0.89852
Zamren,0003,0.494,22.551,0.89848,0.89848
Zamren,0004,0.545,22.103,0.89863,0.89863
