Topology,DemandFile,2-SR_SolveTime,2-SR_umax
Aarnet,0000,0.13828446,0.9432922
Aarnet,0001,0.092314563,0.9335895
Aarnet,0002,0.271701538,0.9634367
Aarnet,0003,0.264428674,0.9720654
Aarnet,0004,0.119524987,1.1249961
Abilene,0000,0.281055834,0.9000321753231095
Abilene,0001,0.275081502,0.9000570917325746
Abilene,0002,0.177418921,0.9000452614615484
Abilene,0003,0.116414115,0.9000792703510803
Abilene,0004,0.176950714,0.900012106561857
Abvt,0000,0.284567401,0.9000326666666666
Abvt,0001,0.368182427,0.9000128333333334
Abvt,0002,0.243252198,0.9000381666666666
Abvt,0003,0.316929286,0.9000243333333334
Abvt,0004,0.389928484,0.9000335
Aconet,0000,0.443636573,0.9000591698113207
Aconet,0001,0.322321407,0.8999971320754717
Aconet,0002,0.400673673,0.9000374339622641
Aconet,0003,0.351531265,0.9000732830188679
Aconet,0004,0.401547663,0.9000187169811321
Agis,0000,0.841856894,0.8997903225806452
Agis,0001,2.993776088,0.8998032258064517
Agis,0002,0.854058015,0.8997677419354839
Agis,0003,1.248161181,0.8998
Agis,0004,1.723981591,0.8997935483870968
Ai3,0000,0.039531232,0.899993
Ai3,0001,0.039239214,0.899994
Ai3,0002,0.040893596,0.899992
Ai3,0003,0.041337298,0.899993
Ai3,0004,0.039314371,0.899991
Airtel,0000,0.543609517,0.9000175
Airtel,0001,1.730567687,0.9000133999999999
Airtel,0002,0.566368978,0.8999930000000002
Airtel,0003,5.596075467,0.9000373333333334
Airtel,0004,0.502423128,0.9000835000000001
Amres,0000,0.171063926,0.899929
Amres,0001,0.166809903,0.899926
Amres,0002,0.186686936,0.899926
Amres,0003,0.169720302,0.899926
Amres,0004,0.19566707,0.899943
Ans,0000,0.441652226,0.8997111111111111
Ans,0001,6.805554146,0.8999
Ans,0002,1.392854901,0.8997333333333334
Ans,0003,1.206134543,0.8997222222222222
Ans,0004,1.446941205,0.8997
Arn,0000,0.225818313,0.8964583333333334
Arn,0001,0.226971763,0.89675
Arn,0002,0.229074801,0.8967916666666667
Arn,0003,0.223463727,0.8964583333333334
Arn,0004,0.213929137,0.8967916666666667
Arnes,0000,1.425016003,0.9025455
Arnes,0001,1.452961962,0.905294
Arnes,0002,1.662628435,0.9007095
Arnes,0003,1.728619346,0.90324975
Arnes,0004,1.492890575,0.904470125
Arpanet196912,0000,0.031086481,0.962446
Arpanet196912,0001,0.031191196,1.132629
Arpanet196912,0002,0.031795419,0.923963
Arpanet196912,0003,0.031663302,0.961027
Arpanet196912,0004,0.032882847,1.208269
Arpanet19706,0000,0.060473823,0.899989
Arpanet19706,0001,0.036441766,0.899991
Arpanet19706,0002,0.045624039,0.899989
Arpanet19706,0003,0.035267458,0.899991
Arpanet19706,0004,0.035591591,0.899991
Arpanet19719,0000,0.253354341,0.90000825
Arpanet19719,0001,0.199941421,0.899991
Arpanet19719,0002,0.318280542,0.9000645
Arpanet19719,0003,0.253137966,0.9000075
Arpanet19719,0004,0.20473317,0.900008
Arpanet19723,0000,0.521470903,0.900001
Arpanet19723,0001,0.494305671,0.8999855
Arpanet19723,0002,0.516283085,0.900035
Arpanet19723,0003,0.526591021,0.900016
Arpanet19723,0004,0.734226602,0.90001275
Arpanet19728,0000,1.646337593,0.90002725
Arpanet19728,0001,1.680297376,0.899979
Arpanet19728,0002,3.130831446,0.90001325
Arpanet19728,0003,2.520320166,0.900022
Arpanet19728,0004,2.061006339,0.9000215
AsnetAm,0000,3.93594563,0.899725
AsnetAm,0001,3.326367843,0.899732
AsnetAm,0002,7.119878901,0.899717
AsnetAm,0003,4.320353097,0.899718
AsnetAm,0004,6.542043287,0.899908
Atmnet,0000,0.186902748,0.8998516129032258
Atmnet,0001,0.486309255,0.8999
Atmnet,0002,0.475794849,0.8998677419354839
Atmnet,0003,0.346728723,0.8998516129032258
Atmnet,0004,0.592937365,0.8998903225806452
AttMpls,0000,1296.314093012,0.900076861111111
AttMpls,0001,1801.129701703,0.90010975
AttMpls,0002,13.960096098,0.9000202833333333
AttMpls,0003,9.061447807,0.9000507499999999
AttMpls,0004,13.322483173,0.9000483333333332
Azrena,0000,0.130521222,0.89996
Azrena,0001,0.13859533,0.899949
Azrena,0002,0.133536603,0.899956
Azrena,0003,0.127112326,0.899946
Azrena,0004,0.12731144,0.899962
Bandcon,0000,0.374268585,0.900057
Bandcon,0001,0.349452177,0.8999953333333333
Bandcon,0002,0.31905459,0.899976
Bandcon,0003,0.648520367,0.900009
Bandcon,0004,0.353338681,0.90006
Basnet,0000,0.032337768,0.8997419354838709
Basnet,0001,0.032319022,0.8996129032258064
Basnet,0002,0.032268061,0.8996129032258064
Basnet,0003,0.031917276,0.8996129032258064
Basnet,0004,0.032454697,0.8997419354838709
Bbnplanet,0000,0.402738012,0.8991333333333333
Bbnplanet,0001,0.535247013,0.8991222222222223
Bbnplanet,0002,0.505288747,0.8990777777777778
Bbnplanet,0003,0.46493544,0.8990111111111111
Bbnplanet,0004,0.64719721,0.8990333333333334
Bellcanada,0000,15.255099469,0.899957
Bellcanada,0001,11.690210176,0.899886
Bellcanada,0002,28.28030884,0.8998835
Bellcanada,0003,19.335594586,0.89991
Bellcanada,0004,7.058961035,0.8999565
Bellsouth,0000,2.743301258,0.899881
Bellsouth,0001,2.743303152,0.899906
Bellsouth,0002,1.874125698,0.899886
Bellsouth,0003,2.226965293,0.899881
Bellsouth,0004,2.802062858,0.8999275
Belnet2003,0000,8.870478187,2.0544396666666667
Belnet2003,0001,1.068759449,4.797262
Belnet2003,0002,13.792015162,2.517917
Belnet2003,0003,0.387775148,0.89999
Belnet2003,0004,21.047106977,2.41846
Belnet2004,0000,3.209571859,2.644662
Belnet2004,0001,2.190257408,1.1139294
Belnet2004,0002,13.657481436,2.0691312
Belnet2004,0003,22.934427991,1.8017483333333333
Belnet2004,0004,13.033021449,1.9748036666666668
Belnet2005,0000,5.611382354,1.11507192
Belnet2005,0001,0.56322477,0.900032
Belnet2005,0002,2.130087916,0.9000592
Belnet2005,0003,1.111944709,0.921447
Belnet2005,0004,1.585596,1.3781444
Belnet2006,0000,9.597465898,1.071694
Belnet2006,0001,1.069152102,3.5466366666666667
Belnet2006,0002,8.857492403,1.1322915
Belnet2006,0003,11.135159423,1.1730283333333333
Belnet2006,0004,1.084818773,0.9000858
Belnet2007,0000,0.214945581,0.8999947333333332
Belnet2007,0001,0.346481771,0.9000256666666667
Belnet2007,0002,0.359595513,0.900061
Belnet2007,0003,0.284758699,0.900064
Belnet2007,0004,0.357920516,0.900049
Belnet2008,0000,0.278261458,0.8999873333333333
Belnet2008,0001,0.396085837,0.9000280000000002
Belnet2008,0002,0.400590593,0.90005
Belnet2008,0003,0.376092665,0.9000366
Belnet2008,0004,0.473524602,0.899998
Belnet2009,0000,0.299896406,0.9
Belnet2009,0001,0.498201573,0.899988
Belnet2009,0002,0.376695431,0.899993
Belnet2009,0003,0.376637981,0.900062
Belnet2009,0004,0.242033138,0.9000583333333334
Belnet2010,0000,0.550885952,0.9000109333333334
Belnet2010,0001,0.582867538,0.9000193333333334
Belnet2010,0002,0.50434791,0.900006
Belnet2010,0003,0.60511441,0.899983
Belnet2010,0004,0.404298614,0.900056
BeyondTheNetwork,0000,10.968496247,0.899962
BeyondTheNetwork,0001,8.584283687,0.8999646666666666
BeyondTheNetwork,0002,11.135596849,0.8999955
BeyondTheNetwork,0003,53.295428721,0.89995125
BeyondTheNetwork,0004,7.672756164,0.8999796666666667
Bics,0000,2.70496056,0.8999818333333333
Bics,0001,1.812633121,0.899998
Bics,0002,2.369413193,0.9000230833333334
Bics,0003,2.742963781,0.9000026666666666
Bics,0004,1.774639794,0.9000355
Biznet,0000,1.417933264,0.89998
Biznet,0001,1.309230936,0.900021
Biznet,0002,1.140291963,0.9000225
Biznet,0003,1.697060841,0.900003
Biznet,0004,1.307590694,0.899972
Bren,0000,1.570537579,0.899938202247191
Bren,0001,1.953054191,0.8999073033707865
Bren,0002,1.58941703,0.8999719101123596
Bren,0003,1.320741897,0.8999775280898876
Bren,0004,2.061285694,0.899966
BsonetEurope,0000,0.538233422,0.9000718333333333
BsonetEurope,0001,2.115938971,0.9000701666666667
BsonetEurope,0002,0.287222443,0.9000453333333334
BsonetEurope,0003,0.452969086,0.9000133333333333
BsonetEurope,0004,0.837256853,0.90002075
BtAsiaPac,0000,11.528839186,0.9004351666666667
BtAsiaPac,0001,2.927194791,0.9000824999999999
BtAsiaPac,0002,12.057357013,0.900065
BtAsiaPac,0003,3.996544357,0.900072
BtAsiaPac,0004,1.628724964,0.900075
BtEurope,0000,1.807138463,0.8999935
BtEurope,0001,1.580321599,0.900071
BtEurope,0002,3.09435636,0.9000085
BtEurope,0003,0.752930873,0.9000345
BtEurope,0004,2.018526301,1.131795
BtLatinAmerica,0000,1.019054673,0.899748
BtLatinAmerica,0001,1.196995784,0.899738
BtLatinAmerica,0002,0.930034158,0.899758
BtLatinAmerica,0003,1.120240596,0.899746
BtLatinAmerica,0004,0.93543339,0.89975
BtNorthAmerica,0000,130.034579935,0.9000637361111111
BtNorthAmerica,0001,60.583040703,0.9000703333333334
BtNorthAmerica,0002,61.329661339,0.9058919166666666
BtNorthAmerica,0003,1665.847803007,0.9000590708333333
BtNorthAmerica,0004,25.351957515,0.9000465
Canerie,0000,1.026294589,0.900004
Canerie,0001,0.59429676,0.899958
Canerie,0002,1.192930761,0.899982
Canerie,0003,0.928476971,0.899998
Canerie,0004,1.22323153,0.899995
Carnet,0000,0.655037383,0.899842
Carnet,0001,0.604775576,0.899832
Carnet,0002,0.681702043,0.899832
Carnet,0003,0.657918807,0.899839
Carnet,0004,0.69438313,0.899834
Cernet,0000,3.694556109,0.9566365640100839
Cernet,0001,3.067677591,1.0418408287084282
Cernet,0002,2.259294791,1.0376085163490976
Cernet,0003,2.886690831,0.9492432
Cernet,0004,3.058293594,0.9283629001067106
Cesnet1993,0000,0.040946464,0.8981666666666667
Cesnet1993,0001,0.040225684,0.8975
Cesnet1993,0002,0.041576235,0.8975
Cesnet1993,0003,0.040838197,0.8975
Cesnet1993,0004,0.040781567,0.8985
Cesnet1997,0000,0.052939988,0.8994705882352941
Cesnet1997,0001,0.052018975,0.8995
Cesnet1997,0002,0.052003342,0.8994705882352941
Cesnet1997,0003,0.05416851,0.8993529411764706
Cesnet1997,0004,0.052030954,0.8993823529411765
Cesnet1999,0000,0.054029929,0.8998774193548387
Cesnet1999,0001,0.050535186,0.8998529411764706
Cesnet1999,0002,0.051719086,0.89925
Cesnet1999,0003,0.052810445,0.8992258064516129
Cesnet1999,0004,0.053860486,0.8998529411764706
Cesnet2001,0000,0.1449233,1.058107012680759
Cesnet2001,0001,0.149093724,1.058107012680759
Cesnet2001,0002,0.139970079,1.0581092801387684
Cesnet2001,0003,0.136539067,1.0581002103067303
Cesnet2001,0004,0.13590641,1.058107012680759
Cesnet200304,0000,1.621952384,0.900063
Cesnet200304,0001,1.088260893,0.8999583333333333
Cesnet200304,0002,1.160893784,0.900038
Cesnet200304,0003,1.143218176,0.900056
Cesnet200304,0004,1.159981249,0.8999533333333334
Cesnet200511,0000,1.794721064,0.9000446
Cesnet200511,0001,2.249406301,0.9000224
Cesnet200511,0002,3.436309024,0.9000015
Cesnet200511,0003,2.85624938,0.9000578
Cesnet200511,0004,2.528308619,0.9000306970646007
Cesnet200603,0000,2.2179482,0.9000072
Cesnet200603,0001,2.669997811,0.899922
Cesnet200603,0002,2.142719579,0.9000218
Cesnet200603,0003,2.364737771,0.9000397433508288
Cesnet200603,0004,2.260187977,0.8999903
Cesnet200706,0000,3.599110889,0.8999860207390297
Cesnet200706,0001,2.417258983,0.900002
Cesnet200706,0002,3.069825525,0.9000224
Cesnet200706,0003,3.811599451,0.9000258212870341
Cesnet200706,0004,3.143289032,0.9000144
Cesnet201006,0000,3.789451366,0.8999906894725408
Cesnet201006,0001,4.192436747,0.8999713561368332
Cesnet201006,0002,7.415546871,0.900027702634981
Cesnet201006,0003,6.251327067,0.8999928941511742
Cesnet201006,0004,4.013231009,0.8999566017490563
Chinanet,0000,14.574469627,0.900019375
Chinanet,0001,1054.851171936,1.0084203333333335
Chinanet,0002,36.356944245,0.8999895
Chinanet,0003,23.463526918,0.9000615
Chinanet,0004,117.041172666,0.95462775
Claranet,0000,0.407244429,0.900058
Claranet,0001,0.246487432,0.9000405
Claranet,0002,0.220866625,0.9000425
Claranet,0003,0.413277981,0.900046
Claranet,0004,0.179026006,0.900019
Cogentco,0000,1818.797310404,1.6349348958333332
Cogentco,0001,1819.75344093,1.701552875
Cogentco,0002,1819.173015103,1.73250228125
Cogentco,0003,1819.864061932,1.7316863125
Cogentco,0004,1819.025666506,1.5546565
Colt,0000,279.452730943,0.898647
Colt,0001,966.381443261,0.8986426666666667
Colt,0002,953.661409305,0.898828
Colt,0003,623.958258463,0.89866525
Colt,0004,449.691583869,0.8986765
Columbus,0000,51.741938384,0.8997413333333334
Columbus,0001,26.778972747,0.899769
Columbus,0002,106.24789893,0.899735
Columbus,0003,72.267355636,0.899746
Columbus,0004,149.638067273,0.8997755833333334
Compuserve,0000,0.360445569,0.8999277777777778
Compuserve,0001,25.411780734,0.8999111111111111
Compuserve,0002,1803.436820611,0.9000888888888889
Compuserve,0003,3.767394541,0.8998888888888888
Compuserve,0004,1.154194417,0.8998666666666667
CrlNetworkServices,0000,2.057077893,0.8991777777777777
CrlNetworkServices,0001,2.180208297,0.8986777777777778
CrlNetworkServices,0002,1.693645002,0.8986444444444445
CrlNetworkServices,0003,1.505041563,0.8986666666666666
CrlNetworkServices,0004,1.512014015,0.8986888888888889
Cudi,0000,1.337977223,0.8998870833333333
Cudi,0001,1.292870411,0.8999529166666667
Cudi,0002,1.240027074,0.8998883333333333
Cudi,0003,1.741496505,0.8998845833333333
Cudi,0004,1.036690314,0.8998883333333333
Cwix,0000,2.054518872,0.8988185185185186
Cwix,0001,2.505215967,0.8989444444444444
Cwix,0002,1.507684364,0.8989185185185185
Cwix,0003,2.013436852,0.8988555555555555
Cwix,0004,1.353202069,0.8989333333333334
Cynet,0000,0.244138567,0.8994971804511278
Cynet,0001,0.253548556,0.8994501879699248
Cynet,0002,0.241121956,0.8994736842105263
Cynet,0003,0.248627226,0.8995112781954887
Cynet,0004,0.2424435,0.8994736842105263
Darkstrand,0000,0.890368343,0.899999
Darkstrand,0001,0.86146682,0.89999875
Darkstrand,0002,0.577275458,0.900028
Darkstrand,0003,0.862417622,0.89998
Darkstrand,0004,0.76871048,0.89999675
Dataxchange,0000,0.047445563,1.0392666666666666
Dataxchange,0001,0.046551502,1.0802222222222222
Dataxchange,0002,0.064877741,1.2024
Dataxchange,0003,0.041248896,0.8999333333333334
Dataxchange,0004,0.041847525,1.432511111111111
Deltacom,0000,580.57017841,0.8996523736111111
Deltacom,0001,1083.236209261,0.8997158249999999
Deltacom,0002,597.086538066,0.8996205
Deltacom,0003,741.141776167,0.89969475
Deltacom,0004,922.728708289,0.8997179166666667
DeutscheTelekom,0000,1.635612903,0.900032
DeutscheTelekom,0001,1.022424958,0.899957
DeutscheTelekom,0002,0.488479939,0.899957
DeutscheTelekom,0003,1.574958925,0.900009
DeutscheTelekom,0004,1.433975757,0.89996
Dfn,0000,70.236718512,0.900042125
Dfn,0001,1172.989619082,0.90013475
Dfn,0002,274.505254261,0.90569
Dfn,0003,91.643150384,0.900027
Dfn,0004,422.327460743,0.904334625
DialtelecomCz,0000,1311.144251282,0.899297
DialtelecomCz,0001,1807.195678241,1.54252475
DialtelecomCz,0002,1630.587516663,0.8992525
DialtelecomCz,0003,881.502273652,0.89921575
DialtelecomCz,0004,1807.033636567,1.3284085
Digex,0000,1.02046281,0.8989555555555555
Digex,0001,0.686719172,0.8988
Digex,0002,1.11176098,0.8989111111111111
Digex,0003,0.975813959,0.8988
Digex,0004,1.172959276,0.8988277777777778
Easynet,0000,0.337313801,0.900018
Easynet,0001,0.248049683,0.9000065
Easynet,0002,0.225816422,0.9000555
Easynet,0003,0.225927378,0.900009
Easynet,0004,0.321136258,0.90005
Eenet,0000,0.110541985,0.9539915
Eenet,0001,0.055295678,0.9539885
Eenet,0002,0.053029568,0.953989
Eenet,0003,0.052421286,0.95399
Eenet,0004,0.052904211,0.953991
EliBackbone,0000,0.652157001,0.90004725
EliBackbone,0001,0.480444152,0.900027
EliBackbone,0002,1.132252159,0.9000708333333333
EliBackbone,0003,1.776165963,0.9000745
EliBackbone,0004,0.392430728,0.9000605
Epoch,0000,0.040362307,0.9926666666666667
Epoch,0001,0.103110159,0.9000333333333334
Epoch,0002,0.627664744,0.9000888888888889
Epoch,0003,0.110366252,0.9000555555555556
Epoch,0004,0.573759679,0.9001888888888889
Ernet,0000,0.438920091,0.8999745
Ernet,0001,0.996506582,0.899946
Ernet,0002,0.51755213,0.899949
Ernet,0003,0.64313918,0.899947
Ernet,0004,0.724485844,0.899949
Esnet,0000,33.362629552,0.8999883683159103
Esnet,0001,37.690333751,0.8999968
Esnet,0002,34.576684273,0.9000091603967652
Esnet,0003,20.598191892,0.9000409
Esnet,0004,39.04199403,0.9000476
Eunetworks,0000,0.120605534,0.900043
Eunetworks,0001,0.11700865,0.9000641666666668
Eunetworks,0002,0.310522575,0.9000308333333333
Eunetworks,0003,0.167305948,0.9000515
Eunetworks,0004,0.14080923,0.9000616666666666
Evolink,0000,1.027372637,0.899939
Evolink,0001,1.603315197,0.8999275
Evolink,0002,1.490232844,0.89995725
Evolink,0003,1.267174594,0.8999975
Evolink,0004,1.638267471,0.89997475
Fatman,0000,0.082171037,0.899978
Fatman,0001,0.077034764,0.899977
Fatman,0002,0.092672358,0.899971
Fatman,0003,0.076712691,0.899973
Fatman,0004,0.08722121,0.899973
Fccn,0000,0.255151932,0.899989
Fccn,0001,0.174239298,0.899969
Fccn,0002,0.190660493,0.900054
Fccn,0003,0.324090793,0.900002
Fccn,0004,0.322164932,0.89998
Forthnet,0000,2.272847837,0.8999888888888888
Forthnet,0001,3.053503712,0.8999883888888889
Forthnet,0002,3.092748376,0.8999891111111111
Forthnet,0003,2.449327988,0.8999876111111111
Forthnet,0004,4.031956064,0.8999896111111111
Funet,0000,0.592420586,0.8999835
Funet,0001,0.712178199,0.900001
Funet,0002,0.803885465,0.899978
Funet,0003,0.535009059,0.899961
Funet,0004,0.885975953,0.9000095
Gambia,0000,0.28692285,0.89968
Gambia,0001,0.196393298,0.89965
Gambia,0002,0.219304829,0.89968
Gambia,0003,0.20123608,0.899655
Gambia,0004,0.229466181,0.89966
Garr199901,0000,0.429914568,0.900039
Garr199901,0001,0.514570635,0.90006
Garr199901,0002,0.979518783,0.900069
Garr199901,0003,0.34155955,0.900056
Garr199901,0004,0.55454286,0.90005
Garr199904,0000,0.685677723,0.8999354838709678
Garr199904,0001,1.393875061,0.8999225806451613
Garr199904,0002,0.896497171,0.8999290322580645
Garr199904,0003,0.501016224,0.8999935483870968
Garr199904,0004,0.519072418,0.8999806451612903
Garr199905,0000,3.784753053,0.8999741935483871
Garr199905,0001,0.563796966,0.8999419354838709
Garr199905,0002,0.459599001,0.8999741935483871
Garr199905,0003,6.871945329,0.8999806451612903
Garr199905,0004,0.636027059,0.8999612903225807
Garr200109,0000,0.391387336,0.8999483870967742
Garr200109,0001,0.427747521,0.8999096774193548
Garr200109,0002,0.717249274,0.8999935483870968
Garr200109,0003,0.553021256,0.8999612903225807
Garr200109,0004,0.343765387,0.8999483870967742
Garr200112,0000,0.523149679,0.8999096774193548
Garr200112,0001,0.717353282,0.8999096774193548
Garr200112,0002,0.542829125,0.8999548387096774
Garr200112,0003,0.576595109,0.899916129032258
Garr200112,0004,0.53727291,0.8999483870967742
Garr200212,0000,0.521072321,0.8998451612903225
Garr200212,0001,0.715138192,0.8998838709677419
Garr200212,0002,1.066522859,0.8999290322580645
Garr200212,0003,0.662086553,0.8998559139784945
Garr200212,0004,0.569848492,0.8998193548387097
Garr200404,0000,0.724543207,0.8999548387096774
Garr200404,0001,0.382145703,0.8999096774193548
Garr200404,0002,0.383993235,0.8999483870967742
Garr200404,0003,3.69455098,0.8999612903225807
Garr200404,0004,0.378570939,0.9000064516129033
Garr200902,0000,15.150386269,0.900016
Garr200902,0001,16.669555444,0.899908
Garr200902,0002,16.040326419,0.900054
Garr200902,0003,6.405027998,0.899902
Garr200902,0004,24.882551231,0.9312188
Garr200908,0000,8.704181555,0.9000376
Garr200908,0001,9.454235768,0.9000232
Garr200908,0002,8.992068979,0.9461292
Garr200908,0003,18.243002862,0.90005015
Garr200908,0004,6.279144782,0.984247
Garr200909,0000,8.401209467,0.9585648
Garr200909,0001,7.554703066,0.8999169230769231
Garr200909,0002,18.653837817,0.9533252
Garr200909,0003,10.024080221,0.9000204
Garr200909,0004,9.688108279,0.9000216
Garr200912,0000,8.171913087,0.9467736
Garr200912,0001,8.227298984,0.9645333697524968
Garr200912,0002,7.402105257,0.8999138461538462
Garr200912,0003,7.558259718,0.8999261538461538
Garr200912,0004,11.654167886,0.9563068
Garr201001,0000,9.25473416,0.9720178
Garr201001,0001,10.426450594,1.0920346
Garr201001,0002,9.531947293,0.905651
Garr201001,0003,43.291850148,0.9061028
Garr201001,0004,8.878479906,1.007009
Garr201003,0000,10.734763576,0.900042
Garr201003,0001,9.15379816,1.0194407333333333
Garr201003,0002,10.264751811,0.8999184615384616
Garr201003,0003,11.614531878,0.8999230769230769
Garr201003,0004,8.376288703,0.8999169230769231
Garr201004,0000,25.977508839,0.9402784
Garr201004,0001,11.541298979,0.9769903333333336
Garr201004,0002,5.505097436,1.204614
Garr201004,0003,5.932472797,0.8999230769230769
Garr201004,0004,13.030727373,0.916602
Garr201005,0000,16.100803962,0.9000492
Garr201005,0001,9.28464412,0.9000136
Garr201005,0002,15.120519671,0.9000076
Garr201005,0003,8.92587063,0.9000488
Garr201005,0004,45.675227856,0.9234484
Garr201007,0000,9.325269419,0.8999246153846154
Garr201007,0001,9.380613651,1.119515
Garr201007,0002,8.198052463,0.9000072
Garr201007,0003,12.225884487,0.9000037593725377
Garr201007,0004,10.798503009,0.9600622166666668
Garr201008,0000,13.19338357,0.8999061538461538
Garr201008,0001,7.793969991,0.9000316
Garr201008,0002,11.395834894,0.9000456
Garr201008,0003,16.382602389,0.90001
Garr201008,0004,5.801626633,1.221674
Garr201010,0000,12.05362147,0.9000678
Garr201010,0001,10.657817561,0.9000228
Garr201010,0002,22.064630789,0.900063076923077
Garr201010,0003,8.810533585,0.8999724
Garr201010,0004,10.989077656,0.9000068
Garr201012,0000,10.435653684,0.9000304
Garr201012,0001,12.850425408,0.9000144
Garr201012,0002,8.279247997,0.9000388
Garr201012,0003,15.627783793,0.9000356405235537
Garr201012,0004,6.822290339,0.9000056
Garr201101,0000,11.15188375,0.9000332
Garr201101,0001,8.574632299,0.9000396
Garr201101,0002,51.543609553,0.9000192
Garr201101,0003,11.539655297,0.900052
Garr201101,0004,9.127053399,0.9000312
Garr201102,0000,1.805390629,0.89994
Garr201102,0001,5.932645164,0.89995
Garr201102,0002,8.444377496,0.899945
Garr201102,0003,5.612694112,0.89995
Garr201102,0004,9.296914647,0.899944
Garr201103,0000,3.314334375,0.899941
Garr201103,0001,2.074360254,0.899944
Garr201103,0002,10.673827342,0.899949
Garr201103,0003,7.757085702,0.899944
Garr201103,0004,10.09478059,0.899947
Garr201104,0000,3.439868163,0.899941
Garr201104,0001,11.28680537,0.899944
Garr201104,0002,3.035356422,0.8999715
Garr201104,0003,3.34943748,0.899941
Garr201104,0004,12.549527881,0.899939
Garr201105,0000,9.535200945,0.9000276
Garr201105,0001,6.984483303,0.899947
Garr201105,0002,1.974281491,0.899943
Garr201105,0003,12.953883942,0.8999761333333334
Garr201105,0004,10.98351895,0.9000248
Garr201107,0000,14.214207652,0.899945
Garr201107,0001,8.623619505,0.899946
Garr201107,0002,20.897849329,0.9000052
Garr201107,0003,10.093656779,0.899947
Garr201107,0004,10.183408023,0.899947
Garr201108,0000,8.182104021,0.899946
Garr201108,0001,6.059100303,0.8999884
Garr201108,0002,4.956839868,0.9
Garr201108,0003,8.859172221,0.9000012
Garr201108,0004,9.791680206,0.9000244
Garr201109,0000,7.120980019,0.9000136
Garr201109,0001,5.966342118,0.9000452
Garr201109,0002,6.180768963,0.9000052
Garr201109,0003,9.182452259,0.9000292
Garr201109,0004,6.87357808,0.8999792
Garr201110,0000,5.823168632,0.9000032
Garr201110,0001,7.568556737,0.9000146
Garr201110,0002,4.634844597,0.9000076
Garr201110,0003,6.456689236,0.900036
Garr201110,0004,5.891027712,0.9000104
Garr201111,0000,5.65836025,0.8999652
Garr201111,0001,8.550532775,0.9000048
Garr201111,0002,6.035977074,0.9000082
Garr201111,0003,8.618845913,0.9000032
Garr201111,0004,4.989304741,0.9000512
Garr201112,0000,5.752782403,0.900047
Garr201112,0001,9.180663597,0.9000424
Garr201112,0002,6.99535743,0.9000628
Garr201112,0003,7.247730678,0.899938
Garr201112,0004,7.748421621,0.8999672
Garr201201,0000,12.916284772,0.9000188
Garr201201,0001,10.878011562,0.9129236
Garr201201,0002,7.488668145,0.899976
Garr201201,0003,15.068508912,0.900014
Garr201201,0004,14.463926587,0.8999572
Gblnet,0000,0.032949998,0.899993
Gblnet,0001,0.03329874,0.899993
Gblnet,0002,0.032923898,0.899993
Gblnet,0003,0.033415414,0.899993
Gblnet,0004,0.032528344,0.899992
Geant2001,0000,40.467534689,0.9851657125
Geant2001,0001,0.981888983,0.899975884244373
Geant2001,0002,176.103492218,0.946154425
Geant2001,0003,2.895062968,0.9138616
Geant2001,0004,1.789691076,0.900048231511254
Geant2009,0000,3.391094275,0.9000567916666667
Geant2009,0001,20.388733246,0.9381512
Geant2009,0002,9.571695938,0.9000766
Geant2009,0003,4.234030724,0.900074075
Geant2009,0004,3.457758491,0.9000828208333334
Geant2010,0000,2.99560514,0.900041
Geant2010,0001,2.443287725,0.9000840305343512
Geant2010,0002,76.312612596,0.9000591145038168
Geant2010,0003,2.722400621,0.9000422
Geant2010,0004,2.444528294,0.9000558167938931
Geant2012,0000,3.610951464,0.90002385
Geant2012,0001,4.22252064,0.9000792
Geant2012,0002,4.761556178,0.9000500372139569
Geant2012,0003,4.703351618,0.9000734790766027
Geant2012,0004,3.647199498,0.9000744
Getnet,0000,0.258577316,0.9163555555555556
Getnet,0001,0.893406252,0.9123333333333333
Getnet,0002,0.323800349,0.9012444444444444
Getnet,0003,0.521627457,0.9037
Getnet,0004,0.154161384,0.9381444444444444
Globalcenter,0000,0.10694788,1.3514
Globalcenter,0001,0.086249608,1.6360666666666666
Globalcenter,0002,0.090609815,1.1823777777777777
Globalcenter,0003,0.083078758,1.3111111111111111
Globalcenter,0004,0.097221612,1.5756666666666668
Globenet,0000,54.302695566,0.899869
Globenet,0001,80.440267003,0.899849
Globenet,0002,83.58889327,0.899869
Globenet,0003,75.398178658,0.899863
Globenet,0004,12.460400256,0.899916
Goodnet,0000,24.51389584,0.8999555555555555
Goodnet,0001,4.121059069,0.941
Goodnet,0002,0.728819229,1.2745333333333333
Goodnet,0003,8.111663042,0.8999592592592592
Goodnet,0004,14.887851836,0.899975925925926
Grena,0000,0.075606187,0.899971
Grena,0001,0.070752646,0.899962
Grena,0002,0.073298817,0.899965
Grena,0003,0.072572006,0.899964
Grena,0004,0.073778334,0.899968
Gridnet,0000,8.347669056,0.9000333333333334
Gridnet,0001,1.717481574,0.9
Gridnet,0002,22.047325431,0.9000111111111111
Gridnet,0003,2.229543511,0.9000333333333334
Gridnet,0004,0.448042352,0.9000111111111111
Grnet,0000,1.910116697,0.899951
Grnet,0001,1.429082568,0.90002
Grnet,0002,1.860147967,0.899947
Grnet,0003,0.502666673,0.899951
Grnet,0004,0.639446083,0.89995
GtsCe,0000,1808.675608668,2.34334125
GtsCe,0001,1808.296041393,2.30135275
GtsCe,0002,1808.281155477,2.3004066666666665
GtsCe,0003,1808.303126537,2.276162270833334
GtsCe,0004,1808.763970415,2.293318583333333
GtsCzechRepublic,0000,0.703525865,0.8999465
GtsCzechRepublic,0001,1.269398067,0.89996
GtsCzechRepublic,0002,1.06642996,0.8999525
GtsCzechRepublic,0003,1.570957047,0.899972
GtsCzechRepublic,0004,1.490958373,0.900008
GtsHungary,0000,0.885280076,0.900004
GtsHungary,0001,0.481047455,0.8999615
GtsHungary,0002,0.876728549,0.900033
GtsHungary,0003,0.622907196,0.900033
GtsHungary,0004,0.424256808,0.900029
GtsPoland,0000,2.618409944,0.900008
GtsPoland,0001,3.341962985,0.9000465833333334
GtsPoland,0002,1.85427659,0.900047
GtsPoland,0003,2.07845989,0.8999688333333333
GtsPoland,0004,2.689076949,0.8999855
GtsRomania,0000,0.287008262,0.900017
GtsRomania,0001,0.339111595,0.9000345
GtsRomania,0002,0.210486301,0.899991
GtsRomania,0003,0.308656783,0.899981
GtsRomania,0004,0.417631924,0.89998
GtsSlovakia,0000,0.741336285,0.899991
GtsSlovakia,0001,0.838744113,0.899984
GtsSlovakia,0002,0.752335928,0.8999975
GtsSlovakia,0003,0.9167825,0.8999788333333334
GtsSlovakia,0004,0.574867706,0.9000055
Harnet,0000,0.422905406,0.8999765
Harnet,0001,0.268683766,0.8999785
Harnet,0002,1.586608724,0.9134782068353308
Harnet,0003,0.187600766,0.9000433200177541
Harnet,0004,0.256326544,0.9000071016422547
Heanet,0000,0.809889179,1.083629
Heanet,0001,0.047420965,1.1544575
Heanet,0002,0.062561785,1.213517
Heanet,0003,0.238051007,0.9000673333333333
Heanet,0004,1.023117184,0.90152
HiberniaCanada,0000,0.205773093,0.900074
HiberniaCanada,0001,1.668074942,0.902274
HiberniaCanada,0002,0.199098867,0.900028
HiberniaCanada,0003,0.104023066,0.90005
HiberniaCanada,0004,0.171799204,0.900047
HiberniaGlobal,0000,33.118468037,0.8998755
HiberniaGlobal,0001,4.54685182,0.899859
HiberniaGlobal,0002,8.556546414,0.8998935
HiberniaGlobal,0003,16.52855287,0.899882
HiberniaGlobal,0004,8.661010328,0.89981275
HiberniaIreland,0000,0.947466424,0.903995
HiberniaIreland,0001,0.213412439,0.900025
HiberniaIreland,0002,0.162680225,0.90007
HiberniaIreland,0003,0.071792601,0.900013
HiberniaIreland,0004,0.338797257,0.900077
HiberniaNireland,0000,0.244744626,0.8999896666666668
HiberniaNireland,0001,0.50235608,0.900004
HiberniaNireland,0002,0.211046164,0.900025
HiberniaNireland,0003,0.27322872,0.9000168333333334
HiberniaNireland,0004,0.240073506,0.8999905
HiberniaUk,0000,0.159742283,0.900006
HiberniaUk,0001,0.540198891,0.899992
HiberniaUk,0002,0.345475653,0.900037
HiberniaUk,0003,0.286795963,0.900026
HiberniaUk,0004,0.218461072,0.900001
HiberniaUs,0000,0.406023136,0.899958
HiberniaUs,0001,0.446605324,0.899958
HiberniaUs,0002,0.515149333,0.90005
HiberniaUs,0003,0.142232067,0.899965
HiberniaUs,0004,0.136159586,0.899955
Highwinds,0000,0.184063196,0.9000472083333332
Highwinds,0001,0.414801894,0.9000497939814815
Highwinds,0002,0.305399094,0.8999916833333333
Highwinds,0003,0.300581332,0.9000417939814813
Highwinds,0004,0.256367386,0.9000551833333332
HostwayInternational,0000,0.127600663,0.89999825
HostwayInternational,0001,0.076336467,0.899976
HostwayInternational,0002,0.069564709,0.899974
HostwayInternational,0003,0.134421485,0.9000556666666666
HostwayInternational,0004,0.183912971,0.899976
HurricaneElectric,0000,0.734307657,0.9000706666666666
HurricaneElectric,0001,0.514047417,0.9000225
HurricaneElectric,0002,0.469680788,0.900002
HurricaneElectric,0003,0.931164108,0.9000483333333332
HurricaneElectric,0004,0.697116132,0.90005975
Ibm,0000,2.465239804,0.8998555555555555
Ibm,0001,2.769353948,0.8998222222222222
Ibm,0002,1.885462886,0.8997666666666667
Ibm,0003,1.537897346,0.8998555555555555
Ibm,0004,1.910922556,0.8998444444444444
Iij,0000,1.633092534,0.9000842603309329
Iij,0001,2.098000383,1.0440097133809156
Iij,0002,1.345642651,1.026588119695216
Iij,0003,1.713176365,0.9000607002582734
Iij,0004,1.596143221,0.9000307436342593
Iinet,0000,8.446553881,0.900045
Iinet,0001,1.620214758,0.900026
Iinet,0002,4.611909381,0.900053
Iinet,0003,1.333021491,0.9000155
Iinet,0004,5.175541454,0.9000135
Ilan,0000,0.524531187,0.9018746666666667
Ilan,0001,0.440175067,0.9000513333333332
Ilan,0002,0.599057309,0.900023
Ilan,0003,0.425763039,0.9000776666666668
Ilan,0004,0.148386461,0.900067
Integra,0000,0.530193273,0.8999985
Integra,0001,0.872886277,0.90003925
Integra,0002,0.791880131,0.90004175
Integra,0003,0.734936736,0.900022
Integra,0004,1.251671802,0.9000255
Intellifiber,0000,23.057560531,0.8998135
Intellifiber,0001,52.096511748,0.89978
Intellifiber,0002,59.544079222,0.899787125
Intellifiber,0003,69.567021751,0.8997385
Intellifiber,0004,113.633495451,0.8997880625
Internetmci,0000,1.067390426,0.8999296296296295
Internetmci,0001,0.707415239,0.8999407407407408
Internetmci,0002,10.055897903,0.9000118279569893
Internetmci,0003,0.487331653,0.9653021505376345
Internetmci,0004,0.532000719,0.8999555555555555
Internode,0000,37.800495928,1.2119702372950565
Internode,0001,16.119731838,1.1322691666666667
Internode,0002,11.010133498,1.3384756188648905
Internode,0003,21.188358867,1.132268
Internode,0004,55.521416927,1.1330091666666666
Interoute,0000,1327.772507593,0.8997494166666665
Interoute,0001,681.761177141,0.8997446666666666
Interoute,0002,663.011288879,0.8997510208333332
Interoute,0003,1803.589540334,1.891033791666667
Interoute,0004,1803.462243562,1.9351997499999998
Intranetwork,0000,0.8741269,0.899881
Intranetwork,0001,0.657588012,0.89987
Intranetwork,0002,0.58182613,0.899877
Intranetwork,0003,0.941172105,0.899882
Intranetwork,0004,0.61008782,0.899883
Ion,0000,1805.730676209,0.900074
Ion,0001,1395.634455976,0.8994356666666666
Ion,0002,1500.8002892,0.8994785
Ion,0003,1181.923835551,0.89951775
Ion,0004,246.34069711,0.8994503333333332
IowaStatewideFiberMap,0000,2.313063739,0.900046
IowaStatewideFiberMap,0001,1.126363314,0.9000425
IowaStatewideFiberMap,0002,1.482728568,0.900025
IowaStatewideFiberMap,0003,1.783998919,0.900032
IowaStatewideFiberMap,0004,2.944407977,0.9000215
Iris,0000,8.196363803,0.899902
Iris,0001,8.649449347,0.8999415
Iris,0002,19.189452659,0.8998675
Iris,0003,6.926971065,0.8999
Iris,0004,5.981466712,0.89990775
Istar,0000,0.137011382,0.899945
Istar,0001,0.135239179,0.899945
Istar,0002,0.136691204,0.899944
Istar,0003,0.136326529,0.899948
Istar,0004,0.12670355,0.899949
Itnet,0000,0.04426193,0.899995
Itnet,0001,0.042611193,0.899994
Itnet,0002,0.043035437,0.899995
Itnet,0003,0.043671099,0.899994
Itnet,0004,0.044406137,0.899995
Janetbackbone,0000,1.083560425,0.900051
Janetbackbone,0001,1.127804201,0.900039
Janetbackbone,0002,0.959469904,0.9000625
Janetbackbone,0003,1.672032441,0.9000165
Janetbackbone,0004,1.374226862,0.900026
JanetExternal,0000,0.039094015,0.8999952
JanetExternal,0001,0.048972857,0.8999956
JanetExternal,0002,0.038696811,0.8999948
JanetExternal,0003,0.055609698,0.8999944
JanetExternal,0004,0.038008975,0.8999952
Janetlense,0000,0.579457706,0.9000011666666667
Janetlense,0001,0.543657341,0.9000523333333332
Janetlense,0002,0.443397243,0.900021
Janetlense,0003,0.301829083,0.9000691666666666
Janetlense,0004,0.490565934,0.9000265
Jgn2Plus,0000,0.086692299,0.899963
Jgn2Plus,0001,0.081763382,0.899966
Jgn2Plus,0002,0.08381457,0.899964
Jgn2Plus,0003,0.081707686,0.899959
Jgn2Plus,0004,0.083213495,0.899959
Karen,0000,0.510685915,0.9899956
Karen,0001,0.55642488,0.9899956
Karen,0002,0.547949076,0.9899958
Karen,0003,0.275644092,0.9899967
Karen,0004,0.187778779,0.9899964
KentmanApr2007,0000,0.143396611,0.89968
KentmanApr2007,0001,0.166801615,0.89969
KentmanApr2007,0002,0.123998577,0.89972
KentmanApr2007,0003,0.154426655,0.89971
KentmanApr2007,0004,0.132169574,0.89972
KentmanAug2005,0000,0.690088347,0.8996516129032258
KentmanAug2005,0001,0.30726449,0.8996580645161291
KentmanAug2005,0002,0.624700081,0.8996258064516129
KentmanAug2005,0003,0.591979771,0.8996516129032258
KentmanAug2005,0004,0.750554869,0.8998387096774193
KentmanFeb2008,0000,0.231042926,0.8997
KentmanFeb2008,0001,0.195954769,0.9928224153211498
KentmanFeb2008,0002,0.216466756,0.89968
KentmanFeb2008,0003,0.27541343,0.89969
KentmanFeb2008,0004,0.209117909,0.89966
KentmanJan2011,0000,0.57648807,0.899932
KentmanJan2011,0001,0.51015521,0.899914
KentmanJan2011,0002,0.457852106,0.899913
KentmanJan2011,0003,0.544192148,0.89992
KentmanJan2011,0004,0.539638061,0.899933
KentmanJul2005,0000,0.076300112,0.8995294117647059
KentmanJul2005,0001,0.158420884,0.8995294117647059
KentmanJul2005,0002,0.192048209,0.8996470588235295
KentmanJul2005,0003,0.300495687,0.899916129032258
KentmanJul2005,0004,0.158070035,0.8999032258064517
Kreonet,0000,0.049251616,0.8999992
Kreonet,0001,0.051733837,0.89999925
Kreonet,0002,0.051352195,0.89999925
Kreonet,0003,0.050240727,0.89999925
Kreonet,0004,0.049134131,0.89999925
LambdaNet,0000,3.036609826,0.899982
LambdaNet,0001,5.147870644,0.8999545
LambdaNet,0002,11.644244719,0.899945
LambdaNet,0003,3.309129576,0.899961
LambdaNet,0004,3.285984931,0.8999325
Latnet,0000,2.933369886,0.89704
Latnet,0001,3.321334403,0.89693
Latnet,0002,2.656098116,0.89705
Latnet,0003,2.95619289,0.89709
Latnet,0004,4.441679521,0.89701
Layer42,0000,0.077207834,0.9000825
Layer42,0001,0.102628146,0.9000055
Layer42,0002,0.072120382,0.9000495
Layer42,0003,0.058820549,0.974519
Layer42,0004,0.180214245,0.900035
Litnet,0000,2.25411075,0.899952
Litnet,0001,2.54596875,0.899929
Litnet,0002,2.059791204,0.899955
Litnet,0003,2.523192285,0.899958
Litnet,0004,2.491194632,0.899903
Marnet,0000,0.098801413,2.357032258064516
Marnet,0001,0.087244589,2.932135483870968
Marnet,0002,0.093281184,2.4704516129032257
Marnet,0003,0.088703243,2.932141935483871
Marnet,0004,0.090098624,2.9321225806451614
Marwan,0000,0.21730368,0.8998317981577894
Marwan,0001,0.412844596,0.8998478173808571
Marwan,0002,0.532730241,0.8999586170070751
Marwan,0003,0.314754383,0.8998264584167669
Marwan,0004,0.342209765,0.8997757308770524
Missouri,0000,44.211397683,0.8997885
Missouri,0001,32.42343803,0.89983575
Missouri,0002,31.704710527,0.89976775
Missouri,0003,140.349121946,0.8998355
Missouri,0004,33.906823456,0.932303
Mren,0000,0.029330363,0.899997
Mren,0001,0.030409702,0.899997
Mren,0002,0.029992142,0.899996
Mren,0003,0.030607638,0.899998
Mren,0004,0.029559883,0.899997
Myren,0000,4.928436821,0.899966
Myren,0001,15.140637036,0.9000096463022508
Myren,0002,2.531924108,0.8997548387096774
Myren,0003,0.439298065,0.89956
Myren,0004,2.054654528,0.89964
Napnet,0000,0.040112821,1.0766444444444445
Napnet,0001,0.056491089,0.9241111111111111
Napnet,0002,0.047787657,0.8999555555555555
Napnet,0003,0.054124159,1.0675555555555556
Napnet,0004,0.04091022,0.8999555555555555
Navigata,0000,0.135876263,0.900055
Navigata,0001,0.202334694,0.9000295
Navigata,0002,0.175901516,0.900059
Navigata,0003,0.170565815,0.900064
Navigata,0004,0.23364936,0.900043
Netrail,0000,0.529307365,0.9185555555555556
Netrail,0001,0.214363754,0.9042222222222223
Netrail,0002,5.469128809,0.9004888888888889
Netrail,0003,0.348620231,0.9396444444444444
Netrail,0004,0.058706452,0.9616888888888889
NetworkUsa,0000,2.177465986,0.8999365
NetworkUsa,0001,1.356053927,0.899991
NetworkUsa,0002,1.42995987,0.8999565
NetworkUsa,0003,2.515703569,0.8999835
NetworkUsa,0004,2.176043751,0.899995
Nextgen,0000,0.080873984,0.899974
Nextgen,0001,0.078078985,0.899972
Nextgen,0002,0.115328353,0.899971
Nextgen,0003,0.077227164,0.899968
Nextgen,0004,0.11111226,0.899971
Niif,0000,1.677151699,0.89997
Niif,0001,1.194654092,0.899956
Niif,0002,1.562255539,0.900008
Niif,0003,1.68756304,0.900041
Niif,0004,1.733593264,0.899958
Noel,0000,0.358585175,0.90003
Noel,0001,0.399777654,0.899988
Noel,0002,0.274296744,0.900029
Noel,0003,0.652791177,0.899993
Noel,0004,0.489722132,0.900044
Nordu1989,0000,0.032447451,0.89921875
Nordu1989,0001,0.032050763,0.89921875
Nordu1989,0002,0.031551853,0.899375
Nordu1989,0003,0.031655333,0.89921875
Nordu1989,0004,0.030838922,0.89921875
Nordu1997,0000,0.056397588,0.899978
Nordu1997,0001,0.054360379,0.899979
Nordu1997,0002,0.051276117,0.899978
Nordu1997,0003,0.051091185,0.899981
Nordu1997,0004,0.051624925,0.899979
Nordu2005,0000,0.060717781,0.9218342
Nordu2005,0001,0.036953641,1.3499996
Nordu2005,0002,0.036714466,1.3499997
Nordu2005,0003,0.036459361,1.0587268
Nordu2005,0004,0.077283888,0.9489916
Nordu2010,0000,0.058448052,0.89998
Nordu2010,0001,0.112265786,0.899982
Nordu2010,0002,0.12234664,0.899981
Nordu2010,0003,0.055498254,0.899979
Nordu2010,0004,0.077818204,0.899985
Nsfcnet,0000,0.13623585,0.900054
Nsfcnet,0001,0.216213207,0.900027
Nsfcnet,0002,0.05834542,0.899998
Nsfcnet,0003,0.147440309,0.900085
Nsfcnet,0004,0.18323027,0.900048
Nsfnet,0000,0.430885779,0.8960492227979274
Nsfnet,0001,1801.63793573,0.8960492227979274
Nsfnet,0002,1804.616150212,0.8976683937823834
Nsfnet,0003,1800.716267861,0.9242227979274611
Nsfnet,0004,0.382048075,0.8979922279792746
Ntelos,0000,14.613519499,0.899852
Ntelos,0001,2.917335928,0.899861
Ntelos,0002,9.003248401,0.899862
Ntelos,0003,14.162053666,0.899861
Ntelos,0004,11.099390979,0.899861
Ntt,0000,9.471008261,0.9563327030553413
Ntt,0001,4.259132537,1.0189340599279835
Ntt,0002,3.606098997,1.1290372620884774
Ntt,0003,3.182846116,0.9600569816941958
Ntt,0004,4.991717117,1.1559373392489716
Oteglobe,0000,234.253215018,0.9015285
Oteglobe,0001,260.42451304,0.900902
Oteglobe,0002,331.424001844,0.8997911666666666
Oteglobe,0003,242.837397716,0.8998158333333334
Oteglobe,0004,108.024390329,0.8997448333333332
Oxford,0000,0.272206422,0.900046
Oxford,0001,0.238498851,0.900011
Oxford,0002,0.249558536,0.900065
Oxford,0003,0.265281222,0.90005
Oxford,0004,0.321705327,0.90003
Pacificwave,0000,0.257805515,0.90003865
Pacificwave,0001,0.382960652,0.9000151
Pacificwave,0002,0.197887893,0.90003085
Pacificwave,0003,0.621357767,0.90000745
Pacificwave,0004,0.25007808,0.90000885
Packetexchange,0000,0.171643719,0.899956
Packetexchange,0001,0.110536131,0.899955
Packetexchange,0002,0.112986979,0.899951
Packetexchange,0003,0.126830842,0.899955
Packetexchange,0004,0.111170325,0.899952
Padi,0000,0.032186603,0.89997
Padi,0001,0.032373076,0.8994
Padi,0002,0.032674955,0.8994
Padi,0003,0.032778311,0.8994
Padi,0004,0.032599368,0.8994
Palmetto,0000,12.479289613,0.899967
Palmetto,0001,18.709370307,0.8999675
Palmetto,0002,8.855619604,0.8999385
Palmetto,0003,13.29215914,0.899966
Palmetto,0004,12.784780249,0.899977
Peer1,0000,0.303501445,0.899983
Peer1,0001,0.207630357,0.899985
Peer1,0002,0.338548956,0.9000105
Peer1,0003,1.140551896,0.900063
Peer1,0004,3.327649162,0.900069
Pern,0000,17.611084587,0.898501
Pern,0001,20.947150283,0.898509
Pern,0002,20.08847981,0.898502
Pern,0003,28.392354343,0.898533
Pern,0004,22.663171712,0.898505
PionierL1,0000,2.11672461,0.899953
PionierL1,0001,1.680898385,0.9000175
PionierL1,0002,1.839195372,0.899967
PionierL1,0003,3.192612518,0.8999595
PionierL1,0004,3.728531261,0.899941
PionierL3,0000,2.889908834,0.900074275
PionierL3,0001,3.253438766,0.900044975
PionierL3,0002,2.052163954,0.90002115
PionierL3,0003,6.882781761,0.900074875
PionierL3,0004,3.120163066,0.9000512
Psinet,0000,0.535188989,0.8992
Psinet,0001,0.445026424,0.8993222222222222
Psinet,0002,0.549738533,0.8992666666666667
Psinet,0003,0.625989242,0.8992666666666667
Psinet,0004,0.640656929,0.8992888888888889
Quest,0000,0.505542549,0.9000365
Quest,0001,7.235682227,0.900068
Quest,0002,1807.185706007,0.90810575
Quest,0003,1.52480869,0.899998
Quest,0004,37.709133595,0.9000655
RedBestel,0000,193.228883056,0.8996212777777778
RedBestel,0001,516.018414668,0.8996575
RedBestel,0002,274.068124892,0.899532
RedBestel,0003,85.952791483,0.899529
RedBestel,0004,124.011075691,0.899538
Rediris,0000,0.825835005,0.9045888
Rediris,0001,0.658335769,0.9093675
Rediris,0002,1.137697972,0.90867
Rediris,0003,0.647905228,0.9336556
Rediris,0004,0.618052937,0.9751784
Renam,0000,0.027518346,0.89975
Renam,0001,0.028409211,0.899875
Renam,0002,0.028175456,0.89875
Renam,0003,0.028550488,0.899899033607385
Renam,0004,0.028379363,0.89875
Renater1999,0000,0.150319275,0.8996387096774193
Renater1999,0001,0.15027965,0.8996645161290323
Renater1999,0002,0.155598005,0.8996580645161291
Renater1999,0003,0.143029547,0.8996451612903226
Renater1999,0004,0.145950652,0.8996580645161291
Renater2001,0000,0.895186881,0.9568903225806452
Renater2001,0001,0.684680254,1.1750129032258065
Renater2001,0002,1.247771933,0.9475354838709678
Renater2001,0003,0.143434772,0.8998322580645162
Renater2001,0004,1.325074108,0.8998774193548387
Renater2004,0000,2.099979624,0.9512172
Renater2004,0001,7.118958187,0.9267974
Renater2004,0002,4.184648298,0.9076514
Renater2004,0003,1801.388059219,0.9032332
Renater2004,0004,1.760279904,0.9000509
Renater2006,0000,1.384319764,0.9000196
Renater2006,0001,1.445461889,0.9000158
Renater2006,0002,3.591716154,0.900031
Renater2006,0003,0.997693238,0.9000448
Renater2006,0004,1.847732732,0.9000732
Renater2008,0000,1.494401805,0.9000294
Renater2008,0001,1.896522771,0.9000668
Renater2008,0002,2.114806637,0.9000193
Renater2008,0003,1.688554564,0.9000732
Renater2008,0004,3.116350145,0.9000256
Renater2010,0000,5.460750152,0.8997064516129032
Renater2010,0001,5.057158675,0.8996940860215052
Renater2010,0002,4.863542175,0.8997241935483873
Renater2010,0003,7.22394978,0.8997193548387097
Renater2010,0004,4.575255734,0.8997032258064516
Restena,0000,0.41092694,0.9664385
Restena,0001,0.289914726,0.9543967
Restena,0002,0.250037822,0.9513
Restena,0003,0.313886923,0.9417118
Restena,0004,0.229441802,0.9402239
Reuna,0000,0.554260455,0.8993707317073171
Reuna,0001,0.643840869,0.8993853658536586
Reuna,0002,0.596206967,0.899380487804878
Reuna,0003,0.69573615,0.8994750830564784
Reuna,0004,0.650339989,0.8993756097560975
Rhnet,0000,0.066621875,0.899974
Rhnet,0001,0.06795153,0.899981
Rhnet,0002,0.070678705,0.899979
Rhnet,0003,0.07219474,0.899976
Rhnet,0004,0.074098439,0.899982
Rnp,0000,0.429244988,0.8999904
Rnp,0001,0.762815404,0.8999746666666667
Rnp,0002,0.467602227,0.899975
Rnp,0003,0.807540538,0.8999915
Rnp,0004,1.058700564,0.8999743333333333
Roedunet,0000,0.822950206,1.0959012824294523
Roedunet,0001,0.605514126,1.2592721193415637
Roedunet,0002,0.620094718,1.2593171296296297
Roedunet,0003,0.704322666,1.2594071502057613
Roedunet,0004,0.711858008,1.1738302923040187
RoedunetFibre,0000,1.331487047,0.899786
RoedunetFibre,0001,1.6184347,0.899795
RoedunetFibre,0002,1.738231964,0.899788
RoedunetFibre,0003,1.733465888,0.8998
RoedunetFibre,0004,2.000036553,0.899794
Sago,0000,0.088566606,0.899956
Sago,0001,0.085434448,0.899956
Sago,0002,0.089771954,0.899957
Sago,0003,0.089076829,0.899965
Sago,0004,0.086626213,0.89996
Sanet,0000,4.341107083,0.90005195
Sanet,0001,2.736174118,0.90000695
Sanet,0002,10.496586369,0.90003875
Sanet,0003,5.645907969,0.8999955
Sanet,0004,6.941397887,0.90004095
Sanren,0000,2.789366217,1.080769
Sanren,0001,0.138056199,0.957107
Sanren,0002,0.260750929,0.90986
Sanren,0003,0.952953569,0.900835
Sanren,0004,1.074218909,1.055576
Savvis,0000,0.433612306,0.8996444444444445
Savvis,0001,0.212675036,0.8995777777777778
Savvis,0002,0.54761206,0.8995555555555556
Savvis,0003,0.334796785,0.8996
Savvis,0004,0.345053081,0.8995555555555556
Shentel,0000,0.693713378,0.899942
Shentel,0001,0.688445814,0.899936
Shentel,0002,0.246366437,0.899931
Shentel,0003,0.570856029,0.899931
Shentel,0004,0.713196163,0.899937
Sinet,0000,19.206393475,0.9000352625
Sinet,0001,15.73919367,0.900006475
Sinet,0002,23.744204175,0.900030925
Sinet,0003,17.791650088,0.9000423375
Sinet,0004,21.139335449,0.9000673
Singaren,0000,0.043040997,0.899993
Singaren,0001,0.044077884,0.899995
Singaren,0002,0.043075953,0.899995
Singaren,0003,0.042344401,0.899994
Singaren,0004,0.041630891,0.899995
Spiralight,0000,0.148974137,0.899997
Spiralight,0001,0.150980151,0.900015
Spiralight,0002,0.164153568,0.9000235
Spiralight,0003,2.614931177,0.9000265
Spiralight,0004,0.273944276,0.8999885
Sprint,0000,0.328026437,0.8999222222222222
Sprint,0001,1800.501264155,0.9000555555555556
Sprint,0002,0.875861112,0.8999222222222222
Sprint,0003,1800.953121654,0.9001666666666667
Sprint,0004,0.150981852,0.9659777777777778
Sunet,0000,0.877892198,0.899993
Sunet,0001,1.266812479,0.8999915
Sunet,0002,1.006538584,0.8999745
Sunet,0003,1.135398387,0.9000465
Sunet,0004,1.968731078,0.900019
Surfnet,0000,18.678613013,0.9000115833333334
Surfnet,0001,18.37105057,0.8999785
Surfnet,0002,24.36380815,0.9000135
Surfnet,0003,19.533381447,0.900001
Surfnet,0004,15.781773871,0.90000325
Switch,0000,284.754316421,0.8999383
Switch,0001,239.576432372,0.8999134
Switch,0002,171.204681544,0.8999828
Switch,0003,151.239575604,0.8999663
Switch,0004,248.390803074,0.8999231
SwitchL3,0000,2.612311006,0.9385802
SwitchL3,0001,3.029105268,0.9593663
SwitchL3,0002,2.260460214,0.971092
SwitchL3,0003,2.419224174,0.9701429
SwitchL3,0004,2.168485062,0.941831
Syringa,0000,35.060201292,0.899689
Syringa,0001,61.807233647,0.899615
Syringa,0002,41.908798378,0.899592
Syringa,0003,14.386265827,0.899568
Syringa,0004,12.553708568,0.899564
TataNld,0000,1807.789104662,1.7376335000000003
TataNld,0001,1807.945735739,1.5789948333333335
TataNld,0002,1808.254069475,0.899461375
TataNld,0003,1807.811619469,1.6961442500000001
TataNld,0004,1808.1369182,1.9139281666666665
Telcove,0000,2.54012272,0.89935
Telcove,0001,2.64118162,0.899364
Telcove,0002,2.817754353,0.899391
Telcove,0003,2.787533868,0.899365
Telcove,0004,2.59387966,0.899382
Telecomserbia,0000,0.160553542,0.9026742
Telecomserbia,0001,0.279559234,0.900098
Telecomserbia,0002,0.106499447,0.9016348
Telecomserbia,0003,0.097614053,0.9151986
Telecomserbia,0004,0.118278493,0.9027136
Tinet,0000,3.264179652,0.8998967916666667
Tinet,0001,3.724245512,0.8999312187499999
Tinet,0002,3.14524664,0.8998577395833334
Tinet,0003,3.105239854,0.89992425
Tinet,0004,8.665421479,0.899925888888889
TLex,0000,0.085768617,1.4800004300819942
TLex,0001,0.09352015,1.554011635232317
TLex,0002,0.189193785,1.013655860503208
TLex,0003,0.267829615,1.013134461803873
TLex,0004,0.177962569,1.0131238611913393
Tw,0000,582.851023521,0.91355725
Tw,0001,124.018079559,0.90735075
Tw,0002,1801.35638222,0.9116345
Tw,0003,155.913845544,0.933006875
Tw,0004,690.223359268,0.9066925
Twaren,0000,0.241263848,0.899991
Twaren,0001,0.240636482,0.8999825
Twaren,0002,0.230228906,0.8999955
Twaren,0003,0.307223512,0.900044
Twaren,0004,0.268565321,0.899978
Ulaknet,0000,5.067034469,0.89985
Ulaknet,0001,5.530221597,0.899832
Ulaknet,0002,3.956017325,0.899846
Ulaknet,0003,6.024411003,0.9538447
Ulaknet,0004,4.450477465,0.899844
UniC,0000,0.43675034,0.899962
UniC,0001,0.781325053,0.900048
UniC,0002,0.591249775,0.8999625
UniC,0003,1.022604126,0.899969
UniC,0004,0.458528678,0.899962
Uninet,0000,0.114750458,0.9000182777777778
Uninet,0001,0.209194901,0.8999995000000001
Uninet,0002,1.300461034,0.9000516666666667
Uninet,0003,0.15947017,0.9000831666666665
Uninet,0004,0.880245441,0.9000475
Uninett2010,0000,66.220706611,0.899835
Uninett2010,0001,42.860116597,0.899832
Uninett2010,0002,93.773099992,0.9000294999999998
Uninett2010,0003,39.401776634,0.899827
Uninett2010,0004,130.289808497,0.900036
Uninett2011,0000,27.563605317,0.899926
Uninett2011,0001,40.499802773,0.899928
Uninett2011,0002,20.755876067,0.899952
Uninett2011,0003,27.995334594,0.90094
Uninett2011,0004,43.204293769,0.9013105
Uran,0000,0.342041289,1.252659
Uran,0001,0.27990052,1.201474
Uran,0002,0.281284085,1.237587
Uran,0003,0.380012386,0.899945
Uran,0004,0.256942808,1.236725
UsCarrier,0000,1810.246169513,0.8988465
UsCarrier,0001,1809.955587273,1.7410638125
UsCarrier,0002,1810.181891816,1.783664125
UsCarrier,0003,1809.800234552,1.83925825
UsCarrier,0004,1645.010578058,0.898691375
UsSignal,0000,127.645191065,0.899863125
UsSignal,0001,76.353363492,0.899943875
UsSignal,0002,91.588220185,0.899923
UsSignal,0003,103.345807777,0.8998945833333334
UsSignal,0004,90.225512941,0.89993625
Uunet,0000,4.369001355,0.8987166666666667
Uunet,0001,4.173614155,0.8987005555555554
Uunet,0002,12.593942207,0.898675925925926
Uunet,0003,21.537748788,0.8989037037037038
Uunet,0004,10.584972605,0.8986888888888889
Vinaren,0000,0.165971697,0.8994774193548387
Vinaren,0001,0.154313271,0.8995290322580645
Vinaren,0002,0.159865862,0.8995032258064516
Vinaren,0003,0.150872404,0.8994903225806452
Vinaren,0004,0.166367865,0.899541935483871
VisionNet,0000,0.183024838,0.899945
VisionNet,0001,0.163451863,0.899937
VisionNet,0002,0.180330396,0.899939
VisionNet,0003,0.194266918,0.899932
VisionNet,0004,0.163173569,0.89994
VtlWavenet2008,0000,92.806679952,0.89956175
VtlWavenet2008,0001,60.874597746,0.899591
VtlWavenet2008,0002,94.998545068,0.899621
VtlWavenet2008,0003,202.6273543,0.899568
VtlWavenet2008,0004,142.153325393,0.8995755
VtlWavenet2011,0000,347.748563335,0.899509
VtlWavenet2011,0001,658.882943322,0.8995585
VtlWavenet2011,0002,143.184256015,0.89957725
VtlWavenet2011,0003,144.216393389,0.899498
VtlWavenet2011,0004,135.872498152,0.89954075
WideJpn,0000,0.328863409,0.9899885
WideJpn,0001,0.252562936,0.899949
WideJpn,0002,0.2538714,0.9899915
WideJpn,0003,0.232450581,0.899945
WideJpn,0004,0.248868842,0.989989
Xeex,0000,1.017945124,0.9000545
Xeex,0001,53.8528148,0.935217
Xeex,0002,0.984009345,0.900045
Xeex,0003,70.965630675,0.925458
Xeex,0004,2.224101504,0.935389
Xspedius,0000,3.849617791,0.9000416666666666
Xspedius,0001,2.640277935,0.90000825
Xspedius,0002,2.086531878,0.900047
Xspedius,0003,2.041959582,0.9000435
Xspedius,0004,2.672882611,0.9000187083333334
York,0000,0.614870183,0.9000245
York,0001,0.5583467,0.900011
York,0002,0.697856482,0.899999
York,0003,0.407280047,0.900026
York,0004,0.471558261,0.899989
Zamren,0000,0.385292331,0.89855
Zamren,0001,0.401685108,0.89854
Zamren,0002,0.54408516,0.89852
Zamren,0003,0.482204488,0.89848
Zamren,0004,0.455633132,0.89863
